mysqldump: [Warning] Using a password on the command line interface can be insecure.
-- MySQL dump 10.13  Distrib 8.0.45, for Linux (x86_64)
--
-- Host: localhost    Database: laravel_app
-- ------------------------------------------------------
-- Server version	8.0.45-0ubuntu0.22.04.1

/*!40101 SET @OLD_CHARACTER_SET_CLIENT=@@CHARACTER_SET_CLIENT */;
/*!40101 SET @OLD_CHARACTER_SET_RESULTS=@@CHARACTER_SET_RESULTS */;
/*!40101 SET @OLD_COLLATION_CONNECTION=@@COLLATION_CONNECTION */;
/*!50503 SET NAMES utf8mb4 */;
/*!40103 SET @OLD_TIME_ZONE=@@TIME_ZONE */;
/*!40103 SET TIME_ZONE='+00:00' */;
/*!40014 SET @OLD_UNIQUE_CHECKS=@@UNIQUE_CHECKS, UNIQUE_CHECKS=0 */;
/*!40014 SET @OLD_FOREIGN_KEY_CHECKS=@@FOREIGN_KEY_CHECKS, FOREIGN_KEY_CHECKS=0 */;
/*!40101 SET @OLD_SQL_MODE=@@SQL_MODE, SQL_MODE='NO_AUTO_VALUE_ON_ZERO' */;
/*!40111 SET @OLD_SQL_NOTES=@@SQL_NOTES, SQL_NOTES=0 */;
mysqldump: Error: 'Access denied; you need (at least one of) the PROCESS privilege(s) for this operation' when trying to dump tablespaces

--
-- Table structure for table `ai_messages`
--

DROP TABLE IF EXISTS `ai_messages`;
/*!40101 SET @saved_cs_client     = @@character_set_client */;
/*!50503 SET character_set_client = utf8mb4 */;
CREATE TABLE `ai_messages` (
  `id` bigint unsigned NOT NULL AUTO_INCREMENT,
  `session_id` bigint unsigned NOT NULL,
  `role` tinyint NOT NULL COMMENT '1:用户 2:AI助手',
  `input_type` tinyint NOT NULL DEFAULT '1' COMMENT '1:文字 2:语音 3:图片 4:混合',
  `raw_content` text CHARACTER SET utf8mb4 COLLATE utf8mb4_unicode_ci COMMENT '原始文字输入',
  `voice_url` varchar(500) CHARACTER SET utf8mb4 COLLATE utf8mb4_unicode_ci DEFAULT NULL,
  `image_urls` json DEFAULT NULL,
  `transcribed_text` text CHARACTER SET utf8mb4 COLLATE utf8mb4_unicode_ci COMMENT '语音转文字结果',
  `ocr_text` text CHARACTER SET utf8mb4 COLLATE utf8mb4_unicode_ci COMMENT '图片OCR结果',
  `ai_response` text CHARACTER SET utf8mb4 COLLATE utf8mb4_unicode_ci,
  `intent` varchar(100) CHARACTER SET utf8mb4 COLLATE utf8mb4_unicode_ci DEFAULT NULL COMMENT '识别的意图类型',
  `entities` json DEFAULT NULL COMMENT '提取的实体（商品名、数量等）',
  `confidence` decimal(5,4) DEFAULT NULL COMMENT '意图置信度',
  `dispatched_module` varchar(50) CHARACTER SET utf8mb4 COLLATE utf8mb4_unicode_ci DEFAULT NULL COMMENT '分发到的功能模块',
  `dispatched_action_id` bigint unsigned DEFAULT NULL COMMENT '触发的业务记录ID',
  `processing_time_ms` int DEFAULT NULL,
  `created_at` timestamp NOT NULL DEFAULT CURRENT_TIMESTAMP,
  PRIMARY KEY (`id`),
  KEY `ai_messages_session_id_index` (`session_id`),
  KEY `ai_messages_intent_created_at_index` (`intent`,`created_at`),
  CONSTRAINT `ai_messages_session_id_foreign` FOREIGN KEY (`session_id`) REFERENCES `ai_sessions` (`id`) ON DELETE CASCADE
) ENGINE=InnoDB AUTO_INCREMENT=115 DEFAULT CHARSET=utf8mb4 COLLATE=utf8mb4_unicode_ci;
/*!40101 SET character_set_client = @saved_cs_client */;

--
-- Dumping data for table `ai_messages`
--

LOCK TABLES `ai_messages` WRITE;
/*!40000 ALTER TABLE `ai_messages` DISABLE KEYS */;
INSERT INTO `ai_messages` VALUES (1,1,1,1,'测试连接',NULL,NULL,NULL,NULL,NULL,'other','[]',NULL,NULL,NULL,NULL,'2026-03-21 22:59:53'),(2,1,2,1,NULL,NULL,NULL,NULL,NULL,'AI服务暂时不可用，请稍后重试。',NULL,NULL,NULL,'inventory',NULL,167,'2026-03-21 22:59:53'),(3,2,1,1,'今天下午到货了50斤苹果，请帮我录入库存',NULL,NULL,NULL,NULL,NULL,'other','[]',NULL,NULL,NULL,NULL,'2026-03-30 20:22:14'),(4,2,2,1,NULL,NULL,NULL,NULL,NULL,'AI服务暂时不可用，请稍后重试。',NULL,NULL,NULL,'inventory',NULL,128,'2026-03-30 20:22:14'),(5,3,1,1,'今天下午有50斤苹果到货了',NULL,NULL,NULL,NULL,NULL,'other','[]',NULL,NULL,NULL,NULL,'2026-03-30 20:22:18'),(6,3,2,1,NULL,NULL,NULL,NULL,NULL,'AI服务暂时不可用，请稍后重试。',NULL,NULL,NULL,'inventory',NULL,64,'2026-03-30 20:22:18'),(7,4,1,1,'今天下午有50斤苹果到货了',NULL,NULL,NULL,NULL,NULL,'other','[]',NULL,NULL,NULL,NULL,'2026-03-30 20:22:38'),(8,4,2,1,NULL,NULL,NULL,NULL,NULL,'AI服务暂时不可用，请稍后重试。',NULL,NULL,NULL,'inventory',NULL,61,'2026-03-30 20:22:38'),(9,5,1,1,'猪五花肉卖掉10斤',NULL,NULL,NULL,NULL,NULL,'other','[]',NULL,NULL,NULL,NULL,'2026-03-30 20:43:14'),(10,5,2,1,NULL,NULL,NULL,NULL,NULL,'AI服务暂时不可用，请稍后重试。',NULL,NULL,NULL,'inventory',NULL,77,'2026-03-30 20:43:14'),(11,6,1,1,'今天苹果到货50斤',NULL,NULL,NULL,NULL,NULL,'other','[]',NULL,NULL,NULL,NULL,'2026-03-30 21:22:10'),(12,6,2,1,NULL,NULL,NULL,NULL,NULL,'AI服务暂时不可用，请稍后重试。',NULL,NULL,NULL,'inventory',NULL,99,'2026-03-30 21:22:10'),(13,7,1,1,'卖了5斤番茄',NULL,NULL,NULL,NULL,NULL,'other','[]',NULL,NULL,NULL,NULL,'2026-03-30 21:27:34'),(14,7,2,1,NULL,NULL,NULL,NULL,NULL,'AI服务暂时不可用，请稍后重试。',NULL,NULL,NULL,'inventory',NULL,70,'2026-03-30 21:27:34'),(15,8,1,1,'苹果卖完了',NULL,NULL,NULL,NULL,NULL,'other','[]',NULL,NULL,NULL,NULL,'2026-03-30 21:43:45'),(16,8,2,1,NULL,NULL,NULL,NULL,NULL,'AI服务暂时不可用，请稍后重试。',NULL,NULL,NULL,'inventory',NULL,84,'2026-03-30 21:43:45'),(17,9,1,1,'现在，番茄卖得很慢',NULL,NULL,NULL,NULL,NULL,'other','[]',NULL,NULL,NULL,NULL,'2026-03-31 00:49:04'),(18,9,2,1,NULL,NULL,NULL,NULL,NULL,'AI服务暂时不可用，请稍后重试。',NULL,NULL,NULL,'inventory',NULL,94,'2026-03-31 00:49:04'),(19,10,1,1,'',NULL,NULL,NULL,NULL,NULL,'other','[]',NULL,NULL,NULL,NULL,'2026-03-31 23:38:14'),(20,10,2,1,NULL,NULL,NULL,NULL,NULL,'AI服务暂时不可用，请稍后重试。',NULL,NULL,NULL,'inventory',NULL,65,'2026-03-31 23:38:14'),(21,11,1,1,'今天到货：野生苹果1件、小台芒1件、耙耙柑2件、香蕉1件、牛奶蕉1件、赣南脐橙1件、散装枇杷2件、精品草莓2件、袋装金桔2件、油柑1件、小青橘0.5件、带叶沃柑1件、菠萝1件、大木瓜1件',NULL,NULL,NULL,NULL,NULL,'other','[]',NULL,NULL,NULL,NULL,'2026-04-01 00:41:59'),(22,11,2,1,NULL,NULL,NULL,NULL,NULL,'AI服务暂时不可用，请稍后重试。',NULL,NULL,NULL,'inventory',NULL,63,'2026-04-01 00:41:59'),(23,12,1,1,'你好',NULL,NULL,NULL,NULL,NULL,'other','[]',NULL,NULL,NULL,NULL,'2026-04-26 10:30:32'),(24,12,2,1,NULL,NULL,NULL,NULL,NULL,'你好！有什么可以帮助你的吗？',NULL,NULL,NULL,'inventory',NULL,974,'2026-04-26 10:30:32'),(25,12,1,1,'今天天气怎么样',NULL,NULL,NULL,NULL,NULL,'other','[]',NULL,NULL,NULL,NULL,'2026-04-26 10:30:39'),(26,12,2,1,NULL,NULL,NULL,NULL,NULL,'已记录您的日常汇报，但未涉及库存信息。',NULL,NULL,NULL,'inventory',NULL,906,'2026-04-26 10:30:39'),(27,13,1,1,'你好',NULL,NULL,NULL,NULL,NULL,'other','[]',NULL,NULL,NULL,NULL,'2026-04-26 11:25:47'),(28,13,2,1,NULL,NULL,NULL,NULL,NULL,'你好！有什么可以帮助您的？',NULL,NULL,NULL,'inventory',NULL,819,'2026-04-26 11:25:47'),(29,13,1,1,'今天天气怎么样',NULL,NULL,NULL,NULL,NULL,'weather_query','[]',NULL,NULL,NULL,NULL,'2026-04-26 11:25:54'),(30,13,2,1,NULL,NULL,NULL,NULL,NULL,'☀️ 今天香港天气晴，26-32°C，湿度65%，降雨概率10%。天气炎热，注意生鲜冷藏，客流预计正常。',NULL,NULL,NULL,'inventory',NULL,1355,'2026-04-26 11:25:54'),(31,13,1,1,'今天进货多少',NULL,NULL,NULL,NULL,NULL,'other','[]',NULL,NULL,NULL,NULL,'2026-04-26 11:26:03'),(32,13,2,1,NULL,NULL,NULL,NULL,NULL,'请提供具体的进货商品和数量，例如“收到50斤胡萝卜”。',NULL,NULL,NULL,'inventory',NULL,1099,'2026-04-26 11:26:03'),(33,13,1,1,'今天进货情况是怎么样的',NULL,NULL,NULL,NULL,NULL,'other','[]',NULL,NULL,NULL,NULL,'2026-04-26 11:26:16'),(34,13,2,1,NULL,NULL,NULL,NULL,NULL,'您还没有提供具体的进货信息，请告诉我收到了哪些商品和数量，例如“收到50斤胡萝卜”。',NULL,NULL,NULL,'inventory',NULL,1082,'2026-04-26 11:26:16'),(35,14,1,1,'胡萝卜卖了10斤',NULL,NULL,NULL,NULL,NULL,'sale_report','[{\"qty\": 10, \"unit\": \"斤\", \"action\": \"sell\", \"product_name\": \"胡萝卜\"}]',NULL,NULL,NULL,NULL,'2026-04-27 12:58:36'),(36,14,2,1,NULL,NULL,NULL,NULL,NULL,'已记录胡萝卜售出10斤。',NULL,NULL,NULL,'inventory',NULL,1321,'2026-04-27 12:58:36'),(37,15,1,1,'胡萝卜卖了10斤',NULL,NULL,NULL,NULL,NULL,'sale_report','[{\"qty\": 10, \"unit\": \"斤\", \"action\": \"sell\", \"product_name\": \"胡萝卜\"}]',NULL,NULL,NULL,NULL,'2026-04-27 13:28:44'),(38,15,2,1,NULL,NULL,NULL,NULL,NULL,'已记录胡萝卜售出10斤。',NULL,NULL,NULL,'inventory',NULL,1339,'2026-04-27 13:28:45'),(39,16,1,1,'番茄卖了10斤',NULL,NULL,NULL,NULL,NULL,'sale_report','[{\"qty\": 10, \"unit\": \"斤\", \"action\": \"sell\", \"product_name\": \"番茄\"}]',NULL,NULL,NULL,NULL,'2026-04-27 13:56:48'),(40,16,2,1,NULL,NULL,NULL,NULL,NULL,'已记录番茄售出10斤。',NULL,NULL,NULL,'inventory',NULL,1465,'2026-04-27 13:56:48'),(41,17,1,4,'这是什么',NULL,'[\"[base64 image]\"]',NULL,NULL,NULL,'other','[]',NULL,NULL,NULL,NULL,'2026-04-27 13:56:58'),(42,17,2,1,NULL,NULL,NULL,NULL,NULL,'这是一张纯绿色的图片，请问有什么我可以帮您的吗？',NULL,NULL,NULL,'inventory',NULL,5556,'2026-04-27 13:56:58'),(43,18,1,1,'你現在在哪裡呀',NULL,NULL,NULL,NULL,NULL,'other','[]',NULL,NULL,NULL,NULL,'2026-04-27 14:05:18'),(44,18,2,1,NULL,NULL,NULL,NULL,NULL,'我是您的AI助手，没有实体位置哦。',NULL,NULL,NULL,'inventory',NULL,986,'2026-04-27 14:05:18'),(45,19,1,1,'你好',NULL,NULL,NULL,NULL,NULL,'other','[]',NULL,NULL,NULL,NULL,'2026-04-27 14:22:40'),(46,19,2,1,NULL,NULL,NULL,NULL,NULL,'你好！请问有什么可以帮您？',NULL,NULL,NULL,'inventory',NULL,3063,'2026-04-27 14:22:40'),(47,20,1,1,'白菜 又卖了22.6斤',NULL,NULL,NULL,NULL,NULL,'sale_report','[{\"qty\": 22.6, \"unit\": \"斤\", \"action\": \"sell\", \"product_name\": \"白菜\"}]',NULL,NULL,NULL,NULL,'2026-04-27 14:26:23'),(48,20,2,1,NULL,NULL,NULL,NULL,NULL,'已记录卖出22.6斤白菜。',NULL,NULL,NULL,'inventory',NULL,5717,'2026-04-27 14:26:23'),(49,21,1,1,'你好 你在哪里',NULL,NULL,NULL,NULL,NULL,'other','[]',NULL,NULL,NULL,NULL,'2026-04-27 14:58:49'),(50,21,2,1,NULL,NULL,NULL,NULL,NULL,'我是舌尖香港AI助手，随时为您服务。',NULL,NULL,NULL,'inventory',NULL,4611,'2026-04-27 14:58:49'),(51,22,1,1,'今日草莓半斤坏果',NULL,NULL,NULL,NULL,NULL,'waste_report','[{\"qty\": 0.5, \"unit\": \"斤\", \"action\": \"out\", \"product_name\": \"草莓\"}]',NULL,NULL,NULL,NULL,'2026-04-28 05:08:01'),(52,22,2,1,NULL,NULL,NULL,NULL,NULL,'已记录草莓损耗半斤。',NULL,NULL,NULL,'inventory',NULL,11727,'2026-04-28 05:08:01'),(53,22,1,1,'给我一个进货建议',NULL,NULL,NULL,NULL,NULL,'other','[]',NULL,NULL,NULL,NULL,'2026-04-28 05:14:29'),(54,22,2,1,NULL,NULL,NULL,NULL,NULL,'抱歉，我目前无法提供进货建议，请提供具体数据或使用其他功能。',NULL,NULL,NULL,'inventory',NULL,6531,'2026-04-28 05:14:29'),(55,22,1,1,'苹果还剩20斤，有什么建议？',NULL,NULL,NULL,NULL,NULL,'remaining','[{\"qty\": 20, \"unit\": \"斤\", \"action\": \"remaining\", \"product_name\": \"苹果\"}]',NULL,NULL,NULL,NULL,'2026-04-28 05:31:17'),(56,22,2,1,NULL,NULL,NULL,NULL,NULL,'已记录苹果剩余20斤。建议根据销售情况及时补货或安排促销。',NULL,NULL,NULL,'inventory',NULL,10949,'2026-04-28 05:31:17'),(57,23,1,1,'你好',NULL,NULL,NULL,NULL,NULL,'other','[]',NULL,NULL,NULL,NULL,'2026-04-28 23:51:01'),(58,23,2,1,NULL,NULL,NULL,NULL,NULL,'你好，有什么可以帮您？',NULL,NULL,NULL,'inventory',NULL,3151,'2026-04-28 23:51:01'),(59,24,1,1,'苹果卖完了',NULL,NULL,NULL,NULL,NULL,'sold_out','[{\"qty\": 0, \"unit\": \"斤\", \"action\": \"sold_out\", \"product_name\": \"苹果\"}]',NULL,NULL,NULL,NULL,'2026-04-29 00:19:43'),(60,24,2,1,NULL,NULL,NULL,NULL,NULL,'已记录苹果卖完了',NULL,NULL,NULL,'inventory',NULL,5094,'2026-04-29 00:19:43'),(61,25,1,1,'上传进货单',NULL,NULL,NULL,NULL,NULL,'purchase_receipt','[{\"qty\": 50, \"unit\": \"斤\", \"action\": \"in\", \"product_name\": \"番茄\"}, {\"qty\": 30, \"unit\": \"斤\", \"action\": \"in\", \"product_name\": \"胡萝卜\"}]',NULL,NULL,NULL,NULL,'2026-05-10 21:30:37'),(62,25,2,1,NULL,NULL,NULL,NULL,NULL,'我识别到这是一张进货单，共2种商品：番茄50斤、胡萝卜30斤。已为您录入，如有出入请告知。',NULL,NULL,NULL,'inventory',NULL,7697,'2026-05-10 21:30:37'),(63,25,1,1,'上传了什么',NULL,NULL,NULL,NULL,NULL,'other','[]',NULL,NULL,NULL,NULL,'2026-05-10 21:31:00'),(64,25,2,1,NULL,NULL,NULL,NULL,NULL,'您尚未上传图片',NULL,NULL,NULL,'inventory',NULL,7869,'2026-05-10 21:31:00'),(65,25,1,1,'你現在在哪裡呀',NULL,NULL,NULL,NULL,NULL,'other','[]',NULL,NULL,NULL,NULL,'2026-05-10 21:34:08'),(66,25,2,1,NULL,NULL,NULL,NULL,NULL,'我是您的线上门店助手，随时在这里为您服务哦！',NULL,NULL,NULL,'inventory',NULL,6206,'2026-05-10 21:34:08'),(67,26,1,3,'',NULL,'[\"[base64 image]\"]',NULL,NULL,NULL,'purchase_receipt','[{\"qty\": 50, \"unit\": \"斤\", \"action\": \"in\", \"product_name\": \"番茄\"}, {\"qty\": 30, \"unit\": \"斤\", \"action\": \"in\", \"product_name\": \"胡萝卜\"}]',NULL,NULL,NULL,NULL,'2026-05-10 21:36:12'),(68,26,2,1,NULL,NULL,NULL,NULL,NULL,'我识别到这是一张进货记录，共2种商品：番茄50斤、胡萝卜30斤。已为您录入，如有出入请告知。',NULL,NULL,NULL,'inventory',NULL,5976,'2026-05-10 21:36:12'),(69,27,1,1,'天气怎么样',NULL,NULL,NULL,NULL,NULL,'weather_query','[]',NULL,NULL,NULL,NULL,'2026-05-10 21:39:43'),(70,27,2,1,NULL,NULL,NULL,NULL,NULL,'正在为您查询天气…',NULL,NULL,NULL,'inventory',NULL,3345,'2026-05-10 21:39:43'),(71,28,1,3,'',NULL,'[\"[base64 image]\"]',NULL,NULL,NULL,'purchase_receipt','[{\"qty\": 50, \"unit\": \"斤\", \"action\": \"in\", \"product_name\": \"番茄\"}, {\"qty\": 30, \"unit\": \"斤\", \"action\": \"in\", \"product_name\": \"胡萝卜\"}]',NULL,NULL,NULL,NULL,'2026-05-10 21:41:39'),(72,28,2,1,NULL,NULL,NULL,NULL,NULL,'我识别到这是一张进货单，共2种商品：番茄50斤、胡萝卜30斤。已为您录入，如有出入请告知。',NULL,NULL,NULL,'inventory',NULL,5349,'2026-05-10 21:41:39'),(73,29,1,1,'今日进了什么火',NULL,NULL,NULL,NULL,NULL,'purchase_orders_query','[]',NULL,NULL,NULL,NULL,'2026-05-10 21:50:16'),(74,29,2,1,NULL,NULL,NULL,NULL,NULL,'正在为您查询…',NULL,NULL,NULL,'inventory',NULL,5528,'2026-05-10 21:50:16'),(75,29,1,1,'今天的进货单可以看看吗',NULL,NULL,NULL,NULL,NULL,'purchase_orders_query','[]',NULL,NULL,NULL,NULL,'2026-05-10 21:50:56'),(76,29,2,1,NULL,NULL,NULL,NULL,NULL,'正在为您查询…',NULL,NULL,NULL,'inventory',NULL,29825,'2026-05-10 21:50:56'),(77,29,1,1,'你在哪里',NULL,NULL,NULL,NULL,NULL,'other','[]',NULL,NULL,NULL,NULL,'2026-05-10 21:55:24'),(78,29,2,1,NULL,NULL,NULL,NULL,NULL,'我是您的生鲜门店AI助手，就在您身边。',NULL,NULL,NULL,'inventory',NULL,3710,'2026-05-10 21:55:24'),(79,30,1,1,'进了10斤橙子',NULL,NULL,NULL,NULL,NULL,'purchase_receipt','[{\"qty\": 10, \"unit\": \"斤\", \"action\": \"in\", \"reason\": \"\", \"product_name\": \"橙子\"}]',NULL,NULL,NULL,NULL,'2026-05-10 23:21:55'),(80,30,2,1,NULL,NULL,NULL,NULL,NULL,'已记录进货10斤橙子',NULL,NULL,NULL,'inventory',NULL,6675,'2026-05-10 23:21:55'),(81,31,1,1,'有10斤白菜坏了',NULL,NULL,NULL,NULL,NULL,'waste_report','[{\"qty\": 10, \"unit\": \"斤\", \"action\": \"out\", \"reason\": \"变质\", \"product_name\": \"白菜\"}]',NULL,NULL,NULL,NULL,'2026-05-10 23:24:16'),(82,31,2,1,NULL,NULL,NULL,NULL,NULL,'已记录白菜损耗10斤',NULL,NULL,NULL,'inventory',NULL,6354,'2026-05-10 23:24:16'),(83,32,1,1,'你在哪里',NULL,NULL,NULL,NULL,NULL,'other','[]',NULL,NULL,NULL,NULL,'2026-05-10 23:53:50'),(84,32,2,1,NULL,NULL,NULL,NULL,NULL,'我是舌尖香港AI助手',NULL,NULL,NULL,'inventory',NULL,4204,'2026-05-10 23:53:50'),(85,33,1,1,'苹果损耗1斤',NULL,NULL,NULL,NULL,NULL,'waste_report','[{\"qty\": 1, \"unit\": \"斤\", \"action\": \"out\", \"reason\": \"变质\", \"product_name\": \"苹果\"}]',NULL,NULL,NULL,NULL,'2026-05-11 11:51:10'),(86,33,2,1,NULL,NULL,NULL,NULL,NULL,'已记录苹果损耗1斤',NULL,NULL,NULL,'inventory',NULL,6304,'2026-05-11 11:51:10'),(87,34,1,1,'苹果损耗一斤',NULL,NULL,NULL,NULL,NULL,'waste_report','[{\"qty\": 1, \"unit\": \"斤\", \"action\": \"out\", \"reason\": \"变质\", \"product_name\": \"苹果\"}]',NULL,NULL,NULL,NULL,'2026-05-11 11:51:22'),(88,34,2,1,NULL,NULL,NULL,NULL,NULL,'已记录苹果损耗1斤',NULL,NULL,NULL,'inventory',NULL,5366,'2026-05-11 11:51:22'),(89,35,1,1,'今天到货10斤胡萝卜，30斤猕猴桃',NULL,NULL,NULL,NULL,NULL,'purchase_receipt','[{\"qty\": 10, \"unit\": \"斤\", \"action\": \"in\", \"product_name\": \"胡萝卜\"}, {\"qty\": 30, \"unit\": \"斤\", \"action\": \"in\", \"product_name\": \"猕猴桃\"}]',NULL,NULL,NULL,NULL,'2026-05-11 12:00:58'),(90,35,2,1,NULL,NULL,NULL,NULL,NULL,'已录入到货：胡萝卜10斤、猕猴桃30斤。',NULL,NULL,NULL,'inventory',NULL,7096,'2026-05-11 12:00:58'),(91,35,1,1,'到货香蕉有2斤烂的',NULL,NULL,NULL,NULL,NULL,'waste_report','[{\"qty\": 2, \"unit\": \"斤\", \"action\": \"out\", \"reason\": \"变质\", \"product_name\": \"香蕉\"}]',NULL,NULL,NULL,NULL,'2026-05-11 12:01:53'),(92,35,2,1,NULL,NULL,NULL,NULL,NULL,'已记录香蕉损耗2斤（变质）',NULL,NULL,NULL,'inventory',NULL,6077,'2026-05-11 12:01:53'),(93,36,1,1,'今天苹果3点就卖完了',NULL,NULL,NULL,NULL,NULL,'sold_out','[{\"qty\": 0, \"unit\": \"斤\", \"action\": \"sold_out\", \"product_name\": \"苹果\"}]',NULL,NULL,NULL,NULL,'2026-05-11 12:28:44'),(94,36,2,1,NULL,NULL,NULL,NULL,NULL,'已记录苹果售罄',NULL,NULL,NULL,'inventory',NULL,16511,'2026-05-11 12:28:44'),(95,37,1,1,'今天橙子三点多就卖完了',NULL,NULL,NULL,NULL,NULL,'sold_out','[{\"qty\": 0, \"unit\": \"斤\", \"action\": \"sold_out\", \"reason\": \"\", \"product_name\": \"橙子\"}]',NULL,NULL,NULL,NULL,'2026-05-11 12:29:08'),(96,37,2,1,NULL,NULL,NULL,NULL,NULL,'已记录橙子卖完',NULL,NULL,NULL,'inventory',NULL,8035,'2026-05-11 12:29:08'),(97,38,1,4,'坏货记录',NULL,'[\"[base64 image]\"]',NULL,NULL,NULL,'waste_report','[{\"qty\": 1.095, \"unit\": \"斤\", \"action\": \"out\", \"reason\": \"变质\", \"product_name\": \"枇杷\"}, {\"qty\": 1, \"unit\": \"袋\", \"action\": \"out\", \"reason\": \"变质\", \"product_name\": \"辣椒叶300g\"}, {\"qty\": 1, \"unit\": \"袋\", \"action\": \"out\", \"reason\": \"变质\", \"product_name\": \"地瓜叶300g\"}, {\"qty\": 2.274, \"unit\": \"斤\", \"action\": \"out\", \"reason\": \"变质\", \"product_name\": \"西兰花\"}, {\"qty\": 1, \"unit\": \"袋\", \"action\": \"out\", \"reason\": \"变质\", \"product_name\": \"黄豆芽300g\"}, {\"qty\": 5.982, \"unit\": \"袋\", \"action\": \"out\", \"reason\": \"变质\", \"product_name\": \"番茄(粉)350g\"}, {\"qty\": 1, \"unit\": \"个\", \"action\": \"out\", \"reason\": \"变质\", \"product_name\": \"玉露香梨\"}]',NULL,NULL,NULL,NULL,'2026-05-11 13:02:17'),(98,38,2,1,NULL,NULL,NULL,NULL,NULL,'我识别到这是一张坏货记录单，共包含枇杷、辣椒叶、地瓜叶、西兰花、黄豆芽、番茄和玉露香梨。已为您录入损耗，如有出入请告知。',NULL,NULL,NULL,'inventory',NULL,15020,'2026-05-11 13:02:17'),(99,38,1,4,'枇杷坏货',NULL,'[\"[base64 image]\"]',NULL,NULL,NULL,'waste_report','[{\"qty\": 1.41, \"unit\": \"斤\", \"action\": \"out\", \"reason\": \"变质\", \"product_name\": \"枇杷\"}]',NULL,NULL,NULL,NULL,'2026-05-11 13:03:03'),(100,38,2,1,NULL,NULL,NULL,NULL,NULL,'识别到您称重的枇杷损耗为1.41斤，原因为变质。已为您录入损耗，如有出入请告知。',NULL,NULL,NULL,'inventory',NULL,7687,'2026-05-11 13:03:03'),(101,39,1,4,'入库',NULL,'[\"[base64 image]\"]',NULL,NULL,NULL,'purchase_receipt','[{\"qty\": 2, \"unit\": \"盒\", \"action\": \"in\", \"product_name\": \"上海麵350g\"}, {\"qty\": 2, \"unit\": \"盒\", \"action\": \"in\", \"product_name\": \"蝦米腸粉\"}, {\"qty\": 2, \"unit\": \"盒\", \"action\": \"in\", \"product_name\": \"白腸粉\"}, {\"qty\": 2, \"unit\": \"盒\", \"action\": \"in\", \"product_name\": \"油麵350g\"}, {\"qty\": 2, \"unit\": \"盒\", \"action\": \"in\", \"product_name\": \"雲吞麵 (幼) 350g\"}, {\"qty\": 2, \"unit\": \"盒\", \"action\": \"in\", \"product_name\": \"雲吞麵 (粗) 350g\"}, {\"qty\": 2, \"unit\": \"盒\", \"action\": \"in\", \"product_name\": \"河粉 (炒粉) 350g\"}]',NULL,NULL,NULL,NULL,'2026-05-11 13:04:20'),(102,39,2,1,NULL,NULL,NULL,NULL,NULL,'我识别到这是一张5月11日的进货单，共7种商品：上海面、虾米肠粉、白肠粉、油面、云吞面(幼/粗)及河粉各2盒。已为您录入，如有出入请告知。',NULL,NULL,NULL,'inventory',NULL,8480,'2026-05-11 13:04:20'),(103,39,1,4,'入库',NULL,'[\"[base64 image]\"]',NULL,NULL,NULL,'purchase_receipt','[{\"qty\": 1, \"unit\": \"件\", \"action\": \"in\", \"product_name\": \"牛油果\"}, {\"qty\": 1, \"unit\": \"件\", \"action\": \"in\", \"product_name\": \"榴莲番薯\"}, {\"qty\": 1, \"unit\": \"件\", \"action\": \"in\", \"product_name\": \"枇杷\"}, {\"qty\": 3, \"unit\": \"件\", \"action\": \"in\", \"product_name\": \"奇异果\"}, {\"qty\": 2, \"unit\": \"件\", \"action\": \"in\", \"product_name\": \"番石榴\"}]',NULL,NULL,NULL,NULL,'2026-05-11 13:04:51'),(104,39,2,1,NULL,NULL,NULL,NULL,NULL,'我识别到这是一张进货单，共5种商品：牛油果1件、榴莲番薯1件、枇杷1件、奇异果3件、番石榴2件。已为您录入，如有出入请告知。',NULL,NULL,NULL,'inventory',NULL,7436,'2026-05-11 13:04:51'),(105,40,1,1,'本周四至周六有雨，请提前提醒下单减量',NULL,NULL,NULL,NULL,NULL,'weather_query','[]',NULL,NULL,NULL,NULL,'2026-05-11 13:08:30'),(106,40,2,1,NULL,NULL,NULL,NULL,NULL,'正在为您查询天气…',NULL,NULL,NULL,'inventory',NULL,5710,'2026-05-11 13:08:30'),(107,41,1,1,'有什么应季的水果吗',NULL,NULL,NULL,NULL,NULL,'suggestions_query','[]',NULL,NULL,NULL,NULL,'2026-05-11 13:26:18'),(108,41,2,1,NULL,NULL,NULL,NULL,NULL,'正在为您查询…',NULL,NULL,NULL,'inventory',NULL,3574,'2026-05-11 13:26:18'),(109,42,1,4,'进货单',NULL,'[\"[base64 image]\"]',NULL,NULL,NULL,'purchase_receipt','[{\"qty\": 6, \"unit\": \"只\", \"action\": \"in\", \"product_name\": \"冰鲜清远鸡\"}, {\"qty\": 5, \"unit\": \"只\", \"action\": \"in\", \"product_name\": \"冰鲜竹丝鸡\"}]',NULL,NULL,NULL,NULL,'2026-05-11 13:35:31'),(110,42,2,1,NULL,NULL,NULL,NULL,NULL,'我识别到这是一张5月13日的进货单，共2种商品：冰鲜清远鸡6只、冰鲜竹丝鸡5只。已为您录入，如有出入请告知。',NULL,NULL,NULL,'inventory',NULL,11048,'2026-05-11 13:35:31'),(111,43,1,4,'蔬菜进货单',NULL,'[\"[base64 image]\"]',NULL,NULL,NULL,'purchase_receipt','[{\"qty\": 8, \"unit\": \"包\", \"action\": \"in\", \"product_name\": \"娃娃菜\"}, {\"qty\": 5, \"unit\": \"斤\", \"action\": \"in\", \"product_name\": \"大白菜\"}, {\"qty\": 8, \"unit\": \"斤\", \"action\": \"in\", \"product_name\": \"小旺菜\"}, {\"qty\": 12, \"unit\": \"斤\", \"action\": \"in\", \"product_name\": \"京包\"}, {\"qty\": 6, \"unit\": \"斤\", \"action\": \"in\", \"product_name\": \"椰菜花\"}, {\"qty\": 15, \"unit\": \"斤\", \"action\": \"in\", \"product_name\": \"西蘭花\"}, {\"qty\": 2, \"unit\": \"包\", \"action\": \"in\", \"product_name\": \"水東芥菜\"}, {\"qty\": 5, \"unit\": \"包\", \"action\": \"in\", \"product_name\": \"青通\"}, {\"qty\": 3, \"unit\": \"包\", \"action\": \"in\", \"product_name\": \"上海青苗\"}, {\"qty\": 3, \"unit\": \"包\", \"action\": \"in\", \"product_name\": \"菜心\"}, {\"qty\": 20, \"unit\": \"斤\", \"action\": \"in\", \"product_name\": \"冬瓜\"}, {\"qty\": 5, \"unit\": \"斤\", \"action\": \"in\", \"product_name\": \"苦瓜\"}, {\"qty\": 6, \"unit\": \"斤\", \"action\": \"in\", \"product_name\": \"南瓜\"}, {\"qty\": 3, \"unit\": \"斤\", \"action\": \"in\", \"product_name\": \"西葫蘆瓜\"}, {\"qty\": 6, \"unit\": \"斤\", \"action\": \"in\", \"product_name\": \"茄子\"}, {\"qty\": 2, \"unit\": \"斤\", \"action\": \"in\", \"product_name\": \"長水瓜\"}, {\"qty\": 8, \"unit\": \"包\", \"action\": \"in\", \"product_name\": \"甜玉米\"}, {\"qty\": 3, \"unit\": \"包\", \"action\": \"in\", \"product_name\": \"白白菜\"}, {\"qty\": 2, \"unit\": \"碟\", \"action\": \"in\", \"product_name\": \"荷蘭豆\"}, {\"qty\": 2, \"unit\": \"碟\", \"action\": \"in\", \"product_name\": \"板栗肉\"}, {\"qty\": 2, \"unit\": \"盒\", \"action\": \"in\", \"product_name\": \"甜豆(盒)\"}, {\"qty\": 4, \"unit\": \"斤\", \"action\": \"in\", \"product_name\": \"甜豆\"}, {\"qty\": 2, \"unit\": \"斤\", \"action\": \"in\", \"product_name\": \"青蘿蔔\"}, {\"qty\": 5, \"unit\": \"斤\", \"action\": \"in\", \"product_name\": \"白蘿蔔\"}, {\"qty\": 10, \"unit\": \"斤\", \"action\": \"in\", \"product_name\": \"泥紅蘿蔔\"}, {\"qty\": 12, \"unit\": \"斤\", \"action\": \"in\", \"product_name\": \"紅蘿蔔\"}, {\"qty\": 2, \"unit\": \"斤\", \"action\": \"in\", \"product_name\": \"紅菜頭\"}, {\"qty\": 3, \"unit\": \"包\", \"action\": \"in\", \"product_name\": \"鮮鐵棍淮山\"}, {\"qty\": 7, \"unit\": \"斤\", \"action\": \"in\", \"product_name\": \"馬鈴薯\"}, {\"qty\": 3, \"unit\": \"斤\", \"action\": \"in\", \"product_name\": \"芋頭\"}, {\"qty\": 8, \"unit\": \"盒\", \"action\": \"in\", \"product_name\": \"綠豆芽\"}, {\"qty\": 6, \"unit\": \"盒\", \"action\": \"in\", \"product_name\": \"黃豆芽\"}, {\"qty\": 2, \"unit\": \"斤\", \"action\": \"in\", \"product_name\": \"鮮黑木耳\"}, {\"qty\": 5, \"unit\": \"碟\", \"action\": \"in\", \"product_name\": \"白蘑菇\"}, {\"qty\": 5, \"unit\": \"碟\", \"action\": \"in\", \"product_name\": \"木耳\"}, {\"qty\": 2, \"unit\": \"包\", \"action\": \"in\", \"product_name\": \"螺絲椒\"}, {\"qty\": 2, \"unit\": \"包\", \"action\": \"in\", \"product_name\": \"湖南椒\"}, {\"qty\": 2, \"unit\": \"斤\", \"action\": \"in\", \"product_name\": \"大蔥\"}, {\"qty\": 7, \"unit\": \"斤\", \"action\": \"in\", \"product_name\": \"西芹\"}, {\"qty\": 5, \"unit\": \"包\", \"action\": \"in\", \"product_name\": \"韭王\"}, {\"qty\": 5, \"unit\": \"包\", \"action\": \"in\", \"product_name\": \"韭菜\"}, {\"qty\": 5, \"unit\": \"斤\", \"action\": \"in\", \"product_name\": \"白洋蔥\"}, {\"qty\": 2, \"unit\": \"斤\", \"action\": \"in\", \"product_name\": \"紅洋蔥\"}, {\"qty\": 4, \"unit\": \"盒\", \"action\": \"in\", \"product_name\": \"沙律菜\"}, {\"qty\": 2, \"unit\": \"包\", \"action\": \"in\", \"product_name\": \"杭白菜\"}, {\"qty\": 10, \"unit\": \"包\", \"action\": \"in\", \"product_name\": \"菠菜\"}, {\"qty\": 4, \"unit\": \"包\", \"action\": \"in\", \"product_name\": \"枸杞葉\"}, {\"qty\": 3, \"unit\": \"斤\", \"action\": \"in\", \"product_name\": \"毛瓜\"}, {\"qty\": 5, \"unit\": \"斤\", \"action\": \"in\", \"product_name\": \"青瓜\"}, {\"qty\": 3, \"unit\": \"包\", \"action\": \"in\", \"product_name\": \"黃秋葵\"}, {\"qty\": 3, \"unit\": \"斤\", \"action\": \"in\", \"product_name\": \"蓮藕\"}, {\"qty\": 5, \"unit\": \"袋\", \"action\": \"in\", \"product_name\": \"小土豆\"}, {\"qty\": 2, \"unit\": \"袋\", \"action\": \"in\", \"product_name\": \"芋仔\"}, {\"qty\": 3, \"unit\": \"包\", \"action\": \"in\", \"product_name\": \"金針菇\"}, {\"qty\": 5, \"unit\": \"碟\", \"action\": \"in\", \"product_name\": \"冬菇\"}, {\"qty\": 3, \"unit\": \"盒\", \"action\": \"in\", \"product_name\": \"杏鮑菇\"}, {\"qty\": 2, \"unit\": \"盒\", \"action\": \"in\", \"product_name\": \"蟹味菇\"}, {\"qty\": 3, \"unit\": \"盒\", \"action\": \"in\", \"product_name\": \"白玉菇\"}, {\"qty\": 2, \"unit\": \"盒\", \"action\": \"in\", \"product_name\": \"水果椒\"}, {\"qty\": 2, \"unit\": \"盒\", \"action\": \"in\", \"product_name\": \"指天椒\"}, {\"qty\": 2, \"unit\": \"包\", \"action\": \"in\", \"product_name\": \"三色彩椒\"}, {\"qty\": 2, \"unit\": \"袋\", \"action\": \"in\", \"product_name\": \"生薑\"}, {\"qty\": 3, \"unit\": \"袋\", \"action\": \"in\", \"product_name\": \"蒜頭\"}, {\"qty\": 5, \"unit\": \"包\", \"action\": \"in\", \"product_name\": \"芹菜\"}, {\"qty\": 5, \"unit\": \"包\", \"action\": \"in\", \"product_name\": \"紅蔥\"}, {\"qty\": 5, \"unit\": \"包\", \"action\": \"in\", \"product_name\": \"芫茜\"}, {\"qty\": 2, \"unit\": \"包\", \"action\": \"in\", \"product_name\": \"真空淮山肉\"}, {\"qty\": 2, \"unit\": \"碟\", \"action\": \"in\", \"product_name\": \"秀珍菇\"}, {\"qty\": 2, \"unit\": \"斤\", \"action\": \"in\", \"product_name\": \"萵筍\"}, {\"qty\": 2, \"unit\": \"包\", \"action\": \"in\", \"product_name\": \"雞毛菜\"}, {\"qty\": 4, \"unit\": \"包\", \"action\": \"in\", \"product_name\": \"百合四頭\"}, {\"qty\": 3, \"unit\": \"碟\", \"action\": \"in\", \"product_name\": \"毛豆仁\"}, {\"qty\": 2, \"unit\": \"碟\", \"action\": \"in\", \"product_name\": \"豌豆仁\"}, {\"qty\": 2, \"unit\": \"个\", \"action\": \"in\", \"product_name\": \"青木瓜\"}, {\"qty\": 2, \"unit\": \"包\", \"action\": \"in\", \"product_name\": \"人參白薯\"}]',NULL,NULL,NULL,NULL,'2026-05-11 13:38:53'),(112,43,2,1,NULL,NULL,NULL,NULL,NULL,'识别到5月13日的蔬菜进货单，共识别到75项商品，包括娃娃菜、大白菜、冬瓜、西兰花等。已为您录入进货记录，如有出入请告知。',NULL,NULL,NULL,'inventory',NULL,35877,'2026-05-11 13:38:53'),(113,43,1,1,'把所有草莓的情况给我展示一下',NULL,NULL,NULL,NULL,NULL,'inventory_query','[]',NULL,NULL,NULL,NULL,'2026-05-11 13:48:42'),(114,43,2,1,NULL,NULL,NULL,NULL,NULL,'正在为您查询草莓的库存情况…',NULL,NULL,NULL,'inventory',NULL,5091,'2026-05-11 13:48:42');
/*!40000 ALTER TABLE `ai_messages` ENABLE KEYS */;
UNLOCK TABLES;

--
-- Table structure for table `ai_sessions`
--

DROP TABLE IF EXISTS `ai_sessions`;
/*!40101 SET @saved_cs_client     = @@character_set_client */;
/*!50503 SET character_set_client = utf8mb4 */;
CREATE TABLE `ai_sessions` (
  `id` bigint unsigned NOT NULL AUTO_INCREMENT,
  `store_id` bigint unsigned NOT NULL,
  `user_id` bigint unsigned NOT NULL,
  `session_uuid` char(36) CHARACTER SET utf8mb4 COLLATE utf8mb4_unicode_ci NOT NULL,
  `channel` tinyint NOT NULL DEFAULT '1' COMMENT '1:APP语音 2:APP文字 3:企业微信 4:Web',
  `status` tinyint NOT NULL DEFAULT '1' COMMENT '1:进行中 2:已完成 3:异常',
  `started_at` timestamp NOT NULL DEFAULT CURRENT_TIMESTAMP,
  `ended_at` timestamp NULL DEFAULT NULL,
  `context` json DEFAULT NULL COMMENT '多轮对话上下文',
  `created_at` timestamp NULL DEFAULT NULL,
  `updated_at` timestamp NULL DEFAULT NULL,
  PRIMARY KEY (`id`),
  UNIQUE KEY `ai_sessions_session_uuid_unique` (`session_uuid`),
  KEY `ai_sessions_user_id_foreign` (`user_id`),
  KEY `ai_sessions_store_id_user_id_index` (`store_id`,`user_id`),
  KEY `ai_sessions_started_at_index` (`started_at`),
  CONSTRAINT `ai_sessions_store_id_foreign` FOREIGN KEY (`store_id`) REFERENCES `stores` (`id`) ON DELETE CASCADE,
  CONSTRAINT `ai_sessions_user_id_foreign` FOREIGN KEY (`user_id`) REFERENCES `users` (`id`) ON DELETE CASCADE
) ENGINE=InnoDB AUTO_INCREMENT=44 DEFAULT CHARSET=utf8mb4 COLLATE=utf8mb4_unicode_ci;
/*!40101 SET character_set_client = @saved_cs_client */;

--
-- Dumping data for table `ai_sessions`
--

LOCK TABLES `ai_sessions` WRITE;
/*!40000 ALTER TABLE `ai_sessions` DISABLE KEYS */;
INSERT INTO `ai_sessions` VALUES (1,1,1,'04a76b3d-2952-4160-a476-cf59b3e7bd14',2,1,'2026-03-21 22:59:53',NULL,NULL,'2026-03-21 22:59:53','2026-03-21 22:59:53'),(2,1,8,'c1669a74-93cf-47be-ab9c-6fe27f0bbb96',2,1,'2026-03-30 20:22:14',NULL,NULL,'2026-03-30 20:22:14','2026-03-30 20:22:14'),(3,1,8,'9bfd5857-1a12-4973-a1a7-6e36e361b399',2,1,'2026-03-30 20:22:18',NULL,NULL,'2026-03-30 20:22:18','2026-03-30 20:22:18'),(4,1,8,'d635de27-5577-4c0d-8158-6ba3915ea69b',2,1,'2026-03-30 20:22:38',NULL,NULL,'2026-03-30 20:22:38','2026-03-30 20:22:38'),(5,1,8,'1c6d9a63-3ca4-4487-82cd-d80b1c2f5aaa',2,1,'2026-03-30 20:43:14',NULL,NULL,'2026-03-30 20:43:14','2026-03-30 20:43:14'),(6,1,8,'cff40983-fd18-4629-852f-507c5bd4d197',2,1,'2026-03-30 21:22:10',NULL,NULL,'2026-03-30 21:22:10','2026-03-30 21:22:10'),(7,1,8,'c6e7d292-2d7a-4ca4-8833-21d4b1d982c2',2,1,'2026-03-30 21:27:34',NULL,NULL,'2026-03-30 21:27:34','2026-03-30 21:27:34'),(8,1,8,'77555e81-8ce8-44ec-9a02-12c91f8b279e',2,1,'2026-03-30 21:43:45',NULL,NULL,'2026-03-30 21:43:45','2026-03-30 21:43:45'),(9,2,9,'7f5959a7-f43b-433b-a902-a65b8db16e97',2,1,'2026-03-31 00:49:04',NULL,NULL,'2026-03-31 00:49:04','2026-03-31 00:49:04'),(10,2,9,'5260867c-c0f6-4bf3-babf-0b6406d183e4',2,1,'2026-03-31 23:38:14',NULL,NULL,'2026-03-31 23:38:14','2026-03-31 23:38:14'),(11,2,9,'4a2d5391-6c48-44fd-82d7-390c1c14bee6',2,1,'2026-04-01 00:41:59',NULL,NULL,'2026-04-01 00:41:59','2026-04-01 00:41:59'),(12,2,1,'e2c09c45-1d15-460f-b75e-61e3f7902c38',2,1,'2026-04-26 10:30:31',NULL,NULL,'2026-04-26 10:30:31','2026-04-26 10:30:31'),(13,1,12,'b18fa3f4-3076-4da4-91a2-d981fe3bd1e6',2,1,'2026-04-26 11:25:46',NULL,NULL,'2026-04-26 11:25:46','2026-04-26 11:25:46'),(14,1,12,'cc7f8ed0-0d29-4910-b2d5-1b39b15978d0',2,1,'2026-04-27 12:58:35',NULL,NULL,'2026-04-27 12:58:35','2026-04-27 12:58:35'),(15,1,12,'ff84527c-867e-4adc-b3ab-f1ea3ab95bcd',2,1,'2026-04-27 13:28:43',NULL,NULL,'2026-04-27 13:28:43','2026-04-27 13:28:43'),(16,2,1,'bbf3f188-f956-434d-b6d5-b18b9aa52a7e',2,1,'2026-04-27 13:56:47',NULL,NULL,'2026-04-27 13:56:47','2026-04-27 13:56:47'),(17,2,1,'d7d0b9d7-75c9-4a10-b02a-56dacd2ac0f7',2,1,'2026-04-27 13:56:53',NULL,NULL,'2026-04-27 13:56:53','2026-04-27 13:56:53'),(18,1,12,'5388c721-5355-49f3-b89a-5e2054d11b0d',2,1,'2026-04-27 14:05:17',NULL,NULL,'2026-04-27 14:05:17','2026-04-27 14:05:17'),(19,1,12,'de2cd2c6-0717-4656-b1b7-d2c340d3da0f',2,1,'2026-04-27 14:22:37',NULL,NULL,'2026-04-27 14:22:37','2026-04-27 14:22:37'),(20,1,12,'c65692e8-d0ae-403c-9fea-112ba9c2e776',2,1,'2026-04-27 14:26:17',NULL,NULL,'2026-04-27 14:26:17','2026-04-27 14:26:17'),(21,1,12,'fbb000cb-e865-45fa-8188-103773589883',2,1,'2026-04-27 14:58:45',NULL,NULL,'2026-04-27 14:58:45','2026-04-27 14:58:45'),(22,1,13,'3c2bddbf-783d-4205-88df-d6581b0222c6',2,1,'2026-04-28 05:07:50',NULL,NULL,'2026-04-28 05:07:50','2026-04-28 05:07:50'),(23,1,12,'b581f2f8-9a55-45d6-ba6b-45a6aaca08fe',2,1,'2026-04-28 23:50:58',NULL,NULL,'2026-04-28 23:50:58','2026-04-28 23:50:58'),(24,1,12,'088af4bb-1bca-4b56-9c35-10895a95f6ab',2,1,'2026-04-29 00:19:38',NULL,NULL,'2026-04-29 00:19:38','2026-04-29 00:19:38'),(25,1,12,'5e67ba4f-85cd-4d17-a082-e5a8e492b876',2,1,'2026-05-10 21:30:30',NULL,NULL,'2026-05-10 21:30:30','2026-05-10 21:30:30'),(26,1,12,'d343dee4-4fc6-47e8-9994-193d505308ff',3,1,'2026-05-10 21:36:06',NULL,NULL,'2026-05-10 21:36:06','2026-05-10 21:36:06'),(27,1,12,'0707152d-b559-48aa-b6d2-801328579111',2,1,'2026-05-10 21:39:40',NULL,NULL,'2026-05-10 21:39:40','2026-05-10 21:39:40'),(28,1,12,'bdc929c5-809f-4f38-b2e8-b421a239c18c',3,1,'2026-05-10 21:41:34',NULL,NULL,'2026-05-10 21:41:34','2026-05-10 21:41:34'),(29,1,12,'7d05ee38-907f-4472-a48d-72e71886549d',2,1,'2026-05-10 21:50:10',NULL,NULL,'2026-05-10 21:50:10','2026-05-10 21:50:10'),(30,1,12,'c5b022ce-139d-4297-85fe-ef9c5199d05c',2,1,'2026-05-10 23:21:48',NULL,NULL,'2026-05-10 23:21:48','2026-05-10 23:21:48'),(31,1,12,'76aa7849-b92d-4ef1-aede-52aefa8e0c88',2,1,'2026-05-10 23:24:10',NULL,NULL,'2026-05-10 23:24:10','2026-05-10 23:24:10'),(32,1,12,'f65906b5-5506-4d49-bee4-0af267c736f1',2,1,'2026-05-10 23:53:46',NULL,NULL,'2026-05-10 23:53:46','2026-05-10 23:53:46'),(33,1,12,'88caa41b-d53a-4086-87f9-4512e2fd5dff',2,1,'2026-05-11 11:51:03',NULL,NULL,'2026-05-11 11:51:03','2026-05-11 11:51:03'),(34,1,12,'f7778df5-e8cd-4902-8dcd-99ee5b25bccc',2,1,'2026-05-11 11:51:17',NULL,NULL,'2026-05-11 11:51:17','2026-05-11 11:51:17'),(35,1,13,'00777af5-a19f-4948-a986-051df8138fc2',2,1,'2026-05-11 12:00:50',NULL,NULL,'2026-05-11 12:00:50','2026-05-11 12:00:50'),(36,1,12,'733a8b90-779c-40fa-b795-84446015829f',2,1,'2026-05-11 12:28:27',NULL,NULL,'2026-05-11 12:28:27','2026-05-11 12:28:27'),(37,1,12,'8b82fce1-17c9-4078-a37a-d296a185adc8',2,1,'2026-05-11 12:29:00',NULL,NULL,'2026-05-11 12:29:00','2026-05-11 12:29:00'),(38,1,12,'777844e1-6a59-4cd8-9ff6-225783ea77c6',2,1,'2026-05-11 13:02:02',NULL,NULL,'2026-05-11 13:02:02','2026-05-11 13:02:02'),(39,1,12,'77206b98-e005-4b85-a500-7924cbc5dc39',2,1,'2026-05-11 13:04:12',NULL,NULL,'2026-05-11 13:04:12','2026-05-11 13:04:12'),(40,1,12,'e1d6a027-ad23-4536-83b4-ad8a7836cae2',2,1,'2026-05-11 13:08:24',NULL,NULL,'2026-05-11 13:08:24','2026-05-11 13:08:24'),(41,1,12,'a4700340-08f2-4355-98c1-dfd85f5cc64b',2,1,'2026-05-11 13:26:14',NULL,NULL,'2026-05-11 13:26:14','2026-05-11 13:26:14'),(42,2,1,'3b082dde-0714-4d84-96b3-904441b87484',2,1,'2026-05-11 13:35:20',NULL,NULL,'2026-05-11 13:35:20','2026-05-11 13:35:20'),(43,2,1,'075d95c1-b614-4d67-bfe9-06b92585cc64',2,1,'2026-05-11 13:38:17',NULL,NULL,'2026-05-11 13:38:17','2026-05-11 13:38:17');
/*!40000 ALTER TABLE `ai_sessions` ENABLE KEYS */;
UNLOCK TABLES;

--
-- Table structure for table `attendance_records`
--

DROP TABLE IF EXISTS `attendance_records`;
/*!40101 SET @saved_cs_client     = @@character_set_client */;
/*!50503 SET character_set_client = utf8mb4 */;
CREATE TABLE `attendance_records` (
  `id` bigint unsigned NOT NULL AUTO_INCREMENT,
  `employee_id` bigint unsigned NOT NULL,
  `store_id` bigint unsigned NOT NULL,
  `work_date` date NOT NULL,
  `scheduled_start` time DEFAULT NULL,
  `scheduled_end` time DEFAULT NULL,
  `clock_in_at` timestamp NULL DEFAULT NULL,
  `clock_out_at` timestamp NULL DEFAULT NULL,
  `clock_in_source` tinyint DEFAULT NULL COMMENT '1:APP 2:企业微信 3:人工补录',
  `work_hours` decimal(4,2) DEFAULT NULL,
  `overtime_hours` decimal(4,2) NOT NULL DEFAULT '0.00',
  `status` tinyint NOT NULL DEFAULT '1' COMMENT '1:正常 2:迟到 3:早退 4:缺勤 5:请假',
  `exception_reason` varchar(200) CHARACTER SET utf8mb4 COLLATE utf8mb4_unicode_ci DEFAULT NULL,
  `approved_by` bigint unsigned DEFAULT NULL,
  `created_at` timestamp NULL DEFAULT NULL,
  `updated_at` timestamp NULL DEFAULT NULL,
  PRIMARY KEY (`id`),
  UNIQUE KEY `attendance_records_employee_id_work_date_unique` (`employee_id`,`work_date`),
  KEY `attendance_records_approved_by_foreign` (`approved_by`),
  KEY `attendance_records_store_id_work_date_index` (`store_id`,`work_date`),
  CONSTRAINT `attendance_records_approved_by_foreign` FOREIGN KEY (`approved_by`) REFERENCES `users` (`id`) ON DELETE SET NULL,
  CONSTRAINT `attendance_records_employee_id_foreign` FOREIGN KEY (`employee_id`) REFERENCES `employees` (`id`) ON DELETE CASCADE,
  CONSTRAINT `attendance_records_store_id_foreign` FOREIGN KEY (`store_id`) REFERENCES `stores` (`id`) ON DELETE CASCADE
) ENGINE=InnoDB DEFAULT CHARSET=utf8mb4 COLLATE=utf8mb4_unicode_ci;
/*!40101 SET character_set_client = @saved_cs_client */;

--
-- Dumping data for table `attendance_records`
--

LOCK TABLES `attendance_records` WRITE;
/*!40000 ALTER TABLE `attendance_records` DISABLE KEYS */;
/*!40000 ALTER TABLE `attendance_records` ENABLE KEYS */;
UNLOCK TABLES;

--
-- Table structure for table `cache`
--

DROP TABLE IF EXISTS `cache`;
/*!40101 SET @saved_cs_client     = @@character_set_client */;
/*!50503 SET character_set_client = utf8mb4 */;
CREATE TABLE `cache` (
  `key` varchar(255) CHARACTER SET utf8mb4 COLLATE utf8mb4_unicode_ci NOT NULL,
  `value` mediumtext CHARACTER SET utf8mb4 COLLATE utf8mb4_unicode_ci NOT NULL,
  `expiration` int NOT NULL,
  PRIMARY KEY (`key`)
) ENGINE=InnoDB DEFAULT CHARSET=utf8mb4 COLLATE=utf8mb4_unicode_ci;
/*!40101 SET character_set_client = @saved_cs_client */;

--
-- Dumping data for table `cache`
--

LOCK TABLES `cache` WRITE;
/*!40000 ALTER TABLE `cache` DISABLE KEYS */;
INSERT INTO `cache` VALUES ('laravel-cache-livewire-rate-limiter:4993890cb763d1cefdb93682f816be940ff85dac','i:1;',1778651398),('laravel-cache-livewire-rate-limiter:4993890cb763d1cefdb93682f816be940ff85dac:timer','i:1778651398;',1778651398),('laravel-cache-livewire-rate-limiter:5d21e912eba2215bca12f237be08c329beacdada','i:1;',1778447833),('laravel-cache-livewire-rate-limiter:5d21e912eba2215bca12f237be08c329beacdada:timer','i:1778447833;',1778447833),('laravel-cache-livewire-rate-limiter:c50c74542ed38dbdd1f2325c184718d46ecf634a','i:2;',1778502231),('laravel-cache-livewire-rate-limiter:c50c74542ed38dbdd1f2325c184718d46ecf634a:timer','i:1778502231;',1778502231),('laravel-cache-livewire-rate-limiter:fd80050f159c3b3a8a8f8d3ea6db7dca4bc837d4','i:1;',1778502273),('laravel-cache-livewire-rate-limiter:fd80050f159c3b3a8a8f8d3ea6db7dca4bc837d4:timer','i:1778502273;',1778502273);
/*!40000 ALTER TABLE `cache` ENABLE KEYS */;
UNLOCK TABLES;

--
-- Table structure for table `cache_locks`
--

DROP TABLE IF EXISTS `cache_locks`;
/*!40101 SET @saved_cs_client     = @@character_set_client */;
/*!50503 SET character_set_client = utf8mb4 */;
CREATE TABLE `cache_locks` (
  `key` varchar(255) CHARACTER SET utf8mb4 COLLATE utf8mb4_unicode_ci NOT NULL,
  `owner` varchar(255) CHARACTER SET utf8mb4 COLLATE utf8mb4_unicode_ci NOT NULL,
  `expiration` int NOT NULL,
  PRIMARY KEY (`key`)
) ENGINE=InnoDB DEFAULT CHARSET=utf8mb4 COLLATE=utf8mb4_unicode_ci;
/*!40101 SET character_set_client = @saved_cs_client */;

--
-- Dumping data for table `cache_locks`
--

LOCK TABLES `cache_locks` WRITE;
/*!40000 ALTER TABLE `cache_locks` DISABLE KEYS */;
/*!40000 ALTER TABLE `cache_locks` ENABLE KEYS */;
UNLOCK TABLES;

--
-- Table structure for table `chat_logs`
--

DROP TABLE IF EXISTS `chat_logs`;
/*!40101 SET @saved_cs_client     = @@character_set_client */;
/*!50503 SET character_set_client = utf8mb4 */;
CREATE TABLE `chat_logs` (
  `id` bigint unsigned NOT NULL AUTO_INCREMENT,
  `agent_id` varchar(100) COLLATE utf8mb4_unicode_ci DEFAULT NULL,
  `direction` enum('inbound','outbound') COLLATE utf8mb4_unicode_ci NOT NULL,
  `channel` varchar(50) COLLATE utf8mb4_unicode_ci DEFAULT NULL,
  `account_id` varchar(100) COLLATE utf8mb4_unicode_ci DEFAULT NULL,
  `conversation_id` varchar(100) COLLATE utf8mb4_unicode_ci DEFAULT NULL,
  `message_id` varchar(100) COLLATE utf8mb4_unicode_ci DEFAULT NULL,
  `sender` varchar(200) COLLATE utf8mb4_unicode_ci DEFAULT NULL,
  `content` text COLLATE utf8mb4_unicode_ci,
  `success` tinyint(1) NOT NULL DEFAULT '1',
  `error_msg` varchar(500) COLLATE utf8mb4_unicode_ci DEFAULT NULL,
  `session_key` varchar(200) COLLATE utf8mb4_unicode_ci DEFAULT NULL,
  `occurred_at` timestamp NULL DEFAULT NULL,
  `created_at` timestamp NULL DEFAULT NULL,
  `updated_at` timestamp NULL DEFAULT NULL,
  PRIMARY KEY (`id`),
  KEY `chat_logs_agent_id_index` (`agent_id`),
  KEY `chat_logs_conversation_id_index` (`conversation_id`),
  KEY `chat_logs_occurred_at_index` (`occurred_at`)
) ENGINE=InnoDB AUTO_INCREMENT=210 DEFAULT CHARSET=utf8mb4 COLLATE=utf8mb4_unicode_ci;
/*!40101 SET character_set_client = @saved_cs_client */;

--
-- Dumping data for table `chat_logs`
--

LOCK TABLES `chat_logs` WRITE;
/*!40000 ALTER TABLE `chat_logs` DISABLE KEYS */;
INSERT INTO `chat_logs` VALUES (1,'test','inbound','telegram',NULL,NULL,NULL,NULL,'测试消息',1,NULL,NULL,'2026-04-06 23:51:00','2026-04-06 23:52:00','2026-04-06 23:52:00'),(2,NULL,'inbound','telegram','david2','telegram:7588358556','116','telegram:7588358556','重启了',1,NULL,'agent:david:telegram:direct:7588358556','2026-04-06 16:34:27','2026-04-07 00:34:27','2026-04-07 00:34:27'),(3,NULL,'outbound','telegram','david2','7588358556','117',NULL,NULL,1,NULL,'agent:david:telegram:direct:7588358556','2026-04-06 16:35:01','2026-04-07 00:35:01','2026-04-07 00:35:01'),(4,NULL,'outbound','telegram','david2','7588358556','118',NULL,NULL,1,NULL,'agent:david:telegram:direct:7588358556','2026-04-06 16:35:03','2026-04-07 00:35:03','2026-04-07 00:35:03'),(5,NULL,'outbound','telegram','david2','7588358556','119',NULL,NULL,1,NULL,'agent:david:telegram:direct:7588358556','2026-04-06 16:35:04','2026-04-07 00:35:04','2026-04-07 00:35:04'),(6,NULL,'outbound','telegram','david2','7588358556','120',NULL,NULL,1,NULL,'agent:david:telegram:direct:7588358556','2026-04-06 16:35:05','2026-04-07 00:35:05','2026-04-07 00:35:05'),(7,NULL,'outbound','telegram','david2','7588358556','121',NULL,NULL,1,NULL,'agent:david:telegram:direct:7588358556','2026-04-06 16:35:06','2026-04-07 00:35:06','2026-04-07 00:35:06'),(8,NULL,'inbound','telegram','david2','telegram:7588358556','122','telegram:7588358556','重启了',1,NULL,'agent:david:telegram:direct:7588358556','2026-04-06 16:35:31','2026-04-07 00:35:31','2026-04-07 00:35:31'),(9,NULL,'outbound','telegram','david2','7588358556','123',NULL,NULL,1,NULL,'agent:david:telegram:direct:7588358556','2026-04-06 16:35:58','2026-04-07 00:35:58','2026-04-07 00:35:58'),(10,NULL,'outbound','telegram','david2','7588358556','124',NULL,NULL,1,NULL,'agent:david:telegram:direct:7588358556','2026-04-06 16:35:59','2026-04-07 00:35:59','2026-04-07 00:35:59'),(11,NULL,'outbound','telegram','david2','7588358556','125',NULL,NULL,1,NULL,'agent:david:telegram:direct:7588358556','2026-04-06 16:36:00','2026-04-07 00:36:00','2026-04-07 00:36:00'),(12,NULL,'inbound','telegram','david2','telegram:7588358556','126','telegram:7588358556','好',1,NULL,'agent:david:telegram:direct:7588358556','2026-04-06 16:36:28','2026-04-07 00:36:28','2026-04-07 00:36:28'),(13,NULL,'outbound','telegram','david2','7588358556','127',NULL,NULL,1,NULL,'agent:david:telegram:direct:7588358556','2026-04-06 16:36:50','2026-04-07 00:36:50','2026-04-07 00:36:50'),(14,NULL,'outbound','telegram','david2','7588358556','128',NULL,NULL,1,NULL,'agent:david:telegram:direct:7588358556','2026-04-06 16:36:52','2026-04-07 00:36:52','2026-04-07 00:36:52'),(15,NULL,'inbound','telegram','david2','telegram:7588358556','129','telegram:7588358556','好',1,NULL,'agent:david:telegram:direct:7588358556','2026-04-06 16:36:56','2026-04-07 00:36:57','2026-04-07 00:36:57'),(16,'david','inbound','telegram','david2','telegram:7588358556','130','telegram:7588358556','重启了',1,NULL,'agent:david:telegram:direct:7588358556','2026-04-06 16:37:36','2026-04-07 00:37:36','2026-04-07 00:37:36'),(17,'david','outbound','telegram','david2','7588358556','131',NULL,NULL,1,NULL,'agent:david:telegram:direct:7588358556','2026-04-06 16:37:58','2026-04-07 00:37:58','2026-04-07 00:37:58'),(18,'david','outbound','telegram','david2','7588358556','132',NULL,NULL,1,NULL,'agent:david:telegram:direct:7588358556','2026-04-06 16:38:00','2026-04-07 00:38:00','2026-04-07 00:38:00'),(19,'david','inbound','telegram','david2','telegram:7588358556','133','telegram:7588358556','如何打包',1,NULL,'agent:david:telegram:direct:7588358556','2026-04-06 16:38:35','2026-04-07 00:38:35','2026-04-07 00:38:35'),(20,'david','outbound','telegram','david2','7588358556','134',NULL,NULL,1,NULL,'agent:david:telegram:direct:7588358556','2026-04-06 16:38:48','2026-04-07 00:38:48','2026-04-07 00:38:48'),(21,'david','outbound','telegram','david2','7588358556','135',NULL,NULL,1,NULL,'agent:david:telegram:direct:7588358556','2026-04-06 16:38:50','2026-04-07 00:38:50','2026-04-07 00:38:50'),(22,'david','inbound','telegram','david2','telegram:7588358556','136','telegram:7588358556','chat-logger-plugin.tgz 自带API_URL 和 API_TOKEN参数吗',1,NULL,'agent:david:telegram:direct:7588358556','2026-04-06 16:43:09','2026-04-07 00:43:09','2026-04-07 00:43:09'),(23,'david','outbound','telegram','david2','7588358556','137',NULL,NULL,1,NULL,'agent:david:telegram:direct:7588358556','2026-04-06 16:43:19','2026-04-07 00:43:20','2026-04-07 00:43:20'),(24,'david','inbound','telegram','david2','telegram:7588358556','138','telegram:7588358556','我如何下载chat-logger-plugin.tgz',1,NULL,'agent:david:telegram:direct:7588358556','2026-04-06 16:44:56','2026-04-07 00:44:56','2026-04-07 00:44:56'),(25,'david','outbound','telegram','david2','7588358556','139',NULL,NULL,1,NULL,'agent:david:telegram:direct:7588358556','2026-04-06 16:45:07','2026-04-07 00:45:07','2026-04-07 00:45:07'),(26,'david','inbound','telegram','david2','telegram:7588358556','140','telegram:7588358556','ssh',1,NULL,'agent:david:telegram:direct:7588358556','2026-04-06 16:45:11','2026-04-07 00:45:12','2026-04-07 00:45:12'),(27,'david','outbound','telegram','david2','7588358556','141',NULL,NULL,1,NULL,'agent:david:telegram:direct:7588358556','2026-04-06 16:45:19','2026-04-07 00:45:19','2026-04-07 00:45:19'),(28,'david','inbound','telegram','david2','telegram:7588358556','142','telegram:7588358556','在服务器执行呢',1,NULL,'agent:david:telegram:direct:7588358556','2026-04-06 16:45:39','2026-04-07 00:45:40','2026-04-07 00:45:40'),(29,'david','outbound','telegram','david2','7588358556','143',NULL,NULL,1,NULL,'agent:david:telegram:direct:7588358556','2026-04-06 16:45:50','2026-04-07 00:45:50','2026-04-07 00:45:50'),(30,'deepseek','inbound','telegram','deepseek','telegram:7588358556','94','telegram:7588358556','hi',1,NULL,'agent:deepseek:telegram:direct:7588358556','2026-04-06 16:55:24','2026-04-07 00:55:24','2026-04-07 00:55:24'),(31,'deepseek','outbound','telegram','deepseek','7588358556','95',NULL,NULL,1,NULL,'agent:deepseek:telegram:direct:7588358556','2026-04-06 16:55:32','2026-04-07 00:55:32','2026-04-07 00:55:32'),(32,'deepseek','inbound','telegram','deepseek','telegram:7588358556','96','telegram:7588358556','你在哪里',1,NULL,'agent:deepseek:telegram:direct:7588358556','2026-04-06 16:57:29','2026-04-07 00:57:30','2026-04-07 00:57:30'),(33,'deepseek','outbound','telegram','deepseek','7588358556','97',NULL,NULL,1,NULL,'agent:deepseek:telegram:direct:7588358556','2026-04-06 16:57:36','2026-04-07 00:57:36','2026-04-07 00:57:36'),(34,'david','inbound','telegram','david2','telegram:7588358556','144','telegram:7588358556','OpenClaw 发过来的 outbound 记录 content 就是 null，说明 OpenClaw 的 chat-logger plugin 写入时没有把 agent 回复内容映射到 content\n   字段。                                                                                                                         \n                                                                                                                                  \n  这是 plugin 配置问题，需要在 OpenClaw 那边检查 chat-logger-plugin 的字段映射——outbound 消息的正文用的是什么字段名？看一下       \n  /home/ubuntu/.openclaw/workspace/chat-logger-plugin.tgz 里的配置',1,NULL,'agent:david:telegram:direct:7588358556','2026-04-06 16:58:52','2026-04-07 00:58:52','2026-04-07 00:58:52'),(35,'david','outbound','telegram','david2','7588358556','145',NULL,NULL,1,NULL,'agent:david:telegram:direct:7588358556','2026-04-06 16:59:12','2026-04-07 00:59:12','2026-04-07 00:59:12'),(36,'david','outbound','telegram','david2','7588358556','146',NULL,NULL,1,NULL,'agent:david:telegram:direct:7588358556','2026-04-06 16:59:13','2026-04-07 00:59:13','2026-04-07 00:59:13'),(37,'david','outbound','telegram','david2','7588358556','147',NULL,NULL,1,NULL,'agent:david:telegram:direct:7588358556','2026-04-06 16:59:14','2026-04-07 00:59:14','2026-04-07 00:59:14'),(38,'david','inbound','telegram','david2','telegram:7588358556','148','telegram:7588358556','重启了',1,NULL,'agent:david:telegram:direct:7588358556','2026-04-06 17:00:08','2026-04-07 01:00:08','2026-04-07 01:00:08'),(39,'david','outbound','telegram','david2','7588358556','149',NULL,NULL,1,NULL,'agent:david:telegram:direct:7588358556','2026-04-06 17:00:45','2026-04-07 01:00:45','2026-04-07 01:00:45'),(40,'david','outbound','telegram','david2','7588358556','150',NULL,NULL,1,NULL,'agent:david:telegram:direct:7588358556','2026-04-06 17:00:47','2026-04-07 01:00:47','2026-04-07 01:00:47'),(41,'david','outbound','telegram','david2','7588358556','151',NULL,NULL,1,NULL,'agent:david:telegram:direct:7588358556','2026-04-06 17:00:48','2026-04-07 01:00:48','2026-04-07 01:00:48'),(42,'david','outbound','telegram','david2','7588358556','152',NULL,NULL,1,NULL,'agent:david:telegram:direct:7588358556','2026-04-06 17:00:49','2026-04-07 01:00:49','2026-04-07 01:00:49'),(43,'david','outbound','telegram','david2','7588358556','153',NULL,NULL,1,NULL,'agent:david:telegram:direct:7588358556','2026-04-06 17:00:50','2026-04-07 01:00:50','2026-04-07 01:00:50'),(44,'david','inbound','telegram','david2','telegram:7588358556','154','telegram:7588358556','好了吗',1,NULL,'agent:david:telegram:direct:7588358556','2026-04-06 17:01:12','2026-04-07 01:01:12','2026-04-07 01:01:12'),(45,'david','outbound','telegram','david2','7588358556','155',NULL,'好了，看日志：',1,NULL,'agent:david:telegram:direct:7588358556','2026-04-06 17:01:39','2026-04-07 01:01:39','2026-04-07 01:01:39'),(46,'david','outbound','telegram','david2','7588358556','156',NULL,'outbound 的字段是 `ctx.content`，内容完整有了！现在把 debug 日志去掉，handler 清理干净：',1,NULL,'agent:david:telegram:direct:7588358556','2026-04-06 17:01:40','2026-04-07 01:01:40','2026-04-07 01:01:40'),(47,'david','outbound','telegram','david2','7588358556','157',NULL,'inbound 和 outbound 都用 `ctx.content`，完全一致。再把最新 handler 同步回源目录打包：',1,NULL,'agent:david:telegram:direct:7588358556','2026-04-06 17:01:41','2026-04-07 01:01:41','2026-04-07 01:01:41'),(48,'david','outbound','telegram','david2','7588358556','158',NULL,'全部搞定 ✅ 重启一次让 debug 日志停掉：\n\n```bash\nsystemctl --user restart openclaw-gateway\n```',1,NULL,'agent:david:telegram:direct:7588358556','2026-04-06 17:01:42','2026-04-07 01:01:42','2026-04-07 01:01:42'),(49,'david','inbound','telegram','david2','telegram:7588358556','159','telegram:7588358556','测试一下',1,NULL,'agent:david:telegram:direct:7588358556','2026-04-06 17:02:03','2026-04-07 01:02:03','2026-04-07 01:02:03'),(50,'david','outbound','telegram','david2','7588358556','160',NULL,'已收到！等我回复后查数据库：',1,NULL,'agent:david:telegram:direct:7588358556','2026-04-06 17:02:31','2026-04-07 01:02:31','2026-04-07 01:02:31'),(51,'david','outbound','telegram','david2','7588358556','161',NULL,'完美 ✅\n\n- `[inbound] agent=david | 测试一下` — 你的消息 ✅\n- `[outbound] agent=david | 全部搞定...` — 我的回复，内容完整 ✅\n\ninbound / outbound 内容都正确写入了，整套方案全部跑通！',1,NULL,'agent:david:telegram:direct:7588358556','2026-04-06 17:02:32','2026-04-07 01:02:32','2026-04-07 01:02:32'),(52,'deepseek','inbound','telegram','deepseek','telegram:7588358556','100','telegram:7588358556','ni好',1,NULL,'agent:deepseek:telegram:direct:7588358556','2026-04-06 17:04:13','2026-04-07 01:04:13','2026-04-07 01:04:13'),(53,'deepseek','outbound','telegram','deepseek','7588358556','101',NULL,'🏪 你好David！我是舌尖门店AI助手，随时为您服务。\n\n现在是2026年4月7日早上9:04，湾仔店正在营业中。\n\n有什么需要我帮忙处理的吗？比如：\n- 查看当前库存情况\n- 补录销售情况（如\"XX商品卖完了\"）\n- 查看今日进货记录\n- 查看今日销售汇总\n- 录入新的进货信息\n- 或者其他门店管理操作',1,NULL,'agent:deepseek:telegram:direct:7588358556','2026-04-06 17:04:21','2026-04-07 01:04:21','2026-04-07 01:04:21'),(54,'deepseek','inbound','telegram','deepseek','telegram:7588358556','104','telegram:7588358556','在吗',1,NULL,'agent:deepseek:telegram:direct:7588358556','2026-04-06 17:13:22','2026-04-07 01:13:22','2026-04-07 01:13:22'),(55,'deepseek','inbound','telegram','deepseek','telegram:7588358556','106','telegram:7588358556','你在哪里',1,NULL,'agent:deepseek:telegram:direct:7588358556','2026-04-06 17:15:01','2026-04-07 01:15:01','2026-04-07 01:15:01'),(56,'deepseek','outbound','telegram','deepseek','7588358556','107',NULL,'🏪 我是舌尖门店AI助手，运行在云端服务器上，专门为您的湾仔店提供远程管理服务。\n\n我的主要功能包括：\n- 📦 库存管理（查询、补录、调整）\n- 💰 销售补录与查询\n- 🚛 进货管理\n- 📊 门店运营数据分析\n\n无论您在哪里，只要通过Telegram联系我，我就能帮您管理门店的日常运营工作。\n\n现在有什么需要我帮您处理的吗？',1,NULL,'agent:deepseek:telegram:direct:7588358556','2026-04-06 17:15:09','2026-04-07 01:15:09','2026-04-07 01:15:09'),(57,'deepseek','inbound','telegram','deepseek','telegram:7588358556','109','telegram:7588358556','？',1,NULL,'agent:deepseek:telegram:direct:7588358556','2026-04-06 17:16:02','2026-04-07 01:16:02','2026-04-07 01:16:02'),(58,'deepseek','outbound','telegram','deepseek','7588358556','110',NULL,'抱歉，我可能没理解您的意思。您是想问什么吗？\n\n我是舌尖门店AI助手，专门帮您管理湾仔店的运营工作。我可以帮您：\n\n1. 📦 **库存管理**：查库存、补录销售、调整库存\n2. 💰 **销售管理**：查看销售汇总、补录销售情况\n3. 🚛 **进货管理**：录入进货、查看进货记录\n4. 📊 **数据分析**：查看每日概览、操作日志\n\n您具体想了解什么或者需要什么帮助呢？',1,NULL,'agent:deepseek:telegram:direct:7588358556','2026-04-06 17:16:10','2026-04-07 01:16:10','2026-04-07 01:16:10'),(59,'david','inbound','telegram','david2','telegram:7588358556','162','telegram:7588358556','重新打包',1,NULL,'agent:david:telegram:direct:7588358556','2026-04-06 17:16:26','2026-04-07 01:16:27','2026-04-07 01:16:27'),(60,'david','outbound','telegram','david2','7588358556','163',NULL,'打好了，路径：`/home/ubuntu/.openclaw/workspace-david/chat-logger-plugin.tgz`',1,NULL,'agent:david:telegram:direct:7588358556','2026-04-06 17:16:39','2026-04-07 01:16:39','2026-04-07 01:16:39'),(61,'david','inbound','telegram','david2','telegram:7588358556','164','telegram:7588358556','覆盖了吗',1,NULL,'agent:david:telegram:direct:7588358556','2026-04-06 17:16:46','2026-04-07 01:16:46','2026-04-07 01:16:46'),(62,'david','outbound','telegram','david2','7588358556','165',NULL,'覆盖了，刚才 `cp` 把最新的 handler.ts（已去掉 debug、content 字段已修正）同步到源目录再打包的，是最新版本。\n\n可以验证一下内容：',1,NULL,'agent:david:telegram:direct:7588358556','2026-04-06 17:16:57','2026-04-07 01:16:57','2026-04-07 01:16:57'),(63,'david','outbound','telegram','david2','7588358556','166',NULL,'确认：\n- ✅ `content: ctx.content ?? null` — 正确字段\n- ✅ 无任何 debug 代码\n- ✅ API_URL 和 API_TOKEN 都在',1,NULL,'agent:david:telegram:direct:7588358556','2026-04-06 17:16:58','2026-04-07 01:16:58','2026-04-07 01:16:58'),(64,'david','inbound','telegram','david2','telegram:7588358556','167','telegram:7588358556','如果openclaw停止工作 不回复信息 如何设置重启呢',1,NULL,'agent:david:telegram:direct:7588358556','2026-04-06 17:19:12','2026-04-07 01:19:12','2026-04-07 01:19:12'),(65,'david','outbound','telegram','david2','7588358556','168',NULL,'Systemd 已经配了 `Restart=always`，进程崩溃会自动重启。但如果是卡死（进程还在但不响应），需要额外的看门狗机制。\n\n几个方案：\n\n---\n\n**方案1：加 watchdog cron（推荐）**\n\n每分钟检查一次，没响应就重启：\n\n```bash\ncrontab -e\n```\n\n加这行：\n```bash\n* * * * * /home/ubuntu/.npm-global/bin/openclaw gateway status 2>/dev/null | grep -q \"RPC probe: ok\" || systemctl --user restart openclaw-gateway\n```\n\n---\n\n**方案2：用 OpenClaw 自带的 healthcheck**\n\nOpenClaw 有内置 healthcheck 功能，可以定期自检。看看有没有相关配置：',1,NULL,'agent:david:telegram:direct:7588358556','2026-04-06 17:19:41','2026-04-07 01:19:41','2026-04-07 01:19:41'),(66,'david','outbound','telegram','david2','7588358556','169',NULL,'OpenClaw 能检测 session stuck 但不会自动重启。**cron watchdog 是最实用的方案**，直接设置：',1,NULL,'agent:david:telegram:direct:7588358556','2026-04-06 17:19:42','2026-04-07 01:19:42','2026-04-07 01:19:42'),(67,'david','outbound','telegram','david2','7588358556','170',NULL,'现在没有 crontab，帮你加上：',1,NULL,'agent:david:telegram:direct:7588358556','2026-04-06 17:19:43','2026-04-07 01:19:43','2026-04-07 01:19:43'),(68,'david','outbound','telegram','david2','7588358556','171',NULL,'Gateway 掉了，需要你先重启：\n\n```bash\nsystemctl --user restart openclaw-gateway\n```\n\n重启好之后我继续帮你配 watchdog cron。',1,NULL,'agent:david:telegram:direct:7588358556','2026-04-06 17:19:44','2026-04-07 01:19:44','2026-04-07 01:19:44'),(69,'david','inbound','telegram','david2','telegram:7588358556','172','telegram:7588358556','重启了',1,NULL,'agent:david:telegram:direct:7588358556','2026-04-06 17:20:36','2026-04-07 01:20:36','2026-04-07 01:20:36'),(70,'david','outbound','telegram','david2','7588358556','173',NULL,'Gateway 又掉了，看来不稳定。先在终端跑这几条命令：\n\n```bash\n# 1. 重启 gateway\nsystemctl --user restart openclaw-gateway\n\n# 2. 写 watchdog 脚本\ncat > /home/ubuntu/.openclaw/watchdog.sh << \'EOF\'\n#!/bin/bash\nif ! /home/ubuntu/.npm-global/bin/openclaw gateway status 2>/dev/null | grep -q \"RPC probe: ok\"; then\n    echo \"[$(date)] restarting...\" >> /tmp/openclaw-watchdog.log\n    systemctl --user restart openclaw-gateway\nfi\nEOF\nchmod +x /home/ubuntu/.openclaw/watchdog.sh\n\n# 3. 加 crontab（每分钟检查）\n(crontab -l 2>/dev/null; echo \"* * * * * /home/ubuntu/.openclaw/watchdog.sh\") | crontab -\n\n# 4. 验证\ncrontab -l\n```\n\n四步一起跑完告诉我结果。',1,NULL,'agent:david:telegram:direct:7588358556','2026-04-06 17:21:05','2026-04-07 01:21:05','2026-04-07 01:21:05'),(71,'david','inbound','telegram','david2','telegram:7588358556','174','telegram:7588358556','你可以帮我跑吗',1,NULL,'agent:david:telegram:direct:7588358556','2026-04-06 17:21:32','2026-04-07 01:21:32','2026-04-07 01:21:32'),(72,'david','outbound','telegram','david2','7588358556','175',NULL,'可以，但需要你先批准，因为涉及写文件和修改 crontab：',1,NULL,'agent:david:telegram:direct:7588358556','2026-04-06 17:21:41','2026-04-07 01:21:41','2026-04-07 01:21:41'),(73,'david','outbound','telegram','david2','7588358556','176',NULL,'Gateway 还是断开状态，审批通道也不通。需要你先在终端手动重启：\n\n```bash\nsystemctl --user restart openclaw-gateway\n```\n\n重启好了之后我立刻帮你跑剩下的。',1,NULL,'agent:david:telegram:direct:7588358556','2026-04-06 17:21:43','2026-04-07 01:21:43','2026-04-07 01:21:43'),(74,'david','inbound','telegram','david2','telegram:7588358556','177','telegram:7588358556','重启了',1,NULL,'agent:david:telegram:direct:7588358556','2026-04-06 17:22:04','2026-04-07 01:22:04','2026-04-07 01:22:04'),(75,'david','outbound','telegram','david2','7588358556','178',NULL,'Gateway 刚重启完还没 pair 上，等几秒再试：',1,NULL,'agent:david:telegram:direct:7588358556','2026-04-06 17:22:36','2026-04-07 01:22:36','2026-04-07 01:22:36'),(76,'david','outbound','telegram','david2','7588358556','179',NULL,'好了，现在跑：',1,NULL,'agent:david:telegram:direct:7588358556','2026-04-06 17:22:38','2026-04-07 01:22:38','2026-04-07 01:22:38'),(77,'david','outbound','telegram','david2','7588358556','180',NULL,'奇怪，RPC 刚才还是 ok 的。这个错误不是 gateway 的问题，是我这边的执行权限被 gateway pairing 拦住了。\n\n直接在你终端跑这三条：\n\n```bash\ncat > /home/ubuntu/.openclaw/watchdog.sh << \'EOF\'\n#!/bin/bash\nif ! /home/ubuntu/.npm-global/bin/openclaw gateway status 2>/dev/null | grep -q \"RPC probe: ok\"; then\n    echo \"[$(date)] restarting...\" >> /tmp/openclaw-watchdog.log\n    systemctl --user restart openclaw-gateway\nfi\nEOF\n\nchmod +x /home/ubuntu/.openclaw/watchdog.sh\n\n(crontab -l 2>/dev/null; echo \"* * * * * /home/ubuntu/.openclaw/watchdog.sh\") | crontab -\n```\n\n完成后 `crontab -l` 看一下结果告诉我。',1,NULL,'agent:david:telegram:direct:7588358556','2026-04-06 17:22:39','2026-04-07 01:22:39','2026-04-07 01:22:39'),(78,'david','inbound','telegram','david2','telegram:7588358556','181','telegram:7588358556','* * * * * /home/ubuntu/.openclaw/watchdog.sh',1,NULL,'agent:david:telegram:direct:7588358556','2026-04-06 17:23:06','2026-04-07 01:23:06','2026-04-07 01:23:06'),(79,'david','outbound','telegram','david2','7588358556','182',NULL,'完美 ✅ \n\nwatchdog 已生效，每分钟自动检查一次。如果 gateway 不响应就自动重启，重启记录会写到 `/tmp/openclaw-watchdog.log`。\n\n以后可以用这个看重启历史：\n```bash\ncat /tmp/openclaw-watchdog.log\n```',1,NULL,'agent:david:telegram:direct:7588358556','2026-04-06 17:23:13','2026-04-07 01:23:13','2026-04-07 01:23:13'),(80,'david','inbound','telegram','david2','telegram:7588358556','183','telegram:7588358556','好',1,NULL,'agent:david:telegram:direct:7588358556','2026-04-06 17:23:33','2026-04-07 01:23:33','2026-04-07 01:23:33'),(81,'david','outbound','telegram','david2','7588358556','184',NULL,'今天搞定了不少东西，总结一下：\n\n**✅ 完成清单**\n- `chat-logger` plugin — 所有 agent 收发消息自动写入 Laravel MySQL\n- inbound / outbound 内容完整，agent_id 正确\n- watchdog cron — 每分钟检查，gateway 挂了自动重启\n- 打包好了 `chat-logger-plugin.tgz`，给新客户两条命令装好\n\n有其他问题随时找我。',1,NULL,'agent:david:telegram:direct:7588358556','2026-04-06 17:23:41','2026-04-07 01:23:41','2026-04-07 01:23:41'),(82,'deepseek','inbound','telegram','deepseek','telegram:7588358556','111','telegram:7588358556','你好',1,NULL,'agent:deepseek:telegram:direct:7588358556','2026-04-06 17:25:28','2026-04-07 01:25:28','2026-04-07 01:25:28'),(83,'deepseek','outbound','telegram','deepseek','7588358556','112',NULL,'🏪 你好David！我是舌尖门店AI助手，随时为您服务。\n\n现在是2026年4月7日早上9:25，湾仔店正在营业中。\n\n有什么需要我帮忙处理的吗？比如：\n- 查看当前库存情况\n- 补录销售情况（如\"XX商品卖完了\"）\n- 查看今日进货记录\n- 查看今日销售汇总\n- 录入新的进货信息\n- 或者其他门店管理操作',1,NULL,'agent:deepseek:telegram:direct:7588358556','2026-04-06 17:25:37','2026-04-07 01:25:37','2026-04-07 01:25:37'),(84,'deepseek','inbound','telegram','deepseek','telegram:7588358556','113','telegram:7588358556','/help',1,NULL,'agent:deepseek:telegram:slash:7588358556','2026-04-06 17:25:40','2026-04-07 01:25:40','2026-04-07 01:25:40'),(85,'deepseek','outbound','telegram','deepseek','7588358556','114',NULL,'ℹ️ Help\n\nSession\n  /new  |  /reset  |  /compact [instructions]  |  /stop\n\nOptions\n  /think <level>  |  /model <id>  |  /fast status|on|off  |  /verbose on|off\n\nStatus\n  /status  |  /tasks  |  /whoami  |  /context\n\nSkills\n  /skill <name> [input]\n\nMore: /commands for full list, /tools for available capabilities',1,NULL,'agent:deepseek:telegram:slash:7588358556','2026-04-06 17:25:40','2026-04-07 01:25:40','2026-04-07 01:25:40'),(86,'deepseek','inbound','telegram','deepseek','telegram:7588358556','115','telegram:7588358556','/new',1,NULL,'agent:deepseek:telegram:slash:7588358556','2026-04-06 17:25:42','2026-04-07 01:25:42','2026-04-07 01:25:42'),(87,'deepseek','outbound','telegram','deepseek','telegram:7588358556','116',NULL,'✅ New session started · model: deepseek/deepseek-chat',1,NULL,'agent:deepseek:telegram:direct:7588358556','2026-04-06 17:25:45','2026-04-07 01:25:45','2026-04-07 01:25:45'),(88,'deepseek','outbound','telegram','deepseek','7588358556','118',NULL,'🏪 嗨David！我是舌尖门店AI助手，刚刚上线。今天有什么需要我帮忙处理的吗？比如库存查询、销售补录，还是其他门店管理事务？',1,NULL,'agent:deepseek:telegram:slash:7588358556','2026-04-06 17:25:50','2026-04-07 01:25:50','2026-04-07 01:25:50'),(89,'deepseek','inbound','telegram','deepseek','telegram:7588358556','117','telegram:7588358556','你好',1,NULL,'agent:deepseek:telegram:direct:7588358556','2026-04-06 17:25:50','2026-04-07 01:25:50','2026-04-07 01:25:50'),(90,'deepseek','outbound','telegram','deepseek','7588358556','119',NULL,'🏪 你好David！我是你的舌尖门店AI助手，专门处理门店管理事务。今天需要我帮你做什么呢？',1,NULL,'agent:deepseek:telegram:direct:7588358556','2026-04-06 17:25:57','2026-04-07 01:25:57','2026-04-07 01:25:57'),(91,'main','inbound','telegram','david','telegram:7588358556','120','telegram:7588358556','你好',1,NULL,'agent:main:telegram:david:direct:7588358556','2026-04-06 17:42:29','2026-04-07 01:42:30','2026-04-07 01:42:30'),(92,'main','outbound','telegram','david','7588358556','121',NULL,'你好！有什么需要帮的？',1,NULL,'agent:main:telegram:david:direct:7588358556','2026-04-06 17:42:33','2026-04-07 01:42:33','2026-04-07 01:42:33'),(93,'deepseek','inbound','telegram','deepseek','telegram:7588358556','120','telegram:7588358556','你好',1,NULL,'agent:deepseek:telegram:direct:7588358556','2026-04-06 18:33:59','2026-04-07 02:33:59','2026-04-07 02:33:59'),(94,'deepseek','outbound','telegram','deepseek','7588358556','121',NULL,'🏪 你好David！有什么需要我帮忙的门店管理事务吗？',1,NULL,'agent:deepseek:telegram:direct:7588358556','2026-04-06 18:34:03','2026-04-07 02:34:03','2026-04-07 02:34:03'),(95,'deepseek','inbound','telegram','deepseek','telegram:7588358556','125','telegram:7588358556','你好',1,NULL,'agent:deepseek:telegram:direct:7588358556','2026-04-06 18:36:06','2026-04-07 02:36:06','2026-04-07 02:36:06'),(96,'deepseek','outbound','telegram','deepseek','7588358556','126',NULL,'🏪 你好David！我在这里呢。需要我帮你处理什么门店事务吗？',1,NULL,'agent:deepseek:telegram:direct:7588358556','2026-04-06 18:36:11','2026-04-07 02:36:11','2026-04-07 02:36:11'),(97,'deepseek','inbound','telegram','deepseek','telegram:7588358556','127','telegram:7588358556','<media:image>',1,NULL,'agent:deepseek:telegram:direct:7588358556','2026-04-06 18:36:19','2026-04-07 02:36:22','2026-04-07 02:36:22'),(98,'deepseek','outbound','telegram','deepseek','7588358556','128',NULL,'我看到你发送了一张图片，但我目前无法查看图片内容。如果你需要我处理门店相关的图片（比如库存清单、销售单据等），你可以描述一下图片内容，或者告诉我需要我帮你做什么具体的事情。\n\n比如：\n- 需要记录进货信息？\n- 需要查询某个商品的库存？\n- 需要补录销售数据？\n- 其他门店管理事务？\n\n请告诉我具体需求，我会尽力帮你处理！🏪',1,NULL,'agent:deepseek:telegram:direct:7588358556','2026-04-06 18:36:31','2026-04-07 02:36:31','2026-04-07 02:36:31'),(99,'david','inbound','telegram','david2','telegram:7588358556','185','telegram:7588358556','/new',1,NULL,'agent:david:telegram:slash:7588358556','2026-04-06 18:38:35','2026-04-07 02:38:36','2026-04-07 02:38:36'),(100,'david','outbound','telegram','david2','telegram:7588358556','186',NULL,'✅ New session started · model: api10-xingke888-com/claude-sonnet-4-6',1,NULL,'agent:david:telegram:direct:7588358556','2026-04-06 18:38:39','2026-04-07 02:38:39','2026-04-07 02:38:39'),(101,'david','outbound','telegram','david2','7588358556','188',NULL,'哈，又开门了！我是舌尖生鲜店的店员，今天有什么需要？🥬',1,NULL,'agent:david:telegram:slash:7588358556','2026-04-06 18:38:47','2026-04-07 02:38:47','2026-04-07 02:38:47'),(102,'david','inbound','telegram','david2','telegram:7588358556','187','telegram:7588358556','企业微信可以对接龙虾吗',1,NULL,'agent:david:telegram:direct:7588358556','2026-04-06 18:38:47','2026-04-07 02:38:47','2026-04-07 02:38:47'),(103,'david','outbound','telegram','david2','7588358556','189',NULL,'可以的！企业微信可以通过以下方式对接龙虾（接龙）：\n\n**方式一：企业微信内置接龙**\n企业微信群本身支持\"接龙\"功能，在群聊里点击「+」→「接龙」就能发起，不需要额外对接。\n\n**方式二：对接龙虾接龙小程序/服务**\n如果是龙虾接龙这个第三方平台，可以通过：\n- **企业微信服务商接入**：龙虾接龙有企业微信版本，可以作为第三方应用挂载到企业微信上\n- **Webhook机器人**：在企业微信群里配置机器人，接收龙虾的回调消息\n\n**你具体想做什么场景？** 比如：\n- 团购/拼单接龙？\n- 活动报名接龩？\n- 还是想把接龙数据同步到企业微信？\n\n说清楚需求，我帮你想最合适的方案 😊',1,NULL,'agent:david:telegram:direct:7588358556','2026-04-06 18:38:58','2026-04-07 02:38:58','2026-04-07 02:38:58'),(104,'david','inbound','telegram','david2','telegram:7588358556','190','telegram:7588358556','好',1,NULL,'agent:david:telegram:direct:7588358556','2026-04-06 18:42:48','2026-04-07 02:42:49','2026-04-07 02:42:49'),(105,'david','outbound','telegram','david2','7588358556','191',NULL,'那你现在用的是哪种场景？团购接龙、活动报名、还是别的？方便我给你更具体的对接方案 😄',1,NULL,'agent:david:telegram:direct:7588358556','2026-04-06 18:42:55','2026-04-07 02:42:55','2026-04-07 02:42:55'),(106,'david','inbound','telegram','david2','telegram:7588358556','192','telegram:7588358556','你好',1,NULL,'agent:david:telegram:direct:7588358556','2026-04-08 04:50:36','2026-04-08 12:50:36','2026-04-08 12:50:36'),(107,'david','outbound','telegram','david2','7588358556','193',NULL,'你好！有什么需要吗？😊',1,NULL,'agent:david:telegram:direct:7588358556','2026-04-08 04:50:42','2026-04-08 12:50:42','2026-04-08 12:50:42'),(108,'david','inbound','telegram','david2','telegram:7588358556','194','telegram:7588358556','今天的库存是多少',1,NULL,'agent:david:telegram:direct:7588358556','2026-04-08 04:50:52','2026-04-08 12:50:52','2026-04-08 12:50:52'),(109,'david','outbound','telegram','david2','7588358556','195',NULL,'我这边没有库存数据的访问权限，你需要查哪个品类的库存？我帮你想想怎么查 😄\n\n还是说你们有个系统/表格，需要我帮你对接或者查询？',1,NULL,'agent:david:telegram:direct:7588358556','2026-04-08 04:50:59','2026-04-08 12:50:59','2026-04-08 12:50:59'),(110,'deepseek','inbound','telegram','deepseek','telegram:7588358556','129','telegram:7588358556','今天库存',1,NULL,'agent:deepseek:telegram:direct:7588358556','2026-04-08 04:51:46','2026-04-08 12:51:46','2026-04-08 12:51:46'),(111,'deepseek','outbound','telegram','deepseek','7588358556','130',NULL,'🏪 好的，我来帮你查看今天的库存情况。\n\n不过我需要先了解一下你的库存管理系统是如何设置的。你可以告诉我：\n\n1. **库存数据存储在哪里？**\n   - Excel文件？\n   - 数据库？\n   - 其他系统？\n\n2. **需要查看哪些信息？**\n   - 所有商品库存列表？\n   - 低库存预警商品？\n   - 特定品类库存？\n   - 库存变化记录？\n\n如果你有库存文件，可以上传给我，或者告诉我文件路径，我来帮你分析。',1,NULL,'agent:deepseek:telegram:direct:7588358556','2026-04-08 04:51:55','2026-04-08 12:51:55','2026-04-08 12:51:55'),(112,'david','inbound','telegram','david2','telegram:7588358556','196','telegram:7588358556','OpenClaw: access not configured.\n\nYour Telegram user id: 7588358556\nPairing code:\n\nP886W3SZ\n\nAsk the bot owner to approve with:\nopenclaw pairing approve telegram P886W3SZ\n\nopenclaw pairing approve telegram P886W3SZ',1,NULL,'agent:david:telegram:direct:7588358556','2026-04-08 04:52:30','2026-04-08 12:52:30','2026-04-08 12:52:30'),(113,'david','outbound','telegram','david2','7588358556','197',NULL,'这条是系统配对提示，不是发给我的消息 😄\n\n看起来你在尝试把某个 Telegram 账号和 OpenClaw 配对。你需要让机器人的管理员运行这条命令：\n\n```\nopenclaw pairing approve telegram P886W3SZ\n```\n\n你是管理员吗？需要我帮你操作吗？',1,NULL,'agent:david:telegram:direct:7588358556','2026-04-08 04:52:38','2026-04-08 12:52:38','2026-04-08 12:52:38'),(114,'david','inbound','telegram','david2','telegram:7588358556','198','telegram:7588358556','是',1,NULL,'agent:david:telegram:direct:7588358556','2026-04-08 04:52:40','2026-04-08 12:52:40','2026-04-08 12:52:40'),(115,'david','outbound','telegram','david2','7588358556','199',NULL,'配对码 `P886W3SZ` 已过期或不存在了。你重新发起一下配对，让系统生成新的配对码，我再帮你批准 😊',1,NULL,'agent:david:telegram:direct:7588358556','2026-04-08 04:52:56','2026-04-08 12:52:56','2026-04-08 12:52:56'),(116,'david','inbound','telegram','david2','telegram:7588358556','200','telegram:7588358556','在',1,NULL,'agent:david:telegram:direct:7588358556','2026-04-08 04:53:39','2026-04-08 12:53:39','2026-04-08 12:53:39'),(117,'david','outbound','telegram','david2','7588358556','201',NULL,'新的配对码发过来了吗？把码告诉我，我帮你批准 😄',1,NULL,'agent:david:telegram:direct:7588358556','2026-04-08 04:53:43','2026-04-08 12:53:44','2026-04-08 12:53:44'),(118,'david','inbound','telegram','david2','telegram:7588358556','202','telegram:7588358556','8387934942:AAETUYTYSNJFZitk7I2WT96NVLunVI9PoqQ',1,NULL,'agent:david:telegram:direct:7588358556','2026-04-08 04:54:06','2026-04-08 12:54:07','2026-04-08 12:54:07'),(119,'david','outbound','telegram','david2','7588358556','203',NULL,'这个看起来是 Telegram Bot Token，不是配对码！⚠️\n\n**千万不要把这个发给任何人**，这是你机器人的密钥，泄露了别人可以控制你的 bot。\n\n建议你马上去 [@BotFather](https://t.me/BotFather) 重置这个 token：\n1. 发送 `/mybots`\n2. 选择你的 bot\n3. 点 **API Token** → **Revoke current token**\n\n配对码是类似 `P886W3SZ` 这样的短码，不是长串的 token。重新触发配对流程会生成新的短码给你 😊',1,NULL,'agent:david:telegram:direct:7588358556','2026-04-08 04:54:16','2026-04-08 12:54:16','2026-04-08 12:54:16'),(120,'deepseek','inbound','telegram','deepseek','telegram:7588358556','136','telegram:7588358556','排队',1,NULL,'agent:deepseek:telegram:direct:7588358556','2026-04-08 04:54:44','2026-04-08 12:54:44','2026-04-08 12:54:44'),(121,'deepseek','outbound','telegram','deepseek','7588358556','137',NULL,'🏪 明白了，你想了解门店的排队情况。我需要更多信息来帮你：\n\n1. **排队系统类型：**\n   - 是实体店顾客排队？\n   - 外卖订单排队？\n   - 线上预约排队？\n\n2. **需要查看什么：**\n   - 当前排队人数？\n   - 预计等待时间？\n   - 排队订单列表？\n   - 处理进度？\n\n3. **数据来源：**\n   - 排队系统软件？\n   - 手动记录？\n   - 监控摄像头？\n\n如果你有排队数据文件或系统截图，可以上传给我，或者告诉我如何访问相关数据。',1,NULL,'agent:deepseek:telegram:direct:7588358556','2026-04-08 04:54:53','2026-04-08 12:54:54','2026-04-08 12:54:54'),(122,'deepseek','inbound','telegram','deepseek','telegram:7588358556','138','telegram:7588358556','配对',1,NULL,'agent:deepseek:telegram:direct:7588358556','2026-04-08 04:54:54','2026-04-08 12:54:54','2026-04-08 12:54:54'),(123,'deepseek','outbound','telegram','deepseek','7588358556','139',NULL,'🏪 配对？让我确认一下你的意思：\n\n1. **商品配对？** - 比如搭配销售的商品组合\n2. **员工排班配对？** - 员工工作班次安排\n3. **库存配对？** - 库存与销售数据的匹配\n4. **其他配对需求？**\n\n请具体说明你需要什么类型的配对，或者上传相关文件让我帮你处理。',1,NULL,'agent:deepseek:telegram:direct:7588358556','2026-04-08 04:55:02','2026-04-08 12:55:02','2026-04-08 12:55:02'),(124,'deepseek','inbound','telegram','deepseek','telegram:7588358556','140','telegram:7588358556','查一下今天的库存',1,NULL,'agent:deepseek:telegram:direct:7588358556','2026-04-08 04:55:05','2026-04-08 12:55:05','2026-04-08 12:55:05'),(125,'deepseek','outbound','telegram','deepseek','7588358556','141',NULL,'🏪 好的，我来帮你查看今天的库存。\n\n不过我需要先找到库存数据。让我检查一下工作空间里是否有相关的库存文件：',1,NULL,'agent:deepseek:telegram:direct:7588358556','2026-04-08 04:55:25','2026-04-08 12:55:25','2026-04-08 12:55:25'),(126,'deepseek','outbound','telegram','deepseek','7588358556','142',NULL,'让我查看工作空间目录结构，看看有没有库存相关的文件：',1,NULL,'agent:deepseek:telegram:direct:7588358556','2026-04-08 04:55:27','2026-04-08 12:55:27','2026-04-08 12:55:27'),(127,'deepseek','outbound','telegram','deepseek','7588358556','143',NULL,'我看到工作空间里没有库存文件。David，我需要你提供库存数据才能帮你查看。你可以：\n\n1. **上传库存文件**（Excel、CSV等格式）\n2. **告诉我库存数据在哪里**（文件路径或系统）\n3. **描述一下库存系统**（我帮你建立库存管理）\n\n或者，如果你希望我从头开始帮你建立库存管理系统，我可以：\n- 创建库存模板文件\n- 设置库存分类\n- 建立库存记录流程\n\n请告诉我你希望如何操作？🏪',1,NULL,'agent:deepseek:telegram:direct:7588358556','2026-04-08 04:55:28','2026-04-08 12:55:28','2026-04-08 12:55:28'),(128,'deepseek','inbound','telegram','deepseek','telegram:7588358556','145','telegram:7588358556','/help',1,NULL,'agent:deepseek:telegram:slash:7588358556','2026-04-08 04:55:55','2026-04-08 12:55:55','2026-04-08 12:55:55'),(129,'deepseek','outbound','telegram','deepseek','7588358556','146',NULL,'ℹ️ Help\n\nSession\n  /new  |  /reset  |  /compact [instructions]  |  /stop\n\nOptions\n  /think <level>  |  /model <id>  |  /fast status|on|off  |  /verbose on|off\n\nStatus\n  /status  |  /tasks  |  /whoami  |  /context\n\nSkills\n  /skill <name> [input]\n\nMore: /commands for full list, /tools for available capabilities',1,NULL,'agent:deepseek:telegram:slash:7588358556','2026-04-08 04:55:55','2026-04-08 12:55:55','2026-04-08 12:55:55'),(130,'deepseek','inbound','telegram','deepseek','telegram:7588358556','147','telegram:7588358556','库存',1,NULL,'agent:deepseek:telegram:direct:7588358556','2026-04-08 07:48:20','2026-04-08 15:48:20','2026-04-08 15:48:20'),(131,'deepseek','outbound','telegram','deepseek','7588358556','148',NULL,'🏪 我理解你想查看库存，但目前工作空间里没有库存数据文件。\n\n让我为你创建一个简单的库存管理模板，这样你就可以开始记录库存了：',1,NULL,'agent:deepseek:telegram:direct:7588358556','2026-04-08 07:48:50','2026-04-08 15:48:50','2026-04-08 15:48:50'),(132,'deepseek','outbound','telegram','deepseek','7588358556','149',NULL,'🏪 我已经为你创建了一个库存管理模板，包含10种常见生鲜商品。\n\n**当前库存概览：**\n1. **鲜牛肉** - 50包（安全库存：20）\n2. **三文鱼** - 30盒（安全库存：15）  \n3. **基围虾** - 25盒（安全库存：10）\n4. **西兰花** - 40包（安全库存：15）\n5. **鸡蛋** - 60盒（安全库存：25）\n6. **牛奶** - 35瓶（安全库存：12）\n7. **苹果** - 45袋（安全库存：20）\n8. **大米** - 20袋（安全库存：8）\n9. **食用油** - 15桶（安全库存：6）\n10. **酱油** - 25瓶（安全库存：10）\n\n**低库存预警：** 目前所有商品库存都高于安全库存线 ✅\n\n你可以：\n1. **上传你的实际库存文件**（替换这个模板）\n2. **让我分析特定商品的库存情况**\n3. **更新库存数量**\n4. **添加新商品**\n\n请告诉我你需要什么操作？',1,NULL,'agent:deepseek:telegram:direct:7588358556','2026-04-08 07:48:52','2026-04-08 15:48:52','2026-04-08 15:48:52'),(133,'david','inbound','telegram','david2','telegram:7588358556','204','telegram:7588358556','/new',1,NULL,'agent:david:telegram:slash:7588358556','2026-04-10 16:49:45','2026-04-11 00:49:45','2026-04-11 00:49:45'),(134,'david','outbound','telegram','david2','telegram:7588358556','205',NULL,'✅ New session started · model: api10-xingke888-com/claude-sonnet-4-6',1,NULL,'agent:david:telegram:direct:7588358556','2026-04-10 16:49:48','2026-04-11 00:49:48','2026-04-11 00:49:48'),(135,'david','outbound','telegram','david2','7588358556','206',NULL,'早上好，David！我是舌尖生鲜店的小助手，今天有什么需要帮忙的？🥬',1,NULL,'agent:david:telegram:slash:7588358556','2026-04-10 16:49:57','2026-04-11 00:49:57','2026-04-11 00:49:57'),(136,'david','inbound','telegram','david2','telegram:7588358556','207','telegram:7588358556','微信ClawBot\n在微信中与OpenClaw 收发消息\n#在运行OpenClaw的设备安装插件，并开始与微信连接。\nnpx -y @tencent-weixin/openclaw-weixin-cli@latest install\n\n使用微信扫描展示的二维码，启用微信ClawBot插件后即可使用。',1,NULL,'agent:david:telegram:direct:7588358556','2026-04-10 16:50:06','2026-04-11 00:50:07','2026-04-11 00:50:07'),(137,'david','outbound','telegram','david2','7588358556','208',NULL,'看起来你想在微信里接入 OpenClaw！来跑一下安装命令：',1,NULL,'agent:david:telegram:direct:7588358556','2026-04-10 16:52:22','2026-04-11 00:52:22','2026-04-11 00:52:22'),(138,'david','outbound','telegram','david2','7588358556','209',NULL,'二维码出来了！用微信扫一下：\n\n**或者直接点这个链接扫码：**\nhttps://liteapp.weixin.qq.com/q/7GiQu1?qrcode=2b4ddb1f549db0a34559e6bd3758f3e3&bot_type=3\n\n扫完告诉我结果，我继续看进度。',1,NULL,'agent:david:telegram:direct:7588358556','2026-04-10 16:52:23','2026-04-11 00:52:23','2026-04-11 00:52:23'),(139,'main','inbound','webchat',NULL,NULL,'c04a9a07-3018-458d-8085-94d98de05665',NULL,'Wake up, my friend!',1,NULL,'agent:main:main','2026-04-17 15:26:35','2026-04-17 23:26:35','2026-04-17 23:26:35'),(140,'main','inbound','whatsapp','default','+85262645180','AC05EA35DFC206C468141C1E69130D99','+85262645180','hi',1,NULL,'agent:main:whatsapp:direct:+85262645180','2026-04-17 15:26:43','2026-04-17 23:26:43','2026-04-17 23:26:43'),(141,'main','inbound','whatsapp','default','+85262645180','ACF36D027D91CA3569FE6A69FE049706','+85262645180','/model',1,NULL,'agent:main:whatsapp:direct:+85262645180','2026-04-17 15:26:59','2026-04-17 23:26:59','2026-04-17 23:26:59'),(142,'main','inbound','whatsapp','default','+85262645180','3BF47581DB9A0C8EAE14','+85262645180','添加model',1,NULL,'agent:main:whatsapp:direct:+85262645180','2026-04-17 15:27:37','2026-04-17 23:27:37','2026-04-17 23:27:37'),(143,'main','inbound','whatsapp','default','+85262645180','3B9AB89C28A40E6A7323','+85262645180','1',1,NULL,'agent:main:whatsapp:direct:+85262645180','2026-04-17 15:27:52','2026-04-17 23:27:52','2026-04-17 23:27:52'),(144,'main','inbound','whatsapp','default','+85262645180','3B1ED6B39E49A4AB506E','+85262645180','https://api10.xingke888.com',1,NULL,'agent:main:whatsapp:direct:+85262645180','2026-04-17 15:28:23','2026-04-17 23:28:23','2026-04-17 23:28:23'),(145,'main','inbound','whatsapp','default','+85262645180','3B403F8FC840E8DC0FF1','+85262645180','其他OpenAI兼容的API',1,NULL,'agent:main:whatsapp:direct:+85262645180','2026-04-17 15:29:07','2026-04-17 23:29:07','2026-04-17 23:29:07'),(146,'main','outbound','whatsapp','default','+85262645180','3EB0DC0D4B8BFA2AC7A76F',NULL,'我看到你提供了一个API端点：`https://api10.xingke888.com`。这看起来是一个自定义的API服务。\n\n要添加这个模型到OpenClaw，我需要知道：\n\n1. **这是什么类型的模型API？** 是OpenAI兼容的API吗？\n2. **需要API密钥吗？** 如果有，是什么格式？\n3. **模型名称是什么？** 比如 \"gpt-4\", \"claude-3\", 或者其他名称？\n\n让我先尝试检查这个API端点，看看它提供什么信息：',1,NULL,'agent:main:whatsapp:direct:+85262645180','2026-04-17 15:29:22','2026-04-17 23:29:26','2026-04-17 23:29:26'),(147,'main','outbound','whatsapp','default','+85262645180','3EB02D77337556322A1B10',NULL,'这个API需要认证。让我看看OpenClaw如何配置自定义的OpenAI兼容API。首先检查配置文件：',1,NULL,'agent:main:whatsapp:direct:+85262645180','2026-04-17 15:29:26','2026-04-17 23:29:26','2026-04-17 23:29:26'),(148,'main','outbound','whatsapp','default','+85262645180','3EB0A8E6FB80E5C8C1ADBA',NULL,'很好！我看到配置文件结构。现在我需要知道关于你的API的更多信息。请告诉我：\n\n1. **API提供商名称**：你想叫什么名字？比如 \"xingke\" 或 \"custom-api\"\n2. **API密钥**：如果有的话，是什么？\n3. **支持的模型**：这个API端点提供哪些模型？比如 \"gpt-3.5-turbo\", \"gpt-4\" 等\n4. **API类型**：是OpenAI兼容的API吗？\n\n如果你不确定，我可以帮你测试这个API端点。你需要提供API密钥吗？或者这是一个公开的API？\n\n另外，让我检查一下OpenClaw的模型配置文档：',1,NULL,'agent:main:whatsapp:direct:+85262645180','2026-04-17 15:29:26','2026-04-17 23:29:26','2026-04-17 23:29:26'),(149,'main','outbound','whatsapp','default','+85262645180','3EB0C49793D8D57777700B',NULL,'让我用更简单的方式检查如何添加自定义模型。根据配置文件，我需要：\n\n1. 在 `models.providers` 中添加新的提供商\n2. 在 `auth.profiles` 中添加认证信息\n3. 更新 `agents.defaults.models` 来设置别名\n\n**请先回答这些问题：**\n\n1. 这个 `https://api10.xingke888.com` API需要API密钥吗？如果需要，是什么格式？\n2. 它支持哪些具体的模型？（比如调用时使用的模型ID）\n3. 这是OpenAI兼容的API吗？（通常以 `/v1/chat/completions` 结尾）\n\n如果你有API密钥，我可以帮你测试一下这个API是否工作正常。',1,NULL,'agent:main:whatsapp:direct:+85262645180','2026-04-17 15:29:26','2026-04-17 23:29:26','2026-04-17 23:29:26'),(150,'main','outbound','whatsapp','default','+85262645180','3EB0A50B55AE429644333E',NULL,'好的，你想添加一个OpenAI兼容的API。你提供的 `https://api10.xingke888.com` 看起来就是这样的API。\n\n要配置这个API，我需要以下信息：\n\n## 必需的信息：\n\n1. **API密钥**：这个API需要什么格式的密钥？\n   - 通常是 `sk-` 开头的字符串\n   - 或者是Bearer token格式\n\n2. **模型名称**：这个API提供哪些模型？\n   - 比如：`gpt-3.5-turbo`, `gpt-4`, `claude-3-sonnet` 等\n   - 或者自定义的模型名称\n\n## 如果你不确定，我可以帮你测试：\n\n如果你有API密钥，我可以测试一下这个API是否正常工作：\n\n```bash\ncurl -X POST https://api10.xingke888.com/v1/chat/completions \\\n  -H \"Content-Type: application/json\" \\\n  -H \"Authorization: Bearer YOUR_API_KEY\" \\\n  -d \'{\n    \"model\": \"gpt-3.5-turbo\",\n    \"messages\": [{\"role\": \"user\", \"content\": \"Hello\"}],\n    \"max_tokens\": 10\n  }\'\n```\n\n## 配置步骤：\n\n一旦有了这些信息，我会：\n\n1. **更新配置文件**，添加新的提供商\n2. **设置认证信息**\n3. **添加模型别名**\n4. **测试连接**\n\n**请提供：**\n- API密钥（如果有）\n- 可用的模型名称列表\n\n或者，如果你希望我直接尝试配置，我可以先假设一些常见的设置，然后我们根据错误信息调整。',1,NULL,'agent:main:whatsapp:direct:+85262645180','2026-04-17 15:29:46','2026-04-17 23:29:46','2026-04-17 23:29:46'),(151,'main','inbound','whatsapp','default','+85262645180','3B712857E7F5F347775F','+85262645180','sdfsf8is89dfs7dhfiusdfh89sfhisufhkjs8f9dfiso89ewf',1,NULL,'agent:main:whatsapp:direct:+85262645180','2026-04-17 15:30:00','2026-04-17 23:30:01','2026-04-17 23:30:01'),(152,'main','inbound','whatsapp','default','+85262645180','3BA0470CF294EBF33D4D','+85262645180','这是API 密钥',1,NULL,'agent:main:whatsapp:direct:+85262645180','2026-04-17 15:30:23','2026-04-17 23:30:23','2026-04-17 23:30:23'),(153,'main','inbound','whatsapp','default','+85262645180','3BD52F132D999426EF74','+85262645180','测试一下',1,NULL,'agent:main:whatsapp:direct:+85262645180','2026-04-17 15:31:02','2026-04-17 23:31:02','2026-04-17 23:31:02'),(154,'main','inbound','whatsapp','default','+85262645180','3BC55824E5CDEA0903E5','+85262645180','https://api10.xingke888.com/',1,NULL,'agent:main:whatsapp:direct:+85262645180','2026-04-17 15:31:57','2026-04-17 23:31:57','2026-04-17 23:31:57'),(155,'main','inbound','whatsapp','default','+85262645180','3B6E2343AB45F5066B64','+85262645180','key is sdfsf8is89dfs7dhfiusdfh89sfhisufhkjs8f9dfiso89ewf',1,NULL,'agent:main:whatsapp:direct:+85262645180','2026-04-17 15:32:29','2026-04-17 23:32:29','2026-04-17 23:32:29'),(156,'main','outbound','whatsapp','default','+85262645180','3EB0C7F4270BF70C087E06',NULL,'好的，我已经测试了API端点 `https://api10.xingke888.com/` 和密钥 `sdfsf8is89dfs7dhfiusdfh89sfhisufhkjs8f9dfiso89ewf`。\n\n从测试结果来看：\n1. **API是Anthropic兼容的** - 根端点显示\"Anthropic API\"\n2. **认证有效** - API接受提供的密钥\n3. **主要问题是模型名称** - 所有测试的标准模型名称都返回\"not_found_error\"\n\n**现在我需要知道：**\n这个API支持哪些具体的模型名称？常见的测试都失败了，所以这个API可能使用非标准的模型命名。\n\n**请提供以下之一：**\n1. 这个API支持的模型名称列表\n2. API文档链接\n3. 或者，如果你有使用这个API的代码示例，我可以从中提取模型名称\n\n**或者，我们可以尝试：**\n1. 联系API提供商获取支持的模型列表\n2. 尝试一些可能的模型名称变体\n\n你能提供更多关于这个API的信息吗？比如：\n- 它是哪个公司/服务提供的？\n- 它主要支持哪些AI模型？\n- 你有没有使用过这个API的成功示例？',1,NULL,'agent:main:whatsapp:direct:+85262645180','2026-04-17 15:33:07','2026-04-17 23:33:07','2026-04-17 23:33:07'),(157,'main','inbound','whatsapp','default','+85262645180','3B9E21D4E6984F6AEDAC','+85262645180','claude-sonnet-4-6',1,NULL,'agent:main:whatsapp:direct:+85262645180','2026-04-17 15:33:39','2026-04-17 23:33:39','2026-04-17 23:33:39'),(158,'main','inbound','whatsapp','default','+85262645180','3BC63EEEDCE7B0846F3E','+85262645180','claude-haiku-4-5-20251001',1,NULL,'agent:main:whatsapp:direct:+85262645180','2026-04-17 15:35:38','2026-04-17 23:35:38','2026-04-17 23:35:38'),(159,'main','inbound','whatsapp','default','+85262645180','3BE66D25EFDACF96FC4E','+85262645180','claude-sonnet-4-6[1m]',1,NULL,'agent:main:whatsapp:direct:+85262645180','2026-04-17 15:36:01','2026-04-17 23:36:01','2026-04-17 23:36:01'),(160,'main','inbound','webchat',NULL,NULL,'94bbeb84-b1bd-4df9-a663-a407170244e2',NULL,'hi',1,NULL,'agent:main:main','2026-04-17 15:36:40','2026-04-17 23:36:40','2026-04-17 23:36:40'),(161,'main','inbound','webchat',NULL,NULL,'28f8410c-cd08-45a4-bee3-6246e0e7b0ff',NULL,'hi',1,NULL,'agent:main:main','2026-04-17 15:37:00','2026-04-17 23:37:00','2026-04-17 23:37:00'),(162,'main','inbound','whatsapp','default','+85262645180','3B34B1CE18ECA4FF6C51','+85262645180','/model xingke/claude-sonnet-4-6',1,NULL,'agent:main:whatsapp:direct:+85262645180','2026-04-17 15:37:28','2026-04-17 23:37:28','2026-04-17 23:37:28'),(163,'main','inbound','whatsapp','default','+85262645180','3B1FE511DD84F05BBDF6','+85262645180','hi',1,NULL,'agent:main:whatsapp:direct:+85262645180','2026-04-17 15:37:33','2026-04-17 23:37:33','2026-04-17 23:37:33'),(164,'main','inbound','whatsapp','default','+85262645180','3B10018D3A9B1574543E','+85262645180','/skills',1,NULL,'agent:main:whatsapp:direct:+85262645180','2026-04-17 15:37:51','2026-04-17 23:37:51','2026-04-17 23:37:51'),(165,'main','inbound','webchat',NULL,NULL,'eff08d1a-a55a-4126-a213-8c271a2ae523',NULL,'/skills',1,NULL,'agent:main:main','2026-04-17 15:38:15','2026-04-17 23:38:15','2026-04-17 23:38:15'),(166,'main','inbound','webchat',NULL,NULL,'6507e1ba-fe32-44ae-851d-88ff5726caef',NULL,'如何删除一个skill',1,NULL,'agent:main:main','2026-04-17 15:38:52','2026-04-17 23:38:52','2026-04-17 23:38:52'),(167,'main','inbound','webchat',NULL,NULL,'1fb3c2ff-b596-4a83-b264-d727c4423239',NULL,'shejian',1,NULL,'agent:main:main','2026-04-17 15:39:28','2026-04-17 23:39:28','2026-04-17 23:39:28'),(168,'main','inbound','whatsapp','default','+85262645180','3BB383083382F8BF92B8','+85262645180','/skills',1,NULL,'agent:main:whatsapp:direct:+85262645180','2026-04-17 15:40:07','2026-04-17 23:40:07','2026-04-17 23:40:07'),(169,'main','inbound','whatsapp','default','+85262645180','3B282E296445E80A5892','+85262645180','shejian',1,NULL,'agent:main:whatsapp:direct:+85262645180','2026-04-17 15:40:25','2026-04-17 23:40:25','2026-04-17 23:40:25'),(170,'main','inbound','whatsapp','default','+85262645180','3BFA693F24BEB4A5D986','+85262645180','安装skill https://github.com/xingke2023/clawmart',1,NULL,'agent:main:whatsapp:direct:+85262645180','2026-04-17 15:41:08','2026-04-17 23:41:08','2026-04-17 23:41:08'),(171,'main','inbound','whatsapp','default','+85262645180','3B2C707485A4E4DB2F17','+85262645180','/clawmart',1,NULL,'agent:main:whatsapp:direct:+85262645180','2026-04-17 15:41:42','2026-04-17 23:41:42','2026-04-17 23:41:42'),(172,'main','inbound','whatsapp','default','+85262645180','3BBDD0766BED69791C8E','+85262645180','注册',1,NULL,'agent:main:whatsapp:direct:+85262645180','2026-04-17 15:41:59','2026-04-17 23:41:59','2026-04-17 23:41:59'),(173,'main','inbound','whatsapp','default','+85262645180','3B0DC2D219065D12DFCD','+85262645180','mark',1,NULL,'agent:main:whatsapp:direct:+85262645180','2026-04-17 15:42:15','2026-04-17 23:42:15','2026-04-17 23:42:15'),(174,'main','inbound','whatsapp','default','+85262645180','3B6A96B48BBFFF942A52','+85262645180','uuuu8888',1,NULL,'agent:main:whatsapp:direct:+85262645180','2026-04-17 15:42:22','2026-04-17 23:42:23','2026-04-17 23:42:23'),(175,'main','inbound','whatsapp','default','+85262645180','3B6A3E99DDE160FFBB36','+85262645180','/new',1,NULL,'agent:main:whatsapp:direct:+85262645180','2026-04-17 15:43:05','2026-04-17 23:43:05','2026-04-17 23:43:05'),(176,'main','outbound','whatsapp','default','+85262645180','3EB04CDFA4EC6B72B33346',NULL,'✅ New session started · model: xingke/claude-sonnet-4-6 (default: deepseek/deepseek-chat)',1,NULL,'agent:main:whatsapp:direct:+85262645180','2026-04-17 15:43:09','2026-04-17 23:43:11','2026-04-17 23:43:11'),(177,'main','inbound','whatsapp','default','+85262645180','3B9B13FC2589AB2472E4','+85262645180','安装skill https://github.com/xingke2023/clawmart',1,NULL,'agent:main:whatsapp:direct:+85262645180','2026-04-17 15:44:48','2026-04-17 23:44:49','2026-04-17 23:44:49'),(178,'main','inbound','whatsapp','default','+85262645180','3B05D7951E242D0AF691','+85262645180','/clawmart',1,NULL,'agent:main:whatsapp:direct:+85262645180','2026-04-17 15:45:16','2026-04-17 23:45:16','2026-04-17 23:45:16'),(179,'main','inbound','whatsapp','default','+85262645180','3BB6E0E5C5C795B7A721','+85262645180','登录账号',1,NULL,'agent:main:whatsapp:direct:+85262645180','2026-04-17 15:45:34','2026-04-17 23:45:34','2026-04-17 23:45:34'),(180,'main','inbound','whatsapp','default','+85262645180','3B3719DBC1A35E2DFE84','+85262645180','mark uuuu8888',1,NULL,'agent:main:whatsapp:direct:+85262645180','2026-04-17 15:45:45','2026-04-17 23:45:45','2026-04-17 23:45:45'),(181,'main','inbound','whatsapp','default','+85262645180','3B8A12F0858F9DF4459F','+85262645180','发布公告 今天全场打折8折',1,NULL,'agent:main:whatsapp:direct:+85262645180','2026-04-17 15:46:19','2026-04-17 23:46:19','2026-04-17 23:46:19'),(182,'main','inbound','whatsapp','default','+85262645180','3B82F688BE5FB3E3B20D','+85262645180','我的店铺的地址是？',1,NULL,'agent:main:whatsapp:direct:+85262645180','2026-04-17 15:46:42','2026-04-17 23:46:42','2026-04-17 23:46:42'),(183,'main','inbound','whatsapp','default','+85262645180','3B0E47074D940B1D4014','+85262645180','好',1,NULL,'agent:main:whatsapp:direct:+85262645180','2026-04-17 15:46:55','2026-04-17 23:46:55','2026-04-17 23:46:55'),(184,'main','inbound','whatsapp','default','+85262645180','3B9000E8FFCD22E1E643','+85262645180','如何更新店铺',1,NULL,'agent:main:whatsapp:direct:+85262645180','2026-04-17 15:47:11','2026-04-17 23:47:11','2026-04-17 23:47:11'),(185,'main','inbound','whatsapp','default','+85262645180','3B764BCDABD06E354C19','+85262645180','好的',1,NULL,'agent:main:whatsapp:direct:+85262645180','2026-04-17 15:47:35','2026-04-17 23:47:35','2026-04-17 23:47:35'),(186,'main','inbound','whatsapp','default','+85262645180','3B5BF03034760DDFD483','+85262645180','现在有什么商品',1,NULL,'agent:main:whatsapp:direct:+85262645180','2026-04-17 15:47:52','2026-04-17 23:47:52','2026-04-17 23:47:52'),(187,'main','inbound','whatsapp','default','+85262645180','3BE61467B2780BB831F3','+85262645180','好啊',1,NULL,'agent:main:whatsapp:direct:+85262645180','2026-04-17 15:48:04','2026-04-17 23:48:04','2026-04-17 23:48:04'),(188,'main','inbound','whatsapp','default','+85262645180','3B3502CED55B0C5FAE7D','+85262645180','苹果 5元一斤',1,NULL,'agent:main:whatsapp:direct:+85262645180','2026-04-17 15:48:18','2026-04-17 23:48:18','2026-04-17 23:48:18'),(189,'main','inbound','whatsapp','default','+85262645180','3B3C9BFC7679AA658AB3','+85262645180','100斤',1,NULL,'agent:main:whatsapp:direct:+85262645180','2026-04-17 15:48:29','2026-04-17 23:48:29','2026-04-17 23:48:29'),(190,'main','inbound','whatsapp','default','+85262645180','3B5AB7B1CF454A065B47','+85262645180','我看看效果',1,NULL,'agent:main:whatsapp:direct:+85262645180','2026-04-17 15:48:46','2026-04-17 23:48:46','2026-04-17 23:48:46'),(191,'main','inbound','whatsapp','default','+85262645180','3B34C924DB5AC3E5EB86','+85262645180','给我店铺的二维码',1,NULL,'agent:main:whatsapp:direct:+85262645180','2026-04-17 15:48:57','2026-04-17 23:48:57','2026-04-17 23:48:57'),(192,'main','inbound','whatsapp','default','+85262645180','ACE0A206B1D63C539964134562DF9672','+85262645180','/new',1,NULL,'agent:main:whatsapp:direct:+85262645180','2026-04-17 19:00:39','2026-04-18 03:00:39','2026-04-18 03:00:39'),(193,'main','inbound','whatsapp','default','+85262645180','ACD1E78A554770A6D0A9825D2833B5BB','+85262645180','删除clawmart 这个skill',1,NULL,'agent:main:whatsapp:direct:+85262645180','2026-04-17 19:01:21','2026-04-18 03:01:21','2026-04-18 03:01:21'),(194,'main','inbound','whatsapp','default','+85262645180','ACFBA3C7C488EAAA2F39C856CAE45446','+85262645180','安装skill \nhttps://github.com/xingke2023/clawmart',1,NULL,'agent:main:whatsapp:direct:+85262645180','2026-04-17 19:03:11','2026-04-18 03:03:11','2026-04-18 03:03:11'),(195,'main','inbound','whatsapp','default','+85262645180','AC4BC54910EEAA853292D84991409A21','+85262645180','生效了吗 这个skill',1,NULL,'agent:main:whatsapp:direct:+85262645180','2026-04-17 19:03:48','2026-04-18 03:03:48','2026-04-18 03:03:48'),(196,'main','inbound','whatsapp','default','+85262645180','ACB432672C4ADCA739FBAC04A8297A8A','+85262645180','/clawmart',1,NULL,'agent:main:whatsapp:direct:+85262645180','2026-04-17 19:04:18','2026-04-18 03:04:18','2026-04-18 03:04:18'),(197,'main','inbound','whatsapp','default','+85262645180','AC54D2CB4ABE8CE9B7398B9DCA0FF737','+85262645180','注册',1,NULL,'agent:main:whatsapp:direct:+85262645180','2026-04-17 19:04:40','2026-04-18 03:04:40','2026-04-18 03:04:40'),(198,'main','inbound','whatsapp','default','+85262645180','AC4C13431A6C470D5FA73BA467E6F67A','+85262645180','rose',1,NULL,'agent:main:whatsapp:direct:+85262645180','2026-04-17 19:04:58','2026-04-18 03:04:58','2026-04-18 03:04:58'),(199,'main','inbound','whatsapp','default','+85262645180','AC63563D32D49F541AA0BD672877B2FD','+85262645180','uuuu8888',1,NULL,'agent:main:whatsapp:direct:+85262645180','2026-04-17 19:05:16','2026-04-18 03:05:16','2026-04-18 03:05:16'),(200,'main','inbound','whatsapp','default','+85262645180','ACA050602EF3A531F1356CD5451F81A0','+85262645180','店铺叫 汉庭深圳湾口岸店',1,NULL,'agent:main:whatsapp:direct:+85262645180','2026-04-17 19:05:50','2026-04-18 03:05:50','2026-04-18 03:05:50'),(201,'main','inbound','whatsapp','default','+85262645180','AC1DDADAB665D0FBF5D0BF43BCC75D1F','+85262645180','这个店的电话是62645180 地址是深圳湾口岸东滨路十八号',1,NULL,'agent:main:whatsapp:direct:+85262645180','2026-04-17 19:06:32','2026-04-18 03:06:33','2026-04-18 03:06:33'),(202,'main','inbound','whatsapp','default','+85262645180','AC7567675D8C71DFCE25FC23D737BA80','+85262645180','这个店的房间有25间 有15间大床房 10间双床房 价格基本是从300到500不等',1,NULL,'agent:main:whatsapp:direct:+85262645180','2026-04-17 19:07:17','2026-04-18 03:07:17','2026-04-18 03:07:17'),(203,'main','inbound','whatsapp','default','+85262645180','AC51B1AA3568353AC13EFCB1912C48F1','+85262645180','给我做一个店铺的宣传海报',1,NULL,'agent:main:whatsapp:direct:+85262645180','2026-04-17 19:07:46','2026-04-18 03:07:46','2026-04-18 03:07:46'),(204,'main','inbound','whatsapp','default','+85262645180','ACF23C5A1F1D9A1238EE2641E9270164','+85262645180','<media:image>',1,NULL,'agent:main:whatsapp:direct:+85262645180','2026-04-17 19:08:13','2026-04-18 03:08:13','2026-04-18 03:08:13'),(205,'main','inbound','whatsapp','default','+85262645180','ACDE20A050143249852F61326BC600B7','+85262645180','这里可以免费停车 免费洗衣服 会员送早餐',1,NULL,'agent:main:whatsapp:direct:+85262645180','2026-04-17 19:08:47','2026-04-18 03:08:47','2026-04-18 03:08:47'),(206,'main','outbound','whatsapp','default','+85262645180','3EB0306487053721BD751A',NULL,'好的，我来更新店铺描述，把这些福利加进去！',1,NULL,'agent:main:whatsapp:direct:+85262645180','2026-04-17 19:09:34','2026-04-18 03:09:34','2026-04-18 03:09:34'),(207,'main','outbound','whatsapp','default','+85262645180','3EB0C43D5B5C7806E89722',NULL,'✅ 店铺信息已更新！\n\n- 📝 简介：已加入免费停车、免费洗衣、会员送早餐\n- 🏷 标签：免费停车 / 免费洗衣 / 会员送早餐 / 深圳湾口岸 / 商务出行\n\n还有什么要补充的吗？',1,NULL,'agent:main:whatsapp:direct:+85262645180','2026-04-17 19:09:34','2026-04-18 03:09:34','2026-04-18 03:09:34'),(208,'main','inbound','whatsapp','default','+85262645180','AC5D0BF440F3EC887DEAE391A8D32110','+85262645180','好的',1,NULL,'agent:main:whatsapp:direct:+85262645180','2026-04-17 19:09:42','2026-04-18 03:09:42','2026-04-18 03:09:42'),(209,'main','inbound','whatsapp','default','+85262645180','AC6A08FB8A2FFC731469BCF97CC29F30','+85262645180','就是这两天的销量不是很好 这个要跟店长他们要反馈一下 看看是怎么回事 开个会',1,NULL,'agent:main:whatsapp:direct:+85262645180','2026-04-17 19:10:05','2026-04-18 03:10:05','2026-04-18 03:10:05');
/*!40000 ALTER TABLE `chat_logs` ENABLE KEYS */;
UNLOCK TABLES;

--
-- Table structure for table `competitor_hot_products`
--

DROP TABLE IF EXISTS `competitor_hot_products`;
/*!40101 SET @saved_cs_client     = @@character_set_client */;
/*!50503 SET character_set_client = utf8mb4 */;
CREATE TABLE `competitor_hot_products` (
  `id` bigint unsigned NOT NULL AUTO_INCREMENT,
  `competitor_id` bigint unsigned NOT NULL,
  `competitor_product_id` bigint unsigned NOT NULL,
  `identified_date` date NOT NULL,
  `heat_score` decimal(5,2) DEFAULT NULL,
  `evidence` json DEFAULT NULL COMMENT '热度证据',
  `our_product_id` bigint unsigned DEFAULT NULL,
  `recommendation` tinyint DEFAULT NULL COMMENT '1:引进建议 2:加量建议 3:已有无需操作',
  `reviewed_by` bigint unsigned DEFAULT NULL,
  `reviewed_at` timestamp NULL DEFAULT NULL,
  `created_at` timestamp NOT NULL DEFAULT CURRENT_TIMESTAMP,
  PRIMARY KEY (`id`),
  KEY `competitor_hot_products_competitor_product_id_foreign` (`competitor_product_id`),
  KEY `competitor_hot_products_our_product_id_foreign` (`our_product_id`),
  KEY `competitor_hot_products_reviewed_by_foreign` (`reviewed_by`),
  KEY `competitor_hot_products_competitor_id_identified_date_index` (`competitor_id`,`identified_date`),
  CONSTRAINT `competitor_hot_products_competitor_id_foreign` FOREIGN KEY (`competitor_id`) REFERENCES `competitors` (`id`) ON DELETE CASCADE,
  CONSTRAINT `competitor_hot_products_competitor_product_id_foreign` FOREIGN KEY (`competitor_product_id`) REFERENCES `competitor_products` (`id`) ON DELETE CASCADE,
  CONSTRAINT `competitor_hot_products_our_product_id_foreign` FOREIGN KEY (`our_product_id`) REFERENCES `products` (`id`) ON DELETE SET NULL,
  CONSTRAINT `competitor_hot_products_reviewed_by_foreign` FOREIGN KEY (`reviewed_by`) REFERENCES `users` (`id`) ON DELETE SET NULL
) ENGINE=InnoDB DEFAULT CHARSET=utf8mb4 COLLATE=utf8mb4_unicode_ci;
/*!40101 SET character_set_client = @saved_cs_client */;

--
-- Dumping data for table `competitor_hot_products`
--

LOCK TABLES `competitor_hot_products` WRITE;
/*!40000 ALTER TABLE `competitor_hot_products` DISABLE KEYS */;
/*!40000 ALTER TABLE `competitor_hot_products` ENABLE KEYS */;
UNLOCK TABLES;

--
-- Table structure for table `competitor_price_records`
--

DROP TABLE IF EXISTS `competitor_price_records`;
/*!40101 SET @saved_cs_client     = @@character_set_client */;
/*!50503 SET character_set_client = utf8mb4 */;
CREATE TABLE `competitor_price_records` (
  `id` bigint unsigned NOT NULL AUTO_INCREMENT,
  `competitor_product_id` bigint unsigned NOT NULL,
  `competitor_id` bigint unsigned NOT NULL,
  `product_id` bigint unsigned DEFAULT NULL,
  `price` decimal(12,2) NOT NULL,
  `original_price` decimal(12,2) DEFAULT NULL COMMENT '划线价',
  `is_promotion` tinyint(1) NOT NULL DEFAULT '0',
  `collect_source` tinyint NOT NULL DEFAULT '1' COMMENT '1:人工录入 2:APP扫码 3:爬虫 4:第三方API',
  `collect_channel` varchar(100) CHARACTER SET utf8mb4 COLLATE utf8mb4_unicode_ci DEFAULT NULL,
  `image_url` varchar(500) CHARACTER SET utf8mb4 COLLATE utf8mb4_unicode_ci DEFAULT NULL COMMENT '采集凭证图片',
  `collected_by` bigint unsigned DEFAULT NULL,
  `collected_at` timestamp NOT NULL DEFAULT CURRENT_TIMESTAMP,
  `created_at` timestamp NOT NULL DEFAULT CURRENT_TIMESTAMP,
  PRIMARY KEY (`id`),
  KEY `competitor_price_records_competitor_product_id_foreign` (`competitor_product_id`),
  KEY `competitor_price_records_collected_by_foreign` (`collected_by`),
  KEY `cpr_competitor_product_date` (`competitor_id`,`product_id`,`collected_at`),
  KEY `cpr_product_date` (`product_id`,`collected_at`),
  KEY `competitor_price_records_collected_at_index` (`collected_at`),
  CONSTRAINT `competitor_price_records_collected_by_foreign` FOREIGN KEY (`collected_by`) REFERENCES `users` (`id`) ON DELETE SET NULL,
  CONSTRAINT `competitor_price_records_competitor_id_foreign` FOREIGN KEY (`competitor_id`) REFERENCES `competitors` (`id`) ON DELETE CASCADE,
  CONSTRAINT `competitor_price_records_competitor_product_id_foreign` FOREIGN KEY (`competitor_product_id`) REFERENCES `competitor_products` (`id`) ON DELETE CASCADE,
  CONSTRAINT `competitor_price_records_product_id_foreign` FOREIGN KEY (`product_id`) REFERENCES `products` (`id`) ON DELETE SET NULL
) ENGINE=InnoDB DEFAULT CHARSET=utf8mb4 COLLATE=utf8mb4_unicode_ci;
/*!40101 SET character_set_client = @saved_cs_client */;

--
-- Dumping data for table `competitor_price_records`
--

LOCK TABLES `competitor_price_records` WRITE;
/*!40000 ALTER TABLE `competitor_price_records` DISABLE KEYS */;
/*!40000 ALTER TABLE `competitor_price_records` ENABLE KEYS */;
UNLOCK TABLES;

--
-- Table structure for table `competitor_products`
--

DROP TABLE IF EXISTS `competitor_products`;
/*!40101 SET @saved_cs_client     = @@character_set_client */;
/*!50503 SET character_set_client = utf8mb4 */;
CREATE TABLE `competitor_products` (
  `id` bigint unsigned NOT NULL AUTO_INCREMENT,
  `competitor_id` bigint unsigned NOT NULL,
  `product_id` bigint unsigned DEFAULT NULL,
  `competitor_product_name` varchar(200) CHARACTER SET utf8mb4 COLLATE utf8mb4_unicode_ci NOT NULL,
  `competitor_product_code` varchar(100) CHARACTER SET utf8mb4 COLLATE utf8mb4_unicode_ci DEFAULT NULL,
  `spec` varchar(200) CHARACTER SET utf8mb4 COLLATE utf8mb4_unicode_ci DEFAULT NULL,
  `match_confidence` decimal(5,4) DEFAULT NULL COMMENT '与自家商品匹配置信度',
  `is_manually_confirmed` tinyint(1) NOT NULL DEFAULT '0',
  `created_at` timestamp NULL DEFAULT NULL,
  `updated_at` timestamp NULL DEFAULT NULL,
  PRIMARY KEY (`id`),
  KEY `competitor_products_competitor_id_index` (`competitor_id`),
  KEY `competitor_products_product_id_index` (`product_id`),
  CONSTRAINT `competitor_products_competitor_id_foreign` FOREIGN KEY (`competitor_id`) REFERENCES `competitors` (`id`) ON DELETE CASCADE,
  CONSTRAINT `competitor_products_product_id_foreign` FOREIGN KEY (`product_id`) REFERENCES `products` (`id`) ON DELETE SET NULL
) ENGINE=InnoDB DEFAULT CHARSET=utf8mb4 COLLATE=utf8mb4_unicode_ci;
/*!40101 SET character_set_client = @saved_cs_client */;

--
-- Dumping data for table `competitor_products`
--

LOCK TABLES `competitor_products` WRITE;
/*!40000 ALTER TABLE `competitor_products` DISABLE KEYS */;
/*!40000 ALTER TABLE `competitor_products` ENABLE KEYS */;
UNLOCK TABLES;

--
-- Table structure for table `competitors`
--

DROP TABLE IF EXISTS `competitors`;
/*!40101 SET @saved_cs_client     = @@character_set_client */;
/*!50503 SET character_set_client = utf8mb4 */;
CREATE TABLE `competitors` (
  `id` bigint unsigned NOT NULL AUTO_INCREMENT,
  `organization_id` bigint unsigned NOT NULL,
  `name` varchar(200) CHARACTER SET utf8mb4 COLLATE utf8mb4_unicode_ci NOT NULL,
  `brand` varchar(100) CHARACTER SET utf8mb4 COLLATE utf8mb4_unicode_ci DEFAULT NULL,
  `address` varchar(300) CHARACTER SET utf8mb4 COLLATE utf8mb4_unicode_ci DEFAULT NULL,
  `latitude` decimal(10,7) DEFAULT NULL,
  `longitude` decimal(10,7) DEFAULT NULL,
  `distance_to_store` decimal(8,2) DEFAULT NULL COMMENT '距最近自家门店（米）',
  `nearest_store_id` bigint unsigned DEFAULT NULL,
  `channels` json DEFAULT NULL COMMENT '情报采集渠道',
  `status` tinyint NOT NULL DEFAULT '1' COMMENT '0:停止监控 1:正常监控',
  `notes` text CHARACTER SET utf8mb4 COLLATE utf8mb4_unicode_ci,
  `created_at` timestamp NULL DEFAULT NULL,
  `updated_at` timestamp NULL DEFAULT NULL,
  `deleted_at` timestamp NULL DEFAULT NULL,
  PRIMARY KEY (`id`),
  KEY `competitors_nearest_store_id_foreign` (`nearest_store_id`),
  KEY `competitors_organization_id_status_index` (`organization_id`,`status`),
  CONSTRAINT `competitors_nearest_store_id_foreign` FOREIGN KEY (`nearest_store_id`) REFERENCES `stores` (`id`) ON DELETE SET NULL,
  CONSTRAINT `competitors_organization_id_foreign` FOREIGN KEY (`organization_id`) REFERENCES `organizations` (`id`) ON DELETE CASCADE
) ENGINE=InnoDB DEFAULT CHARSET=utf8mb4 COLLATE=utf8mb4_unicode_ci;
/*!40101 SET character_set_client = @saved_cs_client */;

--
-- Dumping data for table `competitors`
--

LOCK TABLES `competitors` WRITE;
/*!40000 ALTER TABLE `competitors` DISABLE KEYS */;
/*!40000 ALTER TABLE `competitors` ENABLE KEYS */;
UNLOCK TABLES;

--
-- Table structure for table `custom_report_templates`
--

DROP TABLE IF EXISTS `custom_report_templates`;
/*!40101 SET @saved_cs_client     = @@character_set_client */;
/*!50503 SET character_set_client = utf8mb4 */;
CREATE TABLE `custom_report_templates` (
  `id` bigint unsigned NOT NULL AUTO_INCREMENT,
  `organization_id` bigint unsigned NOT NULL,
  `created_by` bigint unsigned NOT NULL,
  `name` varchar(200) CHARACTER SET utf8mb4 COLLATE utf8mb4_unicode_ci NOT NULL,
  `description` text CHARACTER SET utf8mb4 COLLATE utf8mb4_unicode_ci,
  `data_sources` json DEFAULT NULL COMMENT '数据源配置',
  `filters` json DEFAULT NULL COMMENT '筛选条件配置',
  `columns` json DEFAULT NULL COMMENT '报表列定义',
  `chart_types` json DEFAULT NULL,
  `schedule_cron` varchar(50) CHARACTER SET utf8mb4 COLLATE utf8mb4_unicode_ci DEFAULT NULL COMMENT '定时生成表达式',
  `is_shared` tinyint(1) NOT NULL DEFAULT '0',
  `created_at` timestamp NULL DEFAULT NULL,
  `updated_at` timestamp NULL DEFAULT NULL,
  `deleted_at` timestamp NULL DEFAULT NULL,
  PRIMARY KEY (`id`),
  KEY `custom_report_templates_created_by_foreign` (`created_by`),
  KEY `custom_report_templates_organization_id_is_shared_index` (`organization_id`,`is_shared`),
  CONSTRAINT `custom_report_templates_created_by_foreign` FOREIGN KEY (`created_by`) REFERENCES `users` (`id`) ON DELETE CASCADE,
  CONSTRAINT `custom_report_templates_organization_id_foreign` FOREIGN KEY (`organization_id`) REFERENCES `organizations` (`id`) ON DELETE CASCADE
) ENGINE=InnoDB DEFAULT CHARSET=utf8mb4 COLLATE=utf8mb4_unicode_ci;
/*!40101 SET character_set_client = @saved_cs_client */;

--
-- Dumping data for table `custom_report_templates`
--

LOCK TABLES `custom_report_templates` WRITE;
/*!40000 ALTER TABLE `custom_report_templates` DISABLE KEYS */;
/*!40000 ALTER TABLE `custom_report_templates` ENABLE KEYS */;
UNLOCK TABLES;

--
-- Table structure for table `daily_operation_logs`
--

DROP TABLE IF EXISTS `daily_operation_logs`;
/*!40101 SET @saved_cs_client     = @@character_set_client */;
/*!50503 SET character_set_client = utf8mb4 */;
CREATE TABLE `daily_operation_logs` (
  `id` bigint unsigned NOT NULL AUTO_INCREMENT,
  `store_id` bigint unsigned NOT NULL,
  `date` date NOT NULL,
  `occurred_at` timestamp NOT NULL,
  `source` tinyint unsigned NOT NULL COMMENT '1=AI助手 2=手动API 3=Filament后台',
  `content` text COLLATE utf8mb4_unicode_ci NOT NULL COMMENT '操作描述或原始指令文本',
  `intent` varchar(32) COLLATE utf8mb4_unicode_ci NOT NULL DEFAULT 'note' COMMENT 'stock_in|stock_out|sold_out|damage|adjust|supplement|note|other',
  `is_operational` tinyint(1) NOT NULL DEFAULT '0' COMMENT '是否影响库存/销售数据',
  `is_failed` tinyint(1) NOT NULL DEFAULT '0',
  `http_status_code` smallint DEFAULT NULL,
  `error_message` varchar(500) COLLATE utf8mb4_unicode_ci DEFAULT NULL,
  `product_id` bigint unsigned DEFAULT NULL,
  `qty_change` decimal(10,3) DEFAULT NULL COMMENT '库存变动量（正入负出）',
  `reference_type` varchar(64) COLLATE utf8mb4_unicode_ci DEFAULT NULL,
  `reference_id` bigint unsigned DEFAULT NULL,
  `operator_id` bigint unsigned DEFAULT NULL,
  `created_at` timestamp NULL DEFAULT NULL,
  `updated_at` timestamp NULL DEFAULT NULL,
  PRIMARY KEY (`id`),
  KEY `daily_operation_logs_store_id_date_index` (`store_id`,`date`),
  CONSTRAINT `daily_operation_logs_store_id_foreign` FOREIGN KEY (`store_id`) REFERENCES `stores` (`id`) ON DELETE CASCADE
) ENGINE=InnoDB AUTO_INCREMENT=373 DEFAULT CHARSET=utf8mb4 COLLATE=utf8mb4_unicode_ci;
/*!40101 SET character_set_client = @saved_cs_client */;

--
-- Dumping data for table `daily_operation_logs`
--

LOCK TABLES `daily_operation_logs` WRITE;
/*!40000 ALTER TABLE `daily_operation_logs` DISABLE KEYS */;
INSERT INTO `daily_operation_logs` VALUES (1,1,'2026-03-31','2026-03-30 20:22:14',1,'AI助手: 今天下午到货了50斤苹果，请帮我录入库存','other',0,0,NULL,NULL,NULL,NULL,'ai_message',3,8,'2026-03-30 20:22:14','2026-03-30 20:22:14'),(2,1,'2026-03-31','2026-03-30 20:22:18',1,'AI助手: 今天下午有50斤苹果到货了','other',0,0,NULL,NULL,NULL,NULL,'ai_message',5,8,'2026-03-30 20:22:18','2026-03-30 20:22:18'),(3,1,'2026-03-31','2026-03-30 20:22:38',1,'AI助手: 今天下午有50斤苹果到货了','other',0,0,NULL,NULL,NULL,NULL,'ai_message',7,8,'2026-03-30 20:22:38','2026-03-30 20:22:38'),(4,1,'2026-03-31','2026-03-30 20:23:28',1,'AI助手: 今天下午有50斤苹果到货了','purchase_receipt',1,0,NULL,NULL,NULL,NULL,'inventory',8,8,'2026-03-30 20:23:28','2026-03-30 20:23:28'),(5,1,'2026-03-31','2026-03-30 20:43:14',1,'AI助手: 猪五花肉卖掉10斤','other',0,0,NULL,NULL,NULL,NULL,'ai_message',9,8,'2026-03-30 20:43:14','2026-03-30 20:43:14'),(6,1,'2026-03-31','2026-03-30 21:21:29',2,'手动调整: 测试售罄','sold_out',1,0,NULL,NULL,8,-50.000,'inventory',8,8,'2026-03-30 21:21:29','2026-03-30 21:21:29'),(7,1,'2026-03-31','2026-03-30 21:21:29',2,'补录销售: 测试补录','supplement',1,0,NULL,NULL,8,-5.000,'sales_order',2,8,'2026-03-30 21:21:29','2026-03-30 21:21:29'),(8,1,'2026-03-31','2026-03-30 21:22:10',2,'手动调整: 盘点修正测试','adjust',1,0,NULL,NULL,1,5.900,'inventory',1,8,'2026-03-30 21:22:10','2026-03-30 21:22:10'),(9,1,'2026-03-31','2026-03-30 21:22:10',2,'手动调整: 腐烂损耗','damage',1,0,NULL,NULL,3,-5.000,'inventory',3,8,'2026-03-30 21:22:10','2026-03-30 21:22:10'),(10,1,'2026-03-31','2026-03-30 21:22:10',1,'AI助手: 今天苹果到货50斤','other',0,0,NULL,NULL,NULL,NULL,'ai_message',11,8,'2026-03-30 21:22:10','2026-03-30 21:22:10'),(11,1,'2026-03-31','2026-03-30 21:27:01',2,'手动调整: 腐烂测试','damage',1,0,NULL,NULL,3,-2.000,'inventory',3,8,'2026-03-30 21:27:01','2026-03-30 21:27:01'),(12,1,'2026-03-31','2026-03-30 21:27:01',2,'手动调整: 售罄测试','sold_out',1,0,NULL,NULL,4,-65.300,'inventory',4,8,'2026-03-30 21:27:01','2026-03-30 21:27:01'),(13,1,'2026-03-31','2026-03-30 21:27:34',1,'AI助手: 卖了5斤番茄','other',0,0,NULL,NULL,NULL,NULL,'ai_message',13,8,'2026-03-30 21:27:34','2026-03-30 21:27:34'),(14,1,'2026-03-31','2026-03-30 21:43:45',1,'AI助手: 苹果卖完了','other',0,0,NULL,NULL,NULL,NULL,'ai_message',15,8,'2026-03-30 21:43:45','2026-03-30 21:43:45'),(15,2,'2026-03-31','2026-03-30 22:44:27',2,'进货收货: PO-20260331-00001 共 2 个SKU','stock_in',1,0,NULL,NULL,NULL,NULL,'purchase_order',16,9,'2026-03-30 22:44:27','2026-03-30 22:44:27'),(16,2,'2026-03-31','2026-03-30 22:49:33',2,'进货收货: PO-20260331-00002 共 1 个SKU','stock_in',1,0,NULL,NULL,NULL,NULL,'purchase_order',17,9,'2026-03-30 22:49:33','2026-03-30 22:49:33'),(17,2,'2026-03-31','2026-03-31 00:49:04',1,'AI助手: 现在，番茄卖得很慢','other',0,0,NULL,NULL,NULL,NULL,'ai_message',17,9,'2026-03-31 00:49:04','2026-03-31 00:49:04'),(18,2,'2026-04-01','2026-03-31 20:49:29',2,'进货收货: PO-20260401-00001 共 8 个SKU','stock_in',1,0,NULL,NULL,NULL,NULL,'purchase_order',18,9,'2026-03-31 20:49:29','2026-03-31 20:49:29'),(19,2,'2026-04-01','2026-03-31 20:56:43',2,'进货收货: PO-20260401-00002 共 16 个SKU','stock_in',1,0,NULL,NULL,NULL,NULL,'purchase_order',19,9,'2026-03-31 20:56:43','2026-03-31 20:56:43'),(20,2,'2026-04-01','2026-03-31 21:24:19',2,'手动调整: 清空库存','adjust',1,0,NULL,NULL,46,-60.000,'inventory',46,9,'2026-03-31 21:24:19','2026-03-31 21:24:19'),(21,2,'2026-04-01','2026-03-31 21:24:19',2,'手动调整: 清空库存','adjust',1,0,NULL,NULL,32,-72.000,'inventory',32,9,'2026-03-31 21:24:19','2026-03-31 21:24:19'),(22,2,'2026-04-01','2026-03-31 21:24:19',2,'手动调整: 清空库存','adjust',1,0,NULL,NULL,33,-38.000,'inventory',33,9,'2026-03-31 21:24:19','2026-03-31 21:24:19'),(23,2,'2026-04-01','2026-03-31 21:24:19',2,'手动调整: 清空库存','adjust',1,0,NULL,NULL,34,-120.000,'inventory',34,9,'2026-03-31 21:24:19','2026-03-31 21:24:19'),(24,2,'2026-04-01','2026-03-31 21:24:20',2,'手动调整: 清空库存','adjust',1,0,NULL,NULL,35,-19.000,'inventory',35,9,'2026-03-31 21:24:20','2026-03-31 21:24:20'),(25,2,'2026-04-01','2026-03-31 21:24:20',2,'手动调整: 清空库存','adjust',1,0,NULL,NULL,36,-64.000,'inventory',36,9,'2026-03-31 21:24:20','2026-03-31 21:24:20'),(26,2,'2026-04-01','2026-03-31 21:24:20',2,'手动调整: 清空库存','adjust',1,0,NULL,NULL,37,-36.000,'inventory',37,9,'2026-03-31 21:24:20','2026-03-31 21:24:20'),(27,2,'2026-04-01','2026-03-31 21:24:20',2,'手动调整: 清空库存','adjust',1,0,NULL,NULL,38,-48.000,'inventory',38,9,'2026-03-31 21:24:20','2026-03-31 21:24:20'),(28,2,'2026-04-01','2026-03-31 21:24:20',2,'手动调整: 清空库存','adjust',1,0,NULL,NULL,39,-12.000,'inventory',39,9,'2026-03-31 21:24:20','2026-03-31 21:24:20'),(29,2,'2026-04-01','2026-03-31 21:24:20',2,'手动调整: 清空库存','adjust',1,0,NULL,NULL,9,-85.300,'inventory',9,9,'2026-03-31 21:24:20','2026-03-31 21:24:20'),(30,2,'2026-04-01','2026-03-31 21:24:20',2,'手动调整: 清空库存','adjust',1,0,NULL,NULL,40,-20.000,'inventory',40,9,'2026-03-31 21:24:20','2026-03-31 21:24:20'),(31,2,'2026-04-01','2026-03-31 21:24:20',2,'手动调整: 清空库存','adjust',1,0,NULL,NULL,41,-10.000,'inventory',41,9,'2026-03-31 21:24:20','2026-03-31 21:24:20'),(32,2,'2026-04-01','2026-03-31 21:24:20',2,'手动调整: 清空库存','adjust',1,0,NULL,NULL,42,-96.000,'inventory',42,9,'2026-03-31 21:24:20','2026-03-31 21:24:20'),(33,2,'2026-04-01','2026-03-31 21:24:20',2,'手动调整: 清空库存','adjust',1,0,NULL,NULL,43,-50.000,'inventory',43,9,'2026-03-31 21:24:20','2026-03-31 21:24:20'),(34,2,'2026-04-01','2026-03-31 21:24:20',2,'手动调整: 清空库存','adjust',1,0,NULL,NULL,44,-18.000,'inventory',44,9,'2026-03-31 21:24:20','2026-03-31 21:24:20'),(35,2,'2026-04-01','2026-03-31 21:24:20',2,'手动调整: 清空库存','adjust',1,0,NULL,NULL,45,-20.000,'inventory',45,9,'2026-03-31 21:24:20','2026-03-31 21:24:20'),(36,2,'2026-04-01','2026-03-31 21:24:20',2,'手动调整: 清空库存','adjust',1,0,NULL,NULL,24,-1.000,'inventory',24,9,'2026-03-31 21:24:20','2026-03-31 21:24:20'),(37,2,'2026-04-01','2026-03-31 21:24:20',2,'手动调整: 清空库存','adjust',1,0,NULL,NULL,31,-1.000,'inventory',31,9,'2026-03-31 21:24:20','2026-03-31 21:24:20'),(38,2,'2026-04-01','2026-03-31 21:24:20',2,'手动调整: 清空库存','adjust',1,0,NULL,NULL,30,-1.000,'inventory',30,9,'2026-03-31 21:24:20','2026-03-31 21:24:20'),(39,2,'2026-04-01','2026-03-31 21:24:20',2,'手动调整: 清空库存','adjust',1,0,NULL,NULL,29,-1.000,'inventory',29,9,'2026-03-31 21:24:20','2026-03-31 21:24:20'),(40,2,'2026-04-01','2026-03-31 21:24:20',2,'手动调整: 清空库存','adjust',1,0,NULL,NULL,28,-1.000,'inventory',28,9,'2026-03-31 21:24:20','2026-03-31 21:24:20'),(41,2,'2026-04-01','2026-03-31 21:24:20',2,'手动调整: 清空库存','adjust',1,0,NULL,NULL,27,-1.000,'inventory',27,9,'2026-03-31 21:24:20','2026-03-31 21:24:20'),(42,2,'2026-04-01','2026-03-31 21:24:20',2,'手动调整: 清空库存','adjust',1,0,NULL,NULL,26,-1.000,'inventory',26,9,'2026-03-31 21:24:20','2026-03-31 21:24:20'),(43,2,'2026-04-01','2026-03-31 21:24:20',2,'手动调整: 清空库存','adjust',1,0,NULL,NULL,25,-1.000,'inventory',25,9,'2026-03-31 21:24:21','2026-03-31 21:24:21'),(44,2,'2026-04-01','2026-03-31 21:24:21',2,'手动调整: 清空库存','adjust',1,0,NULL,NULL,10,-74.200,'inventory',10,9,'2026-03-31 21:24:21','2026-03-31 21:24:21'),(45,2,'2026-04-01','2026-03-31 21:24:21',2,'手动调整: 清空库存','adjust',1,0,NULL,NULL,23,-20.000,'inventory',23,9,'2026-03-31 21:24:21','2026-03-31 21:24:21'),(46,2,'2026-04-01','2026-03-31 21:24:21',2,'手动调整: 清空库存','adjust',1,0,NULL,NULL,22,-30.000,'inventory',22,9,'2026-03-31 21:24:21','2026-03-31 21:24:21'),(47,2,'2026-04-01','2026-03-31 21:24:21',2,'手动调整: 清空库存','adjust',1,0,NULL,NULL,7,-87.300,'inventory',7,9,'2026-03-31 21:24:21','2026-03-31 21:24:21'),(48,2,'2026-04-01','2026-03-31 21:24:21',2,'手动调整: 清空库存','adjust',1,0,NULL,NULL,6,-200.600,'inventory',6,9,'2026-03-31 21:24:21','2026-03-31 21:24:21'),(49,2,'2026-04-01','2026-03-31 21:24:21',2,'手动调整: 清空库存','adjust',1,0,NULL,NULL,11,-54.700,'inventory',11,9,'2026-03-31 21:24:21','2026-03-31 21:24:21'),(50,2,'2026-04-01','2026-03-31 21:24:21',2,'手动调整: 清空库存','adjust',1,0,NULL,NULL,12,-54.200,'inventory',12,9,'2026-03-31 21:24:21','2026-03-31 21:24:21'),(51,2,'2026-04-01','2026-03-31 21:24:21',2,'手动调整: 清空库存','adjust',1,0,NULL,NULL,15,-38.100,'inventory',15,9,'2026-03-31 21:24:21','2026-03-31 21:24:21'),(52,2,'2026-04-01','2026-03-31 21:24:21',2,'手动调整: 清空库存','adjust',1,0,NULL,NULL,4,-131.400,'inventory',4,9,'2026-03-31 21:24:21','2026-03-31 21:24:21'),(53,2,'2026-04-01','2026-03-31 21:24:21',2,'手动调整: 清空库存','adjust',1,0,NULL,NULL,18,-91.500,'inventory',18,9,'2026-03-31 21:24:21','2026-03-31 21:24:21'),(54,2,'2026-04-01','2026-03-31 21:24:21',2,'手动调整: 清空库存','adjust',1,0,NULL,NULL,3,-253.000,'inventory',3,9,'2026-03-31 21:24:21','2026-03-31 21:24:21'),(55,2,'2026-04-01','2026-03-31 21:24:21',2,'手动调整: 清空库存','adjust',1,0,NULL,NULL,1,-169.000,'inventory',1,9,'2026-03-31 21:24:21','2026-03-31 21:24:21'),(56,2,'2026-04-01','2026-03-31 21:24:21',2,'手动调整: 清空库存','adjust',1,0,NULL,NULL,17,-33.400,'inventory',17,9,'2026-03-31 21:24:21','2026-03-31 21:24:21'),(57,2,'2026-04-01','2026-03-31 21:24:21',2,'手动调整: 清空库存','adjust',1,0,NULL,NULL,14,-23.500,'inventory',14,9,'2026-03-31 21:24:21','2026-03-31 21:24:21'),(58,2,'2026-04-01','2026-03-31 21:24:21',2,'手动调整: 清空库存','adjust',1,0,NULL,NULL,19,-47.500,'inventory',19,9,'2026-03-31 21:24:21','2026-03-31 21:24:21'),(59,2,'2026-04-01','2026-03-31 21:24:21',2,'手动调整: 清空库存','adjust',1,0,NULL,NULL,5,-38.000,'inventory',5,9,'2026-03-31 21:24:21','2026-03-31 21:24:21'),(60,2,'2026-04-01','2026-03-31 21:24:21',2,'手动调整: 清空库存','adjust',1,0,NULL,NULL,2,-42.000,'inventory',2,9,'2026-03-31 21:24:21','2026-03-31 21:24:21'),(61,2,'2026-04-01','2026-03-31 21:24:21',2,'手动调整: 清空库存','adjust',1,0,NULL,NULL,8,-55.000,'inventory',8,9,'2026-03-31 21:24:21','2026-03-31 21:24:21'),(62,2,'2026-04-01','2026-03-31 21:24:21',2,'手动调整: 清空库存','adjust',1,0,NULL,NULL,13,-10.000,'inventory',13,9,'2026-03-31 21:24:21','2026-03-31 21:24:21'),(63,2,'2026-04-01','2026-03-31 21:24:22',2,'手动调整: 清空库存','adjust',1,0,NULL,NULL,16,-8.000,'inventory',16,9,'2026-03-31 21:24:22','2026-03-31 21:24:22'),(64,2,'2026-04-01','2026-03-31 21:24:22',2,'手动调整: 清空库存','adjust',1,0,NULL,NULL,20,-200.000,'inventory',20,9,'2026-03-31 21:24:22','2026-03-31 21:24:22'),(65,2,'2026-04-01','2026-03-31 21:24:22',2,'手动调整: 清空库存','adjust',1,0,NULL,NULL,21,-12.000,'inventory',21,9,'2026-03-31 21:24:22','2026-03-31 21:24:22'),(66,2,'2026-04-01','2026-03-31 23:38:14',1,'AI助手: [图片输入]','other',0,0,NULL,NULL,NULL,NULL,'ai_message',19,9,'2026-03-31 23:38:14','2026-03-31 23:38:14'),(67,2,'2026-04-01','2026-03-31 23:40:36',2,'手动调整: probe','adjust',1,0,NULL,NULL,1,0.000,'inventory',1,9,'2026-03-31 23:40:36','2026-03-31 23:40:36'),(68,2,'2026-04-01','2026-03-31 23:40:37',2,'手动调整: probe','adjust',1,0,NULL,NULL,2,0.000,'inventory',2,9,'2026-03-31 23:40:37','2026-03-31 23:40:37'),(69,2,'2026-04-01','2026-03-31 23:40:37',2,'手动调整: probe','adjust',1,0,NULL,NULL,3,0.000,'inventory',3,9,'2026-03-31 23:40:37','2026-03-31 23:40:37'),(70,2,'2026-04-01','2026-03-31 23:40:37',2,'手动调整: probe','adjust',1,0,NULL,NULL,4,0.000,'inventory',4,9,'2026-03-31 23:40:37','2026-03-31 23:40:37'),(71,2,'2026-04-01','2026-03-31 23:40:37',2,'手动调整: probe','adjust',1,0,NULL,NULL,5,0.000,'inventory',5,9,'2026-03-31 23:40:37','2026-03-31 23:40:37'),(72,2,'2026-04-01','2026-03-31 23:40:37',2,'手动调整: probe','adjust',1,0,NULL,NULL,6,0.000,'inventory',6,9,'2026-03-31 23:40:37','2026-03-31 23:40:37'),(73,2,'2026-04-01','2026-03-31 23:40:37',2,'手动调整: probe','adjust',1,0,NULL,NULL,7,0.000,'inventory',7,9,'2026-03-31 23:40:37','2026-03-31 23:40:37'),(74,2,'2026-04-01','2026-03-31 23:40:37',2,'手动调整: probe','adjust',1,0,NULL,NULL,8,0.000,'inventory',8,9,'2026-03-31 23:40:37','2026-03-31 23:40:37'),(75,2,'2026-04-01','2026-03-31 23:40:37',2,'手动调整: probe','adjust',1,0,NULL,NULL,9,0.000,'inventory',9,9,'2026-03-31 23:40:37','2026-03-31 23:40:37'),(76,2,'2026-04-01','2026-03-31 23:40:37',2,'手动调整: probe','adjust',1,0,NULL,NULL,10,0.000,'inventory',10,9,'2026-03-31 23:40:37','2026-03-31 23:40:37'),(77,2,'2026-04-01','2026-03-31 23:40:37',2,'手动调整: probe','adjust',1,0,NULL,NULL,11,0.000,'inventory',11,9,'2026-03-31 23:40:37','2026-03-31 23:40:37'),(78,2,'2026-04-01','2026-03-31 23:40:37',2,'手动调整: probe','adjust',1,0,NULL,NULL,12,0.000,'inventory',12,9,'2026-03-31 23:40:37','2026-03-31 23:40:37'),(79,2,'2026-04-01','2026-03-31 23:40:37',2,'手动调整: probe','adjust',1,0,NULL,NULL,13,0.000,'inventory',13,9,'2026-03-31 23:40:37','2026-03-31 23:40:37'),(80,2,'2026-04-01','2026-03-31 23:40:37',2,'手动调整: probe','adjust',1,0,NULL,NULL,14,0.000,'inventory',14,9,'2026-03-31 23:40:37','2026-03-31 23:40:37'),(81,2,'2026-04-01','2026-03-31 23:40:37',2,'手动调整: probe','adjust',1,0,NULL,NULL,15,0.000,'inventory',15,9,'2026-03-31 23:40:37','2026-03-31 23:40:37'),(82,2,'2026-04-01','2026-03-31 23:40:37',2,'手动调整: probe','adjust',1,0,NULL,NULL,16,0.000,'inventory',16,9,'2026-03-31 23:40:37','2026-03-31 23:40:37'),(83,2,'2026-04-01','2026-03-31 23:40:38',2,'手动调整: probe','adjust',1,0,NULL,NULL,17,0.000,'inventory',17,9,'2026-03-31 23:40:38','2026-03-31 23:40:38'),(84,2,'2026-04-01','2026-03-31 23:40:38',2,'手动调整: probe','adjust',1,0,NULL,NULL,18,0.000,'inventory',18,9,'2026-03-31 23:40:38','2026-03-31 23:40:38'),(85,2,'2026-04-01','2026-03-31 23:40:38',2,'手动调整: probe','adjust',1,0,NULL,NULL,19,0.000,'inventory',19,9,'2026-03-31 23:40:38','2026-03-31 23:40:38'),(86,2,'2026-04-01','2026-03-31 23:40:38',2,'手动调整: probe','adjust',1,0,NULL,NULL,20,0.000,'inventory',20,9,'2026-03-31 23:40:38','2026-03-31 23:40:38'),(87,2,'2026-04-01','2026-03-31 23:40:38',2,'手动调整: probe','adjust',1,0,NULL,NULL,21,0.000,'inventory',21,9,'2026-03-31 23:40:38','2026-03-31 23:40:38'),(88,2,'2026-04-01','2026-03-31 23:40:38',2,'手动调整: probe','adjust',1,0,NULL,NULL,22,0.000,'inventory',22,9,'2026-03-31 23:40:38','2026-03-31 23:40:38'),(89,2,'2026-04-01','2026-03-31 23:40:38',2,'手动调整: probe','adjust',1,0,NULL,NULL,23,0.000,'inventory',23,9,'2026-03-31 23:40:38','2026-03-31 23:40:38'),(90,2,'2026-04-01','2026-03-31 23:40:38',2,'手动调整: probe','adjust',1,0,NULL,NULL,24,0.000,'inventory',24,9,'2026-03-31 23:40:38','2026-03-31 23:40:38'),(91,2,'2026-04-01','2026-03-31 23:40:38',2,'手动调整: probe','adjust',1,0,NULL,NULL,25,0.000,'inventory',25,9,'2026-03-31 23:40:38','2026-03-31 23:40:38'),(92,2,'2026-04-01','2026-03-31 23:40:38',2,'手动调整: probe','adjust',1,0,NULL,NULL,26,0.000,'inventory',26,9,'2026-03-31 23:40:38','2026-03-31 23:40:38'),(93,2,'2026-04-01','2026-03-31 23:40:38',2,'手动调整: probe','adjust',1,0,NULL,NULL,27,0.000,'inventory',27,9,'2026-03-31 23:40:38','2026-03-31 23:40:38'),(94,2,'2026-04-01','2026-03-31 23:40:38',2,'手动调整: probe','adjust',1,0,NULL,NULL,28,0.000,'inventory',28,9,'2026-03-31 23:40:38','2026-03-31 23:40:38'),(95,2,'2026-04-01','2026-03-31 23:40:38',2,'手动调整: probe','adjust',1,0,NULL,NULL,29,0.000,'inventory',29,9,'2026-03-31 23:40:38','2026-03-31 23:40:38'),(96,2,'2026-04-01','2026-03-31 23:40:38',2,'手动调整: probe','adjust',1,0,NULL,NULL,30,0.000,'inventory',30,9,'2026-03-31 23:40:38','2026-03-31 23:40:38'),(97,2,'2026-04-01','2026-03-31 23:40:38',2,'手动调整: probe','adjust',1,0,NULL,NULL,31,0.000,'inventory',31,9,'2026-03-31 23:40:38','2026-03-31 23:40:38'),(98,2,'2026-04-01','2026-03-31 23:40:38',2,'手动调整: probe','adjust',1,0,NULL,NULL,32,0.000,'inventory',32,9,'2026-03-31 23:40:38','2026-03-31 23:40:38'),(99,2,'2026-04-01','2026-03-31 23:40:39',2,'手动调整: probe','adjust',1,0,NULL,NULL,33,0.000,'inventory',33,9,'2026-03-31 23:40:39','2026-03-31 23:40:39'),(100,2,'2026-04-01','2026-03-31 23:40:39',2,'手动调整: probe','adjust',1,0,NULL,NULL,34,0.000,'inventory',34,9,'2026-03-31 23:40:39','2026-03-31 23:40:39'),(101,2,'2026-04-01','2026-03-31 23:40:39',2,'手动调整: probe','adjust',1,0,NULL,NULL,35,0.000,'inventory',35,9,'2026-03-31 23:40:39','2026-03-31 23:40:39'),(102,2,'2026-04-01','2026-03-31 23:40:39',2,'手动调整: probe','adjust',1,0,NULL,NULL,36,0.000,'inventory',36,9,'2026-03-31 23:40:39','2026-03-31 23:40:39'),(103,2,'2026-04-01','2026-03-31 23:40:39',2,'手动调整: probe','adjust',1,0,NULL,NULL,37,0.000,'inventory',37,9,'2026-03-31 23:40:39','2026-03-31 23:40:39'),(104,2,'2026-04-01','2026-03-31 23:40:39',2,'手动调整: probe','adjust',1,0,NULL,NULL,38,0.000,'inventory',38,9,'2026-03-31 23:40:39','2026-03-31 23:40:39'),(105,2,'2026-04-01','2026-03-31 23:40:39',2,'手动调整: probe','adjust',1,0,NULL,NULL,39,0.000,'inventory',39,9,'2026-03-31 23:40:39','2026-03-31 23:40:39'),(106,2,'2026-04-01','2026-03-31 23:40:39',2,'手动调整: probe','adjust',1,0,NULL,NULL,40,0.000,'inventory',40,9,'2026-03-31 23:40:39','2026-03-31 23:40:39'),(107,2,'2026-04-01','2026-03-31 23:40:39',2,'手动调整: probe','adjust',1,0,NULL,NULL,41,0.000,'inventory',41,9,'2026-03-31 23:40:39','2026-03-31 23:40:39'),(108,2,'2026-04-01','2026-03-31 23:40:39',2,'手动调整: probe','adjust',1,0,NULL,NULL,42,0.000,'inventory',42,9,'2026-03-31 23:40:39','2026-03-31 23:40:39'),(109,2,'2026-04-01','2026-03-31 23:40:39',2,'手动调整: probe','adjust',1,0,NULL,NULL,43,0.000,'inventory',43,9,'2026-03-31 23:40:39','2026-03-31 23:40:39'),(110,2,'2026-04-01','2026-03-31 23:40:39',2,'手动调整: probe','adjust',1,0,NULL,NULL,44,0.000,'inventory',44,9,'2026-03-31 23:40:39','2026-03-31 23:40:39'),(111,2,'2026-04-01','2026-03-31 23:40:39',2,'手动调整: probe','adjust',1,0,NULL,NULL,45,0.000,'inventory',45,9,'2026-03-31 23:40:39','2026-03-31 23:40:39'),(112,2,'2026-04-01','2026-03-31 23:40:39',2,'手动调整: probe','adjust',1,0,NULL,NULL,46,0.000,'inventory',46,9,'2026-03-31 23:40:39','2026-03-31 23:40:39'),(113,2,'2026-04-01','2026-03-31 23:40:47',2,'手动调整: probe','adjust',1,0,NULL,NULL,1,0.000,'inventory',1,9,'2026-03-31 23:40:47','2026-03-31 23:40:47'),(114,2,'2026-04-01','2026-03-31 23:40:54',2,'手动调整: probe','adjust',1,0,NULL,NULL,1,0.000,'inventory',1,9,'2026-03-31 23:40:54','2026-03-31 23:40:54'),(115,2,'2026-04-01','2026-03-31 23:40:54',2,'手动调整: probe','adjust',1,0,NULL,NULL,2,0.000,'inventory',2,9,'2026-03-31 23:40:54','2026-03-31 23:40:54'),(116,2,'2026-04-01','2026-03-31 23:40:54',2,'手动调整: probe','adjust',1,0,NULL,NULL,3,0.000,'inventory',3,9,'2026-03-31 23:40:54','2026-03-31 23:40:54'),(117,2,'2026-04-01','2026-03-31 23:40:54',2,'手动调整: probe','adjust',1,0,NULL,NULL,4,0.000,'inventory',4,9,'2026-03-31 23:40:54','2026-03-31 23:40:54'),(118,2,'2026-04-01','2026-03-31 23:40:54',2,'手动调整: probe','adjust',1,0,NULL,NULL,5,0.000,'inventory',5,9,'2026-03-31 23:40:54','2026-03-31 23:40:54'),(119,2,'2026-04-01','2026-03-31 23:40:54',2,'手动调整: probe','adjust',1,0,NULL,NULL,6,0.000,'inventory',6,9,'2026-03-31 23:40:54','2026-03-31 23:40:54'),(120,2,'2026-04-01','2026-03-31 23:40:54',2,'手动调整: probe','adjust',1,0,NULL,NULL,7,0.000,'inventory',7,9,'2026-03-31 23:40:54','2026-03-31 23:40:54'),(121,2,'2026-04-01','2026-03-31 23:40:54',2,'手动调整: probe','adjust',1,0,NULL,NULL,8,0.000,'inventory',8,9,'2026-03-31 23:40:54','2026-03-31 23:40:54'),(122,2,'2026-04-01','2026-03-31 23:40:55',2,'手动调整: probe','adjust',1,0,NULL,NULL,9,0.000,'inventory',9,9,'2026-03-31 23:40:55','2026-03-31 23:40:55'),(123,2,'2026-04-01','2026-03-31 23:40:55',2,'手动调整: probe','adjust',1,0,NULL,NULL,10,0.000,'inventory',10,9,'2026-03-31 23:40:55','2026-03-31 23:40:55'),(124,2,'2026-04-01','2026-03-31 23:40:55',2,'手动调整: probe','adjust',1,0,NULL,NULL,11,0.000,'inventory',11,9,'2026-03-31 23:40:55','2026-03-31 23:40:55'),(125,2,'2026-04-01','2026-03-31 23:40:55',2,'手动调整: probe','adjust',1,0,NULL,NULL,12,0.000,'inventory',12,9,'2026-03-31 23:40:55','2026-03-31 23:40:55'),(126,2,'2026-04-01','2026-03-31 23:40:55',2,'手动调整: probe','adjust',1,0,NULL,NULL,13,0.000,'inventory',13,9,'2026-03-31 23:40:55','2026-03-31 23:40:55'),(127,2,'2026-04-01','2026-03-31 23:40:55',2,'手动调整: probe','adjust',1,0,NULL,NULL,14,0.000,'inventory',14,9,'2026-03-31 23:40:55','2026-03-31 23:40:55'),(128,2,'2026-04-01','2026-03-31 23:40:55',2,'手动调整: probe','adjust',1,0,NULL,NULL,15,0.000,'inventory',15,9,'2026-03-31 23:40:55','2026-03-31 23:40:55'),(129,2,'2026-04-01','2026-03-31 23:40:55',2,'手动调整: probe','adjust',1,0,NULL,NULL,16,0.000,'inventory',16,9,'2026-03-31 23:40:55','2026-03-31 23:40:55'),(130,2,'2026-04-01','2026-03-31 23:40:55',2,'手动调整: probe','adjust',1,0,NULL,NULL,17,0.000,'inventory',17,9,'2026-03-31 23:40:55','2026-03-31 23:40:55'),(131,2,'2026-04-01','2026-03-31 23:40:55',2,'手动调整: probe','adjust',1,0,NULL,NULL,18,0.000,'inventory',18,9,'2026-03-31 23:40:55','2026-03-31 23:40:55'),(132,2,'2026-04-01','2026-03-31 23:40:55',2,'手动调整: probe','adjust',1,0,NULL,NULL,19,0.000,'inventory',19,9,'2026-03-31 23:40:55','2026-03-31 23:40:55'),(133,2,'2026-04-01','2026-03-31 23:40:55',2,'手动调整: probe','adjust',1,0,NULL,NULL,20,0.000,'inventory',20,9,'2026-03-31 23:40:55','2026-03-31 23:40:55'),(134,2,'2026-04-01','2026-03-31 23:40:55',2,'手动调整: probe','adjust',1,0,NULL,NULL,21,0.000,'inventory',21,9,'2026-03-31 23:40:55','2026-03-31 23:40:55'),(135,2,'2026-04-01','2026-03-31 23:40:55',2,'手动调整: probe','adjust',1,0,NULL,NULL,22,0.000,'inventory',22,9,'2026-03-31 23:40:55','2026-03-31 23:40:55'),(136,2,'2026-04-01','2026-03-31 23:40:55',2,'手动调整: probe','adjust',1,0,NULL,NULL,23,0.000,'inventory',23,9,'2026-03-31 23:40:55','2026-03-31 23:40:55'),(137,2,'2026-04-01','2026-03-31 23:40:56',2,'手动调整: probe','adjust',1,0,NULL,NULL,24,0.000,'inventory',24,9,'2026-03-31 23:40:56','2026-03-31 23:40:56'),(138,2,'2026-04-01','2026-03-31 23:40:56',2,'手动调整: probe','adjust',1,0,NULL,NULL,25,0.000,'inventory',25,9,'2026-03-31 23:40:56','2026-03-31 23:40:56'),(139,2,'2026-04-01','2026-03-31 23:40:56',2,'手动调整: probe','adjust',1,0,NULL,NULL,26,0.000,'inventory',26,9,'2026-03-31 23:40:56','2026-03-31 23:40:56'),(140,2,'2026-04-01','2026-03-31 23:40:56',2,'手动调整: probe','adjust',1,0,NULL,NULL,27,0.000,'inventory',27,9,'2026-03-31 23:40:56','2026-03-31 23:40:56'),(141,2,'2026-04-01','2026-03-31 23:40:56',2,'手动调整: probe','adjust',1,0,NULL,NULL,28,0.000,'inventory',28,9,'2026-03-31 23:40:56','2026-03-31 23:40:56'),(142,2,'2026-04-01','2026-03-31 23:40:56',2,'手动调整: probe','adjust',1,0,NULL,NULL,29,0.000,'inventory',29,9,'2026-03-31 23:40:56','2026-03-31 23:40:56'),(143,2,'2026-04-01','2026-03-31 23:40:56',2,'手动调整: probe','adjust',1,0,NULL,NULL,30,0.000,'inventory',30,9,'2026-03-31 23:40:56','2026-03-31 23:40:56'),(144,2,'2026-04-01','2026-03-31 23:40:56',2,'手动调整: probe','adjust',1,0,NULL,NULL,31,0.000,'inventory',31,9,'2026-03-31 23:40:56','2026-03-31 23:40:56'),(145,2,'2026-04-01','2026-03-31 23:40:56',2,'手动调整: probe','adjust',1,0,NULL,NULL,32,0.000,'inventory',32,9,'2026-03-31 23:40:56','2026-03-31 23:40:56'),(146,2,'2026-04-01','2026-03-31 23:40:56',2,'手动调整: probe','adjust',1,0,NULL,NULL,33,0.000,'inventory',33,9,'2026-03-31 23:40:56','2026-03-31 23:40:56'),(147,2,'2026-04-01','2026-03-31 23:40:56',2,'手动调整: probe','adjust',1,0,NULL,NULL,34,0.000,'inventory',34,9,'2026-03-31 23:40:56','2026-03-31 23:40:56'),(148,2,'2026-04-01','2026-03-31 23:40:56',2,'手动调整: probe','adjust',1,0,NULL,NULL,35,0.000,'inventory',35,9,'2026-03-31 23:40:56','2026-03-31 23:40:56'),(149,2,'2026-04-01','2026-03-31 23:40:56',2,'手动调整: probe','adjust',1,0,NULL,NULL,36,0.000,'inventory',36,9,'2026-03-31 23:40:56','2026-03-31 23:40:56'),(150,2,'2026-04-01','2026-03-31 23:40:56',2,'手动调整: probe','adjust',1,0,NULL,NULL,37,0.000,'inventory',37,9,'2026-03-31 23:40:56','2026-03-31 23:40:56'),(151,2,'2026-04-01','2026-03-31 23:40:56',2,'手动调整: probe','adjust',1,0,NULL,NULL,38,0.000,'inventory',38,9,'2026-03-31 23:40:56','2026-03-31 23:40:56'),(152,2,'2026-04-01','2026-03-31 23:40:57',2,'手动调整: probe','adjust',1,0,NULL,NULL,39,0.000,'inventory',39,9,'2026-03-31 23:40:57','2026-03-31 23:40:57'),(153,2,'2026-04-01','2026-03-31 23:40:57',2,'手动调整: probe','adjust',1,0,NULL,NULL,40,0.000,'inventory',40,9,'2026-03-31 23:40:57','2026-03-31 23:40:57'),(154,2,'2026-04-01','2026-03-31 23:40:57',2,'手动调整: probe','adjust',1,0,NULL,NULL,41,0.000,'inventory',41,9,'2026-03-31 23:40:57','2026-03-31 23:40:57'),(155,2,'2026-04-01','2026-03-31 23:40:57',2,'手动调整: probe','adjust',1,0,NULL,NULL,42,0.000,'inventory',42,9,'2026-03-31 23:40:57','2026-03-31 23:40:57'),(156,2,'2026-04-01','2026-03-31 23:40:57',2,'手动调整: probe','adjust',1,0,NULL,NULL,43,0.000,'inventory',43,9,'2026-03-31 23:40:57','2026-03-31 23:40:57'),(157,2,'2026-04-01','2026-03-31 23:40:57',2,'手动调整: probe','adjust',1,0,NULL,NULL,44,0.000,'inventory',44,9,'2026-03-31 23:40:57','2026-03-31 23:40:57'),(158,2,'2026-04-01','2026-03-31 23:40:57',2,'手动调整: probe','adjust',1,0,NULL,NULL,45,0.000,'inventory',45,9,'2026-03-31 23:40:57','2026-03-31 23:40:57'),(159,2,'2026-04-01','2026-03-31 23:40:57',2,'手动调整: probe','adjust',1,0,NULL,NULL,46,0.000,'inventory',46,9,'2026-03-31 23:40:57','2026-03-31 23:40:57'),(160,2,'2026-04-01','2026-03-31 23:41:09',2,'手动调整: 四海环球进货 发票2603-10454 进货日2026-03-21 每袋6包','adjust',1,0,NULL,NULL,24,6.000,'inventory',24,9,'2026-03-31 23:41:09','2026-03-31 23:41:09'),(161,2,'2026-04-01','2026-03-31 23:41:09',2,'手动调整: 四海环球进货 发票2603-10454 进货日2026-03-21 每袋6包','adjust',1,0,NULL,NULL,25,6.000,'inventory',25,9,'2026-03-31 23:41:09','2026-03-31 23:41:09'),(162,2,'2026-04-01','2026-03-31 23:41:09',2,'手动调整: 四海环球进货 发票2603-10454 进货日2026-03-21 每袋6包','adjust',1,0,NULL,NULL,26,6.000,'inventory',26,9,'2026-03-31 23:41:09','2026-03-31 23:41:09'),(163,2,'2026-04-01','2026-03-31 23:41:09',2,'手动调整: 四海环球进货 发票2603-10454 进货日2026-03-21 每袋6包','adjust',1,0,NULL,NULL,27,6.000,'inventory',27,9,'2026-03-31 23:41:09','2026-03-31 23:41:09'),(164,2,'2026-04-01','2026-03-31 23:41:09',2,'手动调整: 四海环球进货 发票2603-10454 进货日2026-03-21 每袋6包','adjust',1,0,NULL,NULL,28,6.000,'inventory',28,9,'2026-03-31 23:41:09','2026-03-31 23:41:09'),(165,2,'2026-04-01','2026-03-31 23:41:09',2,'手动调整: 四海环球进货 发票2603-10454 进货日2026-03-21 每袋6包','adjust',1,0,NULL,NULL,29,6.000,'inventory',29,9,'2026-03-31 23:41:09','2026-03-31 23:41:09'),(166,2,'2026-04-01','2026-03-31 23:41:09',2,'手动调整: 四海环球进货 发票2603-10454 进货日2026-03-21 每袋6包','adjust',1,0,NULL,NULL,30,6.000,'inventory',30,9,'2026-03-31 23:41:09','2026-03-31 23:41:09'),(167,2,'2026-04-01','2026-03-31 23:41:09',2,'手动调整: 四海环球进货 发票2603-10454 进货日2026-03-21 每袋6包','adjust',1,0,NULL,NULL,31,6.000,'inventory',31,9,'2026-03-31 23:41:09','2026-03-31 23:41:09'),(168,2,'2026-04-01','2026-04-01 00:05:22',2,'手动调整: 水果进货 2026-03-24','adjust',1,0,NULL,NULL,34,2.000,'inventory',34,9,'2026-04-01 00:05:22','2026-04-01 00:05:22'),(169,2,'2026-04-01','2026-04-01 00:05:22',2,'手动调整: 水果进货 2026-03-24','adjust',1,0,NULL,NULL,35,1.000,'inventory',35,9,'2026-04-01 00:05:22','2026-04-01 00:05:22'),(170,2,'2026-04-01','2026-04-01 00:05:22',2,'手动调整: 水果进货 2026-03-24','adjust',1,0,NULL,NULL,36,1.000,'inventory',36,9,'2026-04-01 00:05:22','2026-04-01 00:05:22'),(171,2,'2026-04-01','2026-04-01 00:05:22',2,'手动调整: 水果进货 2026-03-24','adjust',1,0,NULL,NULL,37,2.000,'inventory',37,9,'2026-04-01 00:05:22','2026-04-01 00:05:22'),(172,2,'2026-04-01','2026-04-01 00:05:22',2,'手动调整: 水果进货 2026-03-24','adjust',1,0,NULL,NULL,32,1.000,'inventory',32,9,'2026-04-01 00:05:22','2026-04-01 00:05:22'),(173,2,'2026-04-01','2026-04-01 00:05:22',2,'手动调整: 水果进货 2026-03-24','adjust',1,0,NULL,NULL,33,1.000,'inventory',33,9,'2026-04-01 00:05:22','2026-04-01 00:05:22'),(174,2,'2026-04-01','2026-04-01 00:05:23',2,'手动调整: 水果进货 2026-03-24','adjust',1,0,NULL,NULL,38,2.000,'inventory',38,9,'2026-04-01 00:05:23','2026-04-01 00:05:23'),(175,2,'2026-04-01','2026-04-01 00:05:23',2,'手动调整: 水果进货 2026-03-24','adjust',1,0,NULL,NULL,39,2.000,'inventory',39,9,'2026-04-01 00:05:23','2026-04-01 00:05:23'),(176,2,'2026-04-01','2026-04-01 00:05:23',2,'手动调整: 水果进货 2026-03-24','adjust',1,0,NULL,NULL,9,1.000,'inventory',9,9,'2026-04-01 00:05:23','2026-04-01 00:05:23'),(177,2,'2026-04-01','2026-04-01 00:05:23',2,'手动调整: 水果进货 2026-03-24','adjust',1,0,NULL,NULL,41,0.500,'inventory',41,9,'2026-04-01 00:05:23','2026-04-01 00:05:23'),(178,2,'2026-04-01','2026-04-01 00:05:23',2,'手动调整: 水果进货 2026-03-24','adjust',1,0,NULL,NULL,40,1.000,'inventory',40,9,'2026-04-01 00:05:23','2026-04-01 00:05:23'),(179,2,'2026-04-01','2026-04-01 00:05:23',2,'手动调整: 水果进货 2026-03-24','adjust',1,0,NULL,NULL,43,1.000,'inventory',43,9,'2026-04-01 00:05:23','2026-04-01 00:05:23'),(180,2,'2026-04-01','2026-04-01 00:05:23',2,'手动调整: 水果进货 2026-03-24','adjust',1,0,NULL,NULL,42,1.000,'inventory',42,9,'2026-04-01 00:05:23','2026-04-01 00:05:23'),(181,2,'2026-04-01','2026-04-01 00:05:23',2,'手动调整: 水果进货 2026-03-24','adjust',1,0,NULL,NULL,45,2.000,'inventory',45,9,'2026-04-01 00:05:23','2026-04-01 00:05:23'),(182,2,'2026-04-01','2026-04-01 00:05:23',2,'手动调整: 水果进货 2026-03-24','adjust',1,0,NULL,NULL,44,1.000,'inventory',44,9,'2026-04-01 00:05:23','2026-04-01 00:05:23'),(183,2,'2026-04-01','2026-04-01 00:05:23',2,'手动调整: 水果进货 2026-03-24','adjust',1,0,NULL,NULL,46,5.000,'inventory',46,9,'2026-04-01 00:05:23','2026-04-01 00:05:23'),(184,2,'2026-04-01','2026-04-01 00:29:27',2,'手动调整: 水果进货 2026-04-01','adjust',1,0,NULL,NULL,34,0.000,'inventory',34,9,'2026-04-01 00:29:27','2026-04-01 00:29:27'),(185,2,'2026-04-01','2026-04-01 00:29:27',2,'手动调整: 水果进货 2026-04-01','adjust',1,0,NULL,NULL,35,0.000,'inventory',35,9,'2026-04-01 00:29:27','2026-04-01 00:29:27'),(186,2,'2026-04-01','2026-04-01 00:29:27',2,'手动调整: 水果进货 2026-04-01','adjust',1,0,NULL,NULL,36,0.000,'inventory',36,9,'2026-04-01 00:29:27','2026-04-01 00:29:27'),(187,2,'2026-04-01','2026-04-01 00:29:27',2,'手动调整: 水果进货 2026-04-01','adjust',1,0,NULL,NULL,37,0.000,'inventory',37,9,'2026-04-01 00:29:27','2026-04-01 00:29:27'),(188,2,'2026-04-01','2026-04-01 00:29:27',2,'手动调整: 水果进货 2026-04-01','adjust',1,0,NULL,NULL,32,0.000,'inventory',32,9,'2026-04-01 00:29:27','2026-04-01 00:29:27'),(189,2,'2026-04-01','2026-04-01 00:29:27',2,'手动调整: 水果进货 2026-04-01','adjust',1,0,NULL,NULL,33,0.000,'inventory',33,9,'2026-04-01 00:29:27','2026-04-01 00:29:27'),(190,2,'2026-04-01','2026-04-01 00:29:27',2,'手动调整: 水果进货 2026-04-01','adjust',1,0,NULL,NULL,38,0.000,'inventory',38,9,'2026-04-01 00:29:27','2026-04-01 00:29:27'),(191,2,'2026-04-01','2026-04-01 00:29:27',2,'手动调整: 水果进货 2026-04-01','adjust',1,0,NULL,NULL,39,0.000,'inventory',39,9,'2026-04-01 00:29:27','2026-04-01 00:29:27'),(192,2,'2026-04-01','2026-04-01 00:29:27',2,'手动调整: 水果进货 2026-04-01','adjust',1,0,NULL,NULL,9,0.000,'inventory',9,9,'2026-04-01 00:29:27','2026-04-01 00:29:27'),(193,2,'2026-04-01','2026-04-01 00:29:27',2,'手动调整: 水果进货 2026-04-01','adjust',1,0,NULL,NULL,41,0.000,'inventory',41,9,'2026-04-01 00:29:27','2026-04-01 00:29:27'),(194,2,'2026-04-01','2026-04-01 00:29:28',2,'手动调整: 水果进货 2026-04-01','adjust',1,0,NULL,NULL,40,0.000,'inventory',40,9,'2026-04-01 00:29:28','2026-04-01 00:29:28'),(195,2,'2026-04-01','2026-04-01 00:29:28',2,'手动调整: 水果进货 2026-04-01','adjust',1,0,NULL,NULL,43,0.000,'inventory',43,9,'2026-04-01 00:29:28','2026-04-01 00:29:28'),(196,2,'2026-04-01','2026-04-01 00:29:28',2,'手动调整: 水果进货 2026-04-01','adjust',1,0,NULL,NULL,42,0.000,'inventory',42,9,'2026-04-01 00:29:28','2026-04-01 00:29:28'),(197,2,'2026-04-01','2026-04-01 00:29:28',2,'手动调整: 水果进货 2026-04-01','adjust',1,0,NULL,NULL,45,0.000,'inventory',45,9,'2026-04-01 00:29:28','2026-04-01 00:29:28'),(198,2,'2026-04-01','2026-04-01 00:29:28',2,'手动调整: 水果进货 2026-04-01','adjust',1,0,NULL,NULL,44,0.000,'inventory',44,9,'2026-04-01 00:29:28','2026-04-01 00:29:28'),(199,2,'2026-04-01','2026-04-01 00:29:28',2,'手动调整: 水果进货 2026-04-01','adjust',1,0,NULL,NULL,46,0.000,'inventory',46,9,'2026-04-01 00:29:28','2026-04-01 00:29:28'),(200,2,'2026-04-01','2026-04-01 00:41:59',1,'AI助手: 今天到货：野生苹果1件、小台芒1件、耙耙柑2件、香蕉1件、牛奶蕉1件、赣南脐橙1件、散装枇杷2件、精品草莓2件、袋装金桔2件、油柑1件、小青橘0.5件、带叶沃柑1件、菠萝1件、大木瓜1件','other',0,0,NULL,NULL,NULL,NULL,'ai_message',21,9,'2026-04-01 00:41:59','2026-04-01 00:41:59'),(201,2,'2026-04-01','2026-04-01 00:46:12',2,'进货收货: PO-20260401-00001 共 14 个SKU','stock_in',1,0,NULL,NULL,NULL,NULL,'purchase_order',41,9,'2026-04-01 00:46:12','2026-04-01 00:46:12'),(202,2,'2026-04-01','2026-04-01 00:47:55',2,'进货收货: PO-20260401-00002 共 8 个SKU','stock_in',1,0,NULL,NULL,NULL,NULL,'purchase_order',42,9,'2026-04-01 00:47:55','2026-04-01 00:47:55'),(203,2,'2026-04-04','2026-04-03 18:44:34',2,'售罄补录: 番茄 剩余 0斤 已售罄','sold_out',1,0,NULL,NULL,4,0.000,'sales_order',NULL,1,'2026-04-03 18:44:34','2026-04-03 18:44:34'),(204,2,'2026-04-04','2026-04-03 18:44:34',2,'售罄补录: 胡萝卜 剩余 0斤 已售罄','sold_out',1,0,NULL,NULL,1,0.000,'sales_order',NULL,1,'2026-04-03 18:44:34','2026-04-03 18:44:34'),(205,2,'2026-04-04','2026-04-03 18:44:59',2,'售罄补录: 番茄 剩余 30斤 已售罄，清空时间 02:44','sold_out',1,0,NULL,NULL,4,-30.000,'sales_order',NULL,1,'2026-04-03 18:44:59','2026-04-03 18:44:59'),(206,2,'2026-04-04','2026-04-03 18:44:59',2,'售罄补录: 胡萝卜 剩余 20斤 已售罄','sold_out',1,0,NULL,NULL,1,-15.000,'sales_order',NULL,1,'2026-04-03 18:44:59','2026-04-03 18:44:59'),(207,2,'2026-04-04','2026-04-03 18:45:37',2,'售罄补录: 番茄 全部 30斤 已售罄，清空时间 02:44','sold_out',1,0,NULL,NULL,4,-30.000,'sales_order',NULL,1,'2026-04-03 18:45:37','2026-04-03 18:45:37'),(208,2,'2026-04-04','2026-04-03 18:45:37',2,'库存补录: 胡萝卜 售出 15斤，剩余 5斤','supplement',1,0,NULL,NULL,1,-15.000,'sales_order',NULL,1,'2026-04-03 18:45:37','2026-04-03 18:45:37'),(209,2,'2026-04-04','2026-04-03 18:47:00',2,'售罄: 番茄 全部 30斤 已售罄，清空时间 02:44','sold_out',1,0,NULL,NULL,4,-30.000,'sales_order',NULL,1,'2026-04-03 18:47:00','2026-04-03 18:47:00'),(210,2,'2026-04-04','2026-04-03 18:47:00',2,'库存补录: 胡萝卜 售出 25斤，剩余 5斤','supplement',1,0,NULL,NULL,1,-25.000,'sales_order',NULL,1,'2026-04-03 18:47:00','2026-04-03 18:47:00'),(211,2,'2026-04-04','2026-04-03 18:47:00',2,'销售补录: 白菜 售出 10斤，剩余 0斤','supplement',1,0,NULL,NULL,3,-10.000,'sales_order',NULL,1,'2026-04-03 18:47:00','2026-04-03 18:47:00'),(212,3,'2026-04-04','2026-04-03 23:24:08',2,'销售补录: 胡萝卜 售出 10斤，剩余 144.1斤','supplement',1,0,NULL,NULL,1,-10.000,'sales_order',NULL,11,'2026-04-03 23:24:08','2026-04-03 23:24:08'),(213,3,'2026-04-04','2026-04-03 23:25:26',2,'售罄: 洋葱 全部 66.6斤 已售罄，清空时间 07:25','sold_out',1,0,NULL,NULL,7,-66.600,'sales_order',NULL,11,'2026-04-03 23:25:26','2026-04-03 23:25:26'),(214,3,'2026-04-04','2026-04-04 00:09:48',2,'进货收货: PO-20260404-00001 共 8 个SKU','stock_in',1,0,NULL,NULL,NULL,NULL,'purchase_order',43,11,'2026-04-04 00:09:48','2026-04-04 00:09:48'),(215,3,'2026-04-07','2026-04-06 17:10:59',2,'进货收货: PO-20260407-00001 共 10 个SKU','stock_in',1,0,NULL,NULL,NULL,NULL,'purchase_order',44,11,'2026-04-06 17:10:59','2026-04-06 17:10:59'),(216,3,'2026-04-07','2026-04-06 22:50:00',2,'售罄: 小木瓜 全部 72斤 已售罄，清空时间 06:50','sold_out',1,0,NULL,NULL,59,-72.000,'sales_order',NULL,11,'2026-04-06 22:50:56','2026-04-06 22:50:56'),(217,2,'2026-04-15','2026-04-15 13:49:05',2,'[失败 422] POST /api/inventory/adjust','error',0,1,422,'The product id field is required. (and 1 more error)',NULL,NULL,NULL,NULL,1,'2026-04-15 13:49:05','2026-04-15 13:49:05'),(218,1,'2026-04-16','2026-04-16 04:17:46',2,'进货收货: PO-20260416-00001 共 6 个SKU','stock_in',1,0,NULL,NULL,NULL,NULL,'purchase_order',45,10,'2026-04-16 04:17:46','2026-04-16 04:17:46'),(219,1,'2026-04-16','2026-04-16 08:00:00',2,'售罄: 胡萝卜 全部 100斤 已售罄，清空时间 16:00','sold_out',1,0,NULL,NULL,1,-100.000,'sales_order',NULL,5,'2026-04-16 14:44:01','2026-04-16 14:44:01'),(220,3,'2026-04-16','2026-04-16 15:14:36',2,'售罄: 白菜 全部 223.9斤 已售罄，清空时间 23:14','sold_out',1,0,NULL,NULL,3,-223.900,'sales_order',NULL,11,'2026-04-16 15:14:36','2026-04-16 15:14:36'),(221,3,'2026-04-16','2026-04-16 15:19:24',2,'库存补录: 胡萝卜 售出 134.1斤，剩余 10斤','supplement',1,0,NULL,NULL,1,-134.100,'sales_order',NULL,11,'2026-04-16 15:19:24','2026-04-16 15:19:24'),(222,3,'2026-04-16','2026-04-16 15:32:59',2,'手动调整: 白菜损耗','damage',1,0,NULL,NULL,3,-10.000,'inventory',3,11,'2026-04-16 15:32:59','2026-04-16 15:32:59'),(223,3,'2026-04-17','2026-04-16 16:04:51',2,'[失败 500] GET /api/weather','error',0,1,500,'天气查询失败，请稍后重试',NULL,NULL,NULL,NULL,8,'2026-04-16 16:04:51','2026-04-16 16:04:51'),(224,2,'2026-04-26','2026-04-26 10:22:10',2,'[失败 422] POST /api/ai/voice','error',0,1,422,'HTTP 422',NULL,NULL,NULL,NULL,1,'2026-04-26 10:22:10','2026-04-26 10:22:10'),(225,2,'2026-04-26','2026-04-26 10:30:32',1,'AI助手: 你好','other',0,0,NULL,NULL,NULL,NULL,'ai_message',23,1,'2026-04-26 10:30:32','2026-04-26 10:30:32'),(226,2,'2026-04-26','2026-04-26 10:30:39',1,'AI助手: 今天天气怎么样','other',0,0,NULL,NULL,NULL,NULL,'ai_message',25,1,'2026-04-26 10:30:39','2026-04-26 10:30:39'),(227,1,'2026-04-26','2026-04-26 11:25:47',1,'AI助手: 你好','other',0,0,NULL,NULL,NULL,NULL,'ai_message',27,12,'2026-04-26 11:25:47','2026-04-26 11:25:47'),(228,1,'2026-04-26','2026-04-26 11:25:54',1,'AI助手: 今天天气怎么样','weather_query',0,0,NULL,NULL,NULL,NULL,'ai_message',29,12,'2026-04-26 11:25:54','2026-04-26 11:25:54'),(229,1,'2026-04-26','2026-04-26 11:26:03',1,'AI助手: 今天进货多少','other',0,0,NULL,NULL,NULL,NULL,'ai_message',31,12,'2026-04-26 11:26:03','2026-04-26 11:26:03'),(230,1,'2026-04-26','2026-04-26 11:26:16',1,'AI助手: 今天进货情况是怎么样的','other',0,0,NULL,NULL,NULL,NULL,'ai_message',33,12,'2026-04-26 11:26:16','2026-04-26 11:26:16'),(231,1,'2026-04-26','2026-04-26 11:31:33',2,'[失败 422] POST /api/ai/voice','error',0,1,422,'HTTP 422',NULL,NULL,NULL,NULL,12,'2026-04-26 11:31:33','2026-04-26 11:31:33'),(232,1,'2026-04-27','2026-04-27 12:04:32',2,'[失败 422] POST /api/ai/voice','error',0,1,422,'HTTP 422',NULL,NULL,NULL,NULL,12,'2026-04-27 12:04:32','2026-04-27 12:04:32'),(233,1,'2026-04-27','2026-04-27 12:58:36',1,'AI助手: 胡萝卜卖了10斤','sale_report',1,0,NULL,NULL,1,0.000,'ai_message',35,12,'2026-04-27 12:58:36','2026-04-27 12:58:36'),(234,1,'2026-04-27','2026-04-27 13:28:45',1,'AI助手: 胡萝卜卖了10斤','sale_report',1,0,NULL,NULL,1,0.000,'ai_message',37,12,'2026-04-27 13:28:45','2026-04-27 13:28:45'),(235,2,'2026-04-27','2026-04-27 13:56:48',1,'AI助手: 番茄卖了10斤','sale_report',1,0,NULL,NULL,4,-10.000,'ai_message',39,1,'2026-04-27 13:56:48','2026-04-27 13:56:48'),(236,2,'2026-04-27','2026-04-27 13:56:58',1,'AI助手: 这是什么','other',0,0,NULL,NULL,NULL,NULL,'ai_message',41,1,'2026-04-27 13:56:58','2026-04-27 13:56:58'),(237,2,'2026-04-27','2026-04-27 13:57:24',2,'[失败 422] POST /api/ai/voice','error',0,1,422,'HTTP 422',NULL,NULL,NULL,NULL,1,'2026-04-27 13:57:24','2026-04-27 13:57:24'),(238,2,'2026-04-27','2026-04-27 13:57:51',2,'[失败 422] POST /api/ai/voice','error',0,1,422,'HTTP 422',NULL,NULL,NULL,NULL,1,'2026-04-27 13:57:51','2026-04-27 13:57:51'),(239,1,'2026-04-27','2026-04-27 14:05:18',1,'AI助手: 你現在在哪裡呀','other',0,0,NULL,NULL,NULL,NULL,'ai_message',43,12,'2026-04-27 14:05:18','2026-04-27 14:05:18'),(240,1,'2026-04-27','2026-04-27 14:22:40',1,'AI助手: 你好','other',0,0,NULL,NULL,NULL,NULL,'ai_message',45,12,'2026-04-27 14:22:40','2026-04-27 14:22:40'),(241,1,'2026-04-27','2026-04-27 14:26:23',1,'AI助手: 白菜 又卖了22.6斤','sale_report',1,0,NULL,NULL,3,-22.600,'ai_message',47,12,'2026-04-27 14:26:23','2026-04-27 14:26:23'),(242,1,'2026-04-27','2026-04-27 14:58:49',1,'AI助手: 你好 你在哪里','other',0,0,NULL,NULL,NULL,NULL,'ai_message',49,12,'2026-04-27 14:58:49','2026-04-27 14:58:49'),(243,1,'2026-04-28','2026-04-28 04:46:23',2,'进货收货: PO-20260428-00001 共 1 个SKU','stock_in',1,0,NULL,NULL,NULL,NULL,'purchase_order',46,13,'2026-04-28 04:46:23','2026-04-28 04:46:23'),(244,1,'2026-04-28','2026-04-28 05:08:01',1,'AI助手: 今日草莓半斤坏果','waste_report',1,0,NULL,NULL,38,0.000,'ai_message',51,13,'2026-04-28 05:08:01','2026-04-28 05:08:01'),(245,1,'2026-04-28','2026-04-28 05:14:29',1,'AI助手: 给我一个进货建议','other',0,0,NULL,NULL,NULL,NULL,'ai_message',53,13,'2026-04-28 05:14:29','2026-04-28 05:14:29'),(246,1,'2026-04-28','2026-04-28 05:31:17',1,'AI助手: 苹果还剩20斤，有什么建议？','remaining',1,0,NULL,NULL,8,20.000,'ai_message',55,13,'2026-04-28 05:31:17','2026-04-28 05:31:17'),(247,1,'2026-04-29','2026-04-28 23:51:01',1,'AI助手: 你好','other',0,0,NULL,NULL,NULL,NULL,'ai_message',57,12,'2026-04-28 23:51:01','2026-04-28 23:51:01'),(248,1,'2026-04-29','2026-04-29 00:19:43',1,'AI助手: 苹果卖完了','sold_out',1,0,NULL,NULL,8,-20.000,'ai_message',59,12,'2026-04-29 00:19:43','2026-04-29 00:19:43'),(249,1,'2026-05-11','2026-05-10 21:30:37',1,'AI助手: 上传进货单','purchase_receipt',1,0,NULL,NULL,4,50.000,'ai_message',61,12,'2026-05-10 21:30:37','2026-05-10 21:30:37'),(250,1,'2026-05-11','2026-05-10 21:30:37',1,'AI助手: 上传进货单','purchase_receipt',1,0,NULL,NULL,1,30.000,'ai_message',61,12,'2026-05-10 21:30:37','2026-05-10 21:30:37'),(251,1,'2026-05-11','2026-05-10 21:31:00',1,'AI助手: 上传了什么','other',0,0,NULL,NULL,NULL,NULL,'ai_message',63,12,'2026-05-10 21:31:00','2026-05-10 21:31:00'),(252,1,'2026-05-11','2026-05-10 21:31:16',2,'[失败 500] POST /api/ai/message','error',0,1,500,'App\\Services\\AiService::parseInventoryIntent(): Argument #1 ($text) must be of type string, null given, called in /home/ubuntu/shejian-hk/backend/app/Http/Controllers/Api/AiAssistantController.php on line 59',NULL,NULL,NULL,NULL,12,'2026-05-10 21:31:16','2026-05-10 21:31:16'),(253,1,'2026-05-11','2026-05-10 21:34:08',1,'AI助手: 你現在在哪裡呀','other',0,0,NULL,NULL,NULL,NULL,'ai_message',65,12,'2026-05-10 21:34:08','2026-05-10 21:34:08'),(254,1,'2026-05-11','2026-05-10 21:34:46',2,'[失败 500] POST /api/ai/message','error',0,1,500,'App\\Services\\AiService::parseInventoryIntent(): Argument #1 ($text) must be of type string, null given, called in /home/ubuntu/shejian-hk/backend/app/Http/Controllers/Api/AiAssistantController.php on line 59',NULL,NULL,NULL,NULL,12,'2026-05-10 21:34:46','2026-05-10 21:34:46'),(255,1,'2026-05-11','2026-05-10 21:36:12',1,'AI助手: [图片输入]','purchase_receipt',1,0,NULL,NULL,4,50.000,'ai_message',67,12,'2026-05-10 21:36:12','2026-05-10 21:36:12'),(256,1,'2026-05-11','2026-05-10 21:36:12',1,'AI助手: [图片输入]','purchase_receipt',1,0,NULL,NULL,1,30.000,'ai_message',67,12,'2026-05-10 21:36:12','2026-05-10 21:36:12'),(257,1,'2026-05-11','2026-05-10 21:39:56',1,'AI助手: 天气怎么样','weather_query',0,0,NULL,NULL,NULL,NULL,'ai_message',69,12,'2026-05-10 21:39:56','2026-05-10 21:39:56'),(258,1,'2026-05-11','2026-05-10 21:41:39',1,'AI助手: [图片输入]','purchase_receipt',1,0,NULL,NULL,4,50.000,'ai_message',71,12,'2026-05-10 21:41:39','2026-05-10 21:41:39'),(259,1,'2026-05-11','2026-05-10 21:41:39',1,'AI助手: [图片输入]','purchase_receipt',1,0,NULL,NULL,1,30.000,'ai_message',71,12,'2026-05-10 21:41:39','2026-05-10 21:41:39'),(260,1,'2026-05-11','2026-05-10 21:50:16',1,'AI助手: 今日进了什么火','purchase_orders_query',0,0,NULL,NULL,NULL,NULL,'ai_message',73,12,'2026-05-10 21:50:16','2026-05-10 21:50:16'),(261,1,'2026-05-11','2026-05-10 21:50:56',1,'AI助手: 今天的进货单可以看看吗','purchase_orders_query',0,0,NULL,NULL,NULL,NULL,'ai_message',75,12,'2026-05-10 21:50:56','2026-05-10 21:50:56'),(262,1,'2026-05-11','2026-05-10 21:55:24',1,'AI助手: 你在哪里','other',0,0,NULL,NULL,NULL,NULL,'ai_message',77,12,'2026-05-10 21:55:24','2026-05-10 21:55:24'),(263,1,'2026-05-11','2026-05-10 23:21:55',1,'AI助手: 进了10斤橙子','purchase_receipt',1,0,NULL,NULL,10,10.000,'ai_message',79,12,'2026-05-10 23:21:55','2026-05-10 23:21:55'),(264,1,'2026-05-11','2026-05-10 23:24:17',1,'AI助手: 有10斤白菜坏了','waste_report',1,0,NULL,NULL,3,-10.000,'ai_message',81,12,'2026-05-10 23:24:17','2026-05-10 23:24:17'),(265,1,'2026-05-11','2026-05-10 23:53:50',1,'AI助手: 你在哪里','other',0,0,NULL,NULL,NULL,NULL,'ai_message',83,12,'2026-05-10 23:53:50','2026-05-10 23:53:50'),(266,1,'2026-05-11','2026-05-11 11:51:10',1,'AI助手: 苹果损耗1斤','waste_report',1,0,NULL,NULL,8,0.000,'ai_message',85,12,'2026-05-11 11:51:10','2026-05-11 11:51:10'),(267,1,'2026-05-11','2026-05-11 11:51:22',1,'AI助手: 苹果损耗一斤','waste_report',1,0,NULL,NULL,8,0.000,'ai_message',87,12,'2026-05-11 11:51:22','2026-05-11 11:51:22'),(268,1,'2026-05-11','2026-05-11 12:00:58',1,'AI助手: 今天到货10斤胡萝卜，30斤猕猴桃','purchase_receipt',1,0,NULL,NULL,1,10.000,'ai_message',89,13,'2026-05-11 12:00:58','2026-05-11 12:00:58'),(269,1,'2026-05-11','2026-05-11 12:00:58',1,'AI助手: 今天到货10斤胡萝卜，30斤猕猴桃','purchase_receipt',1,0,NULL,NULL,64,30.000,'ai_message',89,13,'2026-05-11 12:00:58','2026-05-11 12:00:58'),(270,1,'2026-05-11','2026-05-11 12:01:53',1,'AI助手: 到货香蕉有2斤烂的','waste_report',1,0,NULL,NULL,9,-2.000,'ai_message',91,13,'2026-05-11 12:01:53','2026-05-11 12:01:53'),(271,1,'2026-05-11','2026-05-11 12:28:44',1,'AI助手: 今天苹果3点就卖完了','sold_out',1,0,NULL,NULL,8,0.000,'ai_message',93,12,'2026-05-11 12:28:44','2026-05-11 12:28:44'),(272,1,'2026-05-11','2026-05-11 12:29:08',1,'AI助手: 今天橙子三点多就卖完了','sold_out',1,0,NULL,NULL,10,-30.900,'ai_message',95,12,'2026-05-11 12:29:08','2026-05-11 12:29:08'),(273,1,'2026-05-11','2026-05-11 13:02:17',1,'AI助手: 坏货记录','waste_report',1,0,NULL,NULL,37,0.000,'ai_message',97,12,'2026-05-11 13:02:17','2026-05-11 13:02:17'),(274,1,'2026-05-11','2026-05-11 13:02:17',1,'AI助手: 坏货记录','waste_report',1,0,NULL,NULL,65,0.000,'ai_message',97,12,'2026-05-11 13:02:17','2026-05-11 13:02:17'),(275,1,'2026-05-11','2026-05-11 13:02:17',1,'AI助手: 坏货记录','waste_report',1,0,NULL,NULL,66,0.000,'ai_message',97,12,'2026-05-11 13:02:17','2026-05-11 13:02:17'),(276,1,'2026-05-11','2026-05-11 13:02:17',1,'AI助手: 坏货记录','waste_report',1,0,NULL,NULL,2,0.000,'ai_message',97,12,'2026-05-11 13:02:17','2026-05-11 13:02:17'),(277,1,'2026-05-11','2026-05-11 13:02:17',1,'AI助手: 坏货记录','waste_report',1,0,NULL,NULL,67,0.000,'ai_message',97,12,'2026-05-11 13:02:17','2026-05-11 13:02:17'),(278,1,'2026-05-11','2026-05-11 13:02:17',1,'AI助手: 坏货记录','waste_report',1,0,NULL,NULL,68,0.000,'ai_message',97,12,'2026-05-11 13:02:17','2026-05-11 13:02:17'),(279,1,'2026-05-11','2026-05-11 13:02:17',1,'AI助手: 坏货记录','waste_report',1,0,NULL,NULL,69,0.000,'ai_message',97,12,'2026-05-11 13:02:17','2026-05-11 13:02:17'),(280,1,'2026-05-11','2026-05-11 13:03:03',1,'AI助手: 枇杷坏货','waste_report',1,0,NULL,NULL,37,0.000,'ai_message',99,12,'2026-05-11 13:03:03','2026-05-11 13:03:03'),(281,1,'2026-05-11','2026-05-11 13:04:20',1,'AI助手: 入库','purchase_receipt',1,0,NULL,NULL,70,2.000,'ai_message',101,12,'2026-05-11 13:04:20','2026-05-11 13:04:20'),(282,1,'2026-05-11','2026-05-11 13:04:20',1,'AI助手: 入库','purchase_receipt',1,0,NULL,NULL,71,2.000,'ai_message',101,12,'2026-05-11 13:04:20','2026-05-11 13:04:20'),(283,1,'2026-05-11','2026-05-11 13:04:20',1,'AI助手: 入库','purchase_receipt',1,0,NULL,NULL,50,2.000,'ai_message',101,12,'2026-05-11 13:04:20','2026-05-11 13:04:20'),(284,1,'2026-05-11','2026-05-11 13:04:20',1,'AI助手: 入库','purchase_receipt',1,0,NULL,NULL,72,2.000,'ai_message',101,12,'2026-05-11 13:04:20','2026-05-11 13:04:20'),(285,1,'2026-05-11','2026-05-11 13:04:20',1,'AI助手: 入库','purchase_receipt',1,0,NULL,NULL,73,2.000,'ai_message',101,12,'2026-05-11 13:04:20','2026-05-11 13:04:20'),(286,1,'2026-05-11','2026-05-11 13:04:20',1,'AI助手: 入库','purchase_receipt',1,0,NULL,NULL,74,2.000,'ai_message',101,12,'2026-05-11 13:04:20','2026-05-11 13:04:20'),(287,1,'2026-05-11','2026-05-11 13:04:20',1,'AI助手: 入库','purchase_receipt',1,0,NULL,NULL,75,2.000,'ai_message',101,12,'2026-05-11 13:04:20','2026-05-11 13:04:20'),(288,1,'2026-05-11','2026-05-11 13:04:51',1,'AI助手: 入库','purchase_receipt',1,0,NULL,NULL,76,1.000,'ai_message',103,12,'2026-05-11 13:04:51','2026-05-11 13:04:51'),(289,1,'2026-05-11','2026-05-11 13:04:51',1,'AI助手: 入库','purchase_receipt',1,0,NULL,NULL,77,1.000,'ai_message',103,12,'2026-05-11 13:04:51','2026-05-11 13:04:51'),(290,1,'2026-05-11','2026-05-11 13:04:51',1,'AI助手: 入库','purchase_receipt',1,0,NULL,NULL,37,1.000,'ai_message',103,12,'2026-05-11 13:04:51','2026-05-11 13:04:51'),(291,1,'2026-05-11','2026-05-11 13:04:51',1,'AI助手: 入库','purchase_receipt',1,0,NULL,NULL,78,3.000,'ai_message',103,12,'2026-05-11 13:04:51','2026-05-11 13:04:51'),(292,1,'2026-05-11','2026-05-11 13:04:51',1,'AI助手: 入库','purchase_receipt',1,0,NULL,NULL,79,2.000,'ai_message',103,12,'2026-05-11 13:04:51','2026-05-11 13:04:51'),(293,1,'2026-05-11','2026-05-11 13:08:30',1,'AI助手: 本周四至周六有雨，请提前提醒下单减量','weather_query',0,0,NULL,NULL,NULL,NULL,'ai_message',105,12,'2026-05-11 13:08:30','2026-05-11 13:08:30'),(294,1,'2026-05-11','2026-05-11 13:26:18',1,'AI助手: 有什么应季的水果吗','suggestions_query',0,0,NULL,NULL,NULL,NULL,'ai_message',107,12,'2026-05-11 13:26:18','2026-05-11 13:26:18'),(295,2,'2026-05-11','2026-05-11 13:35:31',1,'AI助手: 进货单','purchase_receipt',1,0,NULL,NULL,80,6.000,'ai_message',109,1,'2026-05-11 13:35:31','2026-05-11 13:35:31'),(296,2,'2026-05-11','2026-05-11 13:35:31',1,'AI助手: 进货单','purchase_receipt',1,0,NULL,NULL,81,5.000,'ai_message',109,1,'2026-05-11 13:35:31','2026-05-11 13:35:31'),(297,2,'2026-05-11','2026-05-11 13:38:54',1,'AI助手: 蔬菜进货单','purchase_receipt',1,0,NULL,NULL,82,8.000,'ai_message',111,1,'2026-05-11 13:38:54','2026-05-11 13:38:54'),(298,2,'2026-05-11','2026-05-11 13:38:54',1,'AI助手: 蔬菜进货单','purchase_receipt',1,0,NULL,NULL,83,5.000,'ai_message',111,1,'2026-05-11 13:38:54','2026-05-11 13:38:54'),(299,2,'2026-05-11','2026-05-11 13:38:54',1,'AI助手: 蔬菜进货单','purchase_receipt',1,0,NULL,NULL,84,8.000,'ai_message',111,1,'2026-05-11 13:38:54','2026-05-11 13:38:54'),(300,2,'2026-05-11','2026-05-11 13:38:54',1,'AI助手: 蔬菜进货单','purchase_receipt',1,0,NULL,NULL,85,12.000,'ai_message',111,1,'2026-05-11 13:38:54','2026-05-11 13:38:54'),(301,2,'2026-05-11','2026-05-11 13:38:54',1,'AI助手: 蔬菜进货单','purchase_receipt',1,0,NULL,NULL,86,6.000,'ai_message',111,1,'2026-05-11 13:38:54','2026-05-11 13:38:54'),(302,2,'2026-05-11','2026-05-11 13:38:54',1,'AI助手: 蔬菜进货单','purchase_receipt',1,0,NULL,NULL,87,15.000,'ai_message',111,1,'2026-05-11 13:38:54','2026-05-11 13:38:54'),(303,2,'2026-05-11','2026-05-11 13:38:54',1,'AI助手: 蔬菜进货单','purchase_receipt',1,0,NULL,NULL,88,2.000,'ai_message',111,1,'2026-05-11 13:38:54','2026-05-11 13:38:54'),(304,2,'2026-05-11','2026-05-11 13:38:54',1,'AI助手: 蔬菜进货单','purchase_receipt',1,0,NULL,NULL,89,5.000,'ai_message',111,1,'2026-05-11 13:38:54','2026-05-11 13:38:54'),(305,2,'2026-05-11','2026-05-11 13:38:54',1,'AI助手: 蔬菜进货单','purchase_receipt',1,0,NULL,NULL,90,3.000,'ai_message',111,1,'2026-05-11 13:38:54','2026-05-11 13:38:54'),(306,2,'2026-05-11','2026-05-11 13:38:54',1,'AI助手: 蔬菜进货单','purchase_receipt',1,0,NULL,NULL,91,3.000,'ai_message',111,1,'2026-05-11 13:38:54','2026-05-11 13:38:54'),(307,2,'2026-05-11','2026-05-11 13:38:54',1,'AI助手: 蔬菜进货单','purchase_receipt',1,0,NULL,NULL,92,20.000,'ai_message',111,1,'2026-05-11 13:38:54','2026-05-11 13:38:54'),(308,2,'2026-05-11','2026-05-11 13:38:54',1,'AI助手: 蔬菜进货单','purchase_receipt',1,0,NULL,NULL,93,5.000,'ai_message',111,1,'2026-05-11 13:38:54','2026-05-11 13:38:54'),(309,2,'2026-05-11','2026-05-11 13:38:54',1,'AI助手: 蔬菜进货单','purchase_receipt',1,0,NULL,NULL,94,6.000,'ai_message',111,1,'2026-05-11 13:38:54','2026-05-11 13:38:54'),(310,2,'2026-05-11','2026-05-11 13:38:54',1,'AI助手: 蔬菜进货单','purchase_receipt',1,0,NULL,NULL,95,3.000,'ai_message',111,1,'2026-05-11 13:38:54','2026-05-11 13:38:54'),(311,2,'2026-05-11','2026-05-11 13:38:54',1,'AI助手: 蔬菜进货单','purchase_receipt',1,0,NULL,NULL,96,6.000,'ai_message',111,1,'2026-05-11 13:38:54','2026-05-11 13:38:54'),(312,2,'2026-05-11','2026-05-11 13:38:54',1,'AI助手: 蔬菜进货单','purchase_receipt',1,0,NULL,NULL,97,2.000,'ai_message',111,1,'2026-05-11 13:38:54','2026-05-11 13:38:54'),(313,2,'2026-05-11','2026-05-11 13:38:54',1,'AI助手: 蔬菜进货单','purchase_receipt',1,0,NULL,NULL,98,8.000,'ai_message',111,1,'2026-05-11 13:38:54','2026-05-11 13:38:54'),(314,2,'2026-05-11','2026-05-11 13:38:54',1,'AI助手: 蔬菜进货单','purchase_receipt',1,0,NULL,NULL,99,3.000,'ai_message',111,1,'2026-05-11 13:38:54','2026-05-11 13:38:54'),(315,2,'2026-05-11','2026-05-11 13:38:54',1,'AI助手: 蔬菜进货单','purchase_receipt',1,0,NULL,NULL,100,2.000,'ai_message',111,1,'2026-05-11 13:38:54','2026-05-11 13:38:54'),(316,2,'2026-05-11','2026-05-11 13:38:54',1,'AI助手: 蔬菜进货单','purchase_receipt',1,0,NULL,NULL,101,2.000,'ai_message',111,1,'2026-05-11 13:38:54','2026-05-11 13:38:54'),(317,2,'2026-05-11','2026-05-11 13:38:54',1,'AI助手: 蔬菜进货单','purchase_receipt',1,0,NULL,NULL,102,2.000,'ai_message',111,1,'2026-05-11 13:38:54','2026-05-11 13:38:54'),(318,2,'2026-05-11','2026-05-11 13:38:54',1,'AI助手: 蔬菜进货单','purchase_receipt',1,0,NULL,NULL,102,4.000,'ai_message',111,1,'2026-05-11 13:38:54','2026-05-11 13:38:54'),(319,2,'2026-05-11','2026-05-11 13:38:54',1,'AI助手: 蔬菜进货单','purchase_receipt',1,0,NULL,NULL,103,2.000,'ai_message',111,1,'2026-05-11 13:38:54','2026-05-11 13:38:54'),(320,2,'2026-05-11','2026-05-11 13:38:54',1,'AI助手: 蔬菜进货单','purchase_receipt',1,0,NULL,NULL,104,5.000,'ai_message',111,1,'2026-05-11 13:38:54','2026-05-11 13:38:54'),(321,2,'2026-05-11','2026-05-11 13:38:54',1,'AI助手: 蔬菜进货单','purchase_receipt',1,0,NULL,NULL,105,10.000,'ai_message',111,1,'2026-05-11 13:38:54','2026-05-11 13:38:54'),(322,2,'2026-05-11','2026-05-11 13:38:54',1,'AI助手: 蔬菜进货单','purchase_receipt',1,0,NULL,NULL,105,12.000,'ai_message',111,1,'2026-05-11 13:38:54','2026-05-11 13:38:54'),(323,2,'2026-05-11','2026-05-11 13:38:54',1,'AI助手: 蔬菜进货单','purchase_receipt',1,0,NULL,NULL,106,2.000,'ai_message',111,1,'2026-05-11 13:38:54','2026-05-11 13:38:54'),(324,2,'2026-05-11','2026-05-11 13:38:54',1,'AI助手: 蔬菜进货单','purchase_receipt',1,0,NULL,NULL,107,3.000,'ai_message',111,1,'2026-05-11 13:38:54','2026-05-11 13:38:54'),(325,2,'2026-05-11','2026-05-11 13:38:54',1,'AI助手: 蔬菜进货单','purchase_receipt',1,0,NULL,NULL,108,7.000,'ai_message',111,1,'2026-05-11 13:38:54','2026-05-11 13:38:54'),(326,2,'2026-05-11','2026-05-11 13:38:54',1,'AI助手: 蔬菜进货单','purchase_receipt',1,0,NULL,NULL,109,3.000,'ai_message',111,1,'2026-05-11 13:38:54','2026-05-11 13:38:54'),(327,2,'2026-05-11','2026-05-11 13:38:54',1,'AI助手: 蔬菜进货单','purchase_receipt',1,0,NULL,NULL,110,8.000,'ai_message',111,1,'2026-05-11 13:38:54','2026-05-11 13:38:54'),(328,2,'2026-05-11','2026-05-11 13:38:54',1,'AI助手: 蔬菜进货单','purchase_receipt',1,0,NULL,NULL,111,6.000,'ai_message',111,1,'2026-05-11 13:38:54','2026-05-11 13:38:54'),(329,2,'2026-05-11','2026-05-11 13:38:54',1,'AI助手: 蔬菜进货单','purchase_receipt',1,0,NULL,NULL,112,2.000,'ai_message',111,1,'2026-05-11 13:38:54','2026-05-11 13:38:54'),(330,2,'2026-05-11','2026-05-11 13:38:54',1,'AI助手: 蔬菜进货单','purchase_receipt',1,0,NULL,NULL,113,5.000,'ai_message',111,1,'2026-05-11 13:38:54','2026-05-11 13:38:54'),(331,2,'2026-05-11','2026-05-11 13:38:54',1,'AI助手: 蔬菜进货单','purchase_receipt',1,0,NULL,NULL,112,5.000,'ai_message',111,1,'2026-05-11 13:38:54','2026-05-11 13:38:54'),(332,2,'2026-05-11','2026-05-11 13:38:54',1,'AI助手: 蔬菜进货单','purchase_receipt',1,0,NULL,NULL,114,2.000,'ai_message',111,1,'2026-05-11 13:38:54','2026-05-11 13:38:54'),(333,2,'2026-05-11','2026-05-11 13:38:54',1,'AI助手: 蔬菜进货单','purchase_receipt',1,0,NULL,NULL,115,2.000,'ai_message',111,1,'2026-05-11 13:38:54','2026-05-11 13:38:54'),(334,2,'2026-05-11','2026-05-11 13:38:54',1,'AI助手: 蔬菜进货单','purchase_receipt',1,0,NULL,NULL,116,2.000,'ai_message',111,1,'2026-05-11 13:38:54','2026-05-11 13:38:54'),(335,2,'2026-05-11','2026-05-11 13:38:54',1,'AI助手: 蔬菜进货单','purchase_receipt',1,0,NULL,NULL,117,7.000,'ai_message',111,1,'2026-05-11 13:38:54','2026-05-11 13:38:54'),(336,2,'2026-05-11','2026-05-11 13:38:54',1,'AI助手: 蔬菜进货单','purchase_receipt',1,0,NULL,NULL,118,5.000,'ai_message',111,1,'2026-05-11 13:38:54','2026-05-11 13:38:54'),(337,2,'2026-05-11','2026-05-11 13:38:54',1,'AI助手: 蔬菜进货单','purchase_receipt',1,0,NULL,NULL,119,5.000,'ai_message',111,1,'2026-05-11 13:38:54','2026-05-11 13:38:54'),(338,2,'2026-05-11','2026-05-11 13:38:54',1,'AI助手: 蔬菜进货单','purchase_receipt',1,0,NULL,NULL,120,5.000,'ai_message',111,1,'2026-05-11 13:38:54','2026-05-11 13:38:54'),(339,2,'2026-05-11','2026-05-11 13:38:54',1,'AI助手: 蔬菜进货单','purchase_receipt',1,0,NULL,NULL,121,2.000,'ai_message',111,1,'2026-05-11 13:38:54','2026-05-11 13:38:54'),(340,2,'2026-05-11','2026-05-11 13:38:54',1,'AI助手: 蔬菜进货单','purchase_receipt',1,0,NULL,NULL,122,4.000,'ai_message',111,1,'2026-05-11 13:38:54','2026-05-11 13:38:54'),(341,2,'2026-05-11','2026-05-11 13:38:54',1,'AI助手: 蔬菜进货单','purchase_receipt',1,0,NULL,NULL,123,2.000,'ai_message',111,1,'2026-05-11 13:38:54','2026-05-11 13:38:54'),(342,2,'2026-05-11','2026-05-11 13:38:54',1,'AI助手: 蔬菜进货单','purchase_receipt',1,0,NULL,NULL,124,10.000,'ai_message',111,1,'2026-05-11 13:38:54','2026-05-11 13:38:54'),(343,2,'2026-05-11','2026-05-11 13:38:54',1,'AI助手: 蔬菜进货单','purchase_receipt',1,0,NULL,NULL,125,4.000,'ai_message',111,1,'2026-05-11 13:38:54','2026-05-11 13:38:54'),(344,2,'2026-05-11','2026-05-11 13:38:54',1,'AI助手: 蔬菜进货单','purchase_receipt',1,0,NULL,NULL,126,3.000,'ai_message',111,1,'2026-05-11 13:38:54','2026-05-11 13:38:54'),(345,2,'2026-05-11','2026-05-11 13:38:54',1,'AI助手: 蔬菜进货单','purchase_receipt',1,0,NULL,NULL,127,5.000,'ai_message',111,1,'2026-05-11 13:38:54','2026-05-11 13:38:54'),(346,2,'2026-05-11','2026-05-11 13:38:54',1,'AI助手: 蔬菜进货单','purchase_receipt',1,0,NULL,NULL,128,3.000,'ai_message',111,1,'2026-05-11 13:38:54','2026-05-11 13:38:54'),(347,2,'2026-05-11','2026-05-11 13:38:54',1,'AI助手: 蔬菜进货单','purchase_receipt',1,0,NULL,NULL,129,3.000,'ai_message',111,1,'2026-05-11 13:38:54','2026-05-11 13:38:54'),(348,2,'2026-05-11','2026-05-11 13:38:54',1,'AI助手: 蔬菜进货单','purchase_receipt',1,0,NULL,NULL,130,5.000,'ai_message',111,1,'2026-05-11 13:38:54','2026-05-11 13:38:54'),(349,2,'2026-05-11','2026-05-11 13:38:54',1,'AI助手: 蔬菜进货单','purchase_receipt',1,0,NULL,NULL,131,2.000,'ai_message',111,1,'2026-05-11 13:38:54','2026-05-11 13:38:54'),(350,2,'2026-05-11','2026-05-11 13:38:54',1,'AI助手: 蔬菜进货单','purchase_receipt',1,0,NULL,NULL,132,3.000,'ai_message',111,1,'2026-05-11 13:38:54','2026-05-11 13:38:54'),(351,2,'2026-05-11','2026-05-11 13:38:54',1,'AI助手: 蔬菜进货单','purchase_receipt',1,0,NULL,NULL,133,5.000,'ai_message',111,1,'2026-05-11 13:38:54','2026-05-11 13:38:54'),(352,2,'2026-05-11','2026-05-11 13:38:54',1,'AI助手: 蔬菜进货单','purchase_receipt',1,0,NULL,NULL,134,3.000,'ai_message',111,1,'2026-05-11 13:38:54','2026-05-11 13:38:54'),(353,2,'2026-05-11','2026-05-11 13:38:54',1,'AI助手: 蔬菜进货单','purchase_receipt',1,0,NULL,NULL,135,2.000,'ai_message',111,1,'2026-05-11 13:38:54','2026-05-11 13:38:54'),(354,2,'2026-05-11','2026-05-11 13:38:54',1,'AI助手: 蔬菜进货单','purchase_receipt',1,0,NULL,NULL,136,3.000,'ai_message',111,1,'2026-05-11 13:38:54','2026-05-11 13:38:54'),(355,2,'2026-05-11','2026-05-11 13:38:54',1,'AI助手: 蔬菜进货单','purchase_receipt',1,0,NULL,NULL,137,2.000,'ai_message',111,1,'2026-05-11 13:38:54','2026-05-11 13:38:54'),(356,2,'2026-05-11','2026-05-11 13:38:54',1,'AI助手: 蔬菜进货单','purchase_receipt',1,0,NULL,NULL,138,2.000,'ai_message',111,1,'2026-05-11 13:38:54','2026-05-11 13:38:54'),(357,2,'2026-05-11','2026-05-11 13:38:54',1,'AI助手: 蔬菜进货单','purchase_receipt',1,0,NULL,NULL,139,2.000,'ai_message',111,1,'2026-05-11 13:38:54','2026-05-11 13:38:54'),(358,2,'2026-05-11','2026-05-11 13:38:54',1,'AI助手: 蔬菜进货单','purchase_receipt',1,0,NULL,NULL,140,2.000,'ai_message',111,1,'2026-05-11 13:38:54','2026-05-11 13:38:54'),(359,2,'2026-05-11','2026-05-11 13:38:54',1,'AI助手: 蔬菜进货单','purchase_receipt',1,0,NULL,NULL,141,3.000,'ai_message',111,1,'2026-05-11 13:38:54','2026-05-11 13:38:54'),(360,2,'2026-05-11','2026-05-11 13:38:54',1,'AI助手: 蔬菜进货单','purchase_receipt',1,0,NULL,NULL,142,5.000,'ai_message',111,1,'2026-05-11 13:38:54','2026-05-11 13:38:54'),(361,2,'2026-05-11','2026-05-11 13:38:54',1,'AI助手: 蔬菜进货单','purchase_receipt',1,0,NULL,NULL,143,5.000,'ai_message',111,1,'2026-05-11 13:38:54','2026-05-11 13:38:54'),(362,2,'2026-05-11','2026-05-11 13:38:54',1,'AI助手: 蔬菜进货单','purchase_receipt',1,0,NULL,NULL,144,5.000,'ai_message',111,1,'2026-05-11 13:38:54','2026-05-11 13:38:54'),(363,2,'2026-05-11','2026-05-11 13:38:54',1,'AI助手: 蔬菜进货单','purchase_receipt',1,0,NULL,NULL,145,2.000,'ai_message',111,1,'2026-05-11 13:38:54','2026-05-11 13:38:54'),(364,2,'2026-05-11','2026-05-11 13:38:54',1,'AI助手: 蔬菜进货单','purchase_receipt',1,0,NULL,NULL,146,2.000,'ai_message',111,1,'2026-05-11 13:38:54','2026-05-11 13:38:54'),(365,2,'2026-05-11','2026-05-11 13:38:54',1,'AI助手: 蔬菜进货单','purchase_receipt',1,0,NULL,NULL,147,2.000,'ai_message',111,1,'2026-05-11 13:38:54','2026-05-11 13:38:54'),(366,2,'2026-05-11','2026-05-11 13:38:54',1,'AI助手: 蔬菜进货单','purchase_receipt',1,0,NULL,NULL,148,2.000,'ai_message',111,1,'2026-05-11 13:38:54','2026-05-11 13:38:54'),(367,2,'2026-05-11','2026-05-11 13:38:54',1,'AI助手: 蔬菜进货单','purchase_receipt',1,0,NULL,NULL,149,4.000,'ai_message',111,1,'2026-05-11 13:38:54','2026-05-11 13:38:54'),(368,2,'2026-05-11','2026-05-11 13:38:54',1,'AI助手: 蔬菜进货单','purchase_receipt',1,0,NULL,NULL,150,3.000,'ai_message',111,1,'2026-05-11 13:38:54','2026-05-11 13:38:54'),(369,2,'2026-05-11','2026-05-11 13:38:54',1,'AI助手: 蔬菜进货单','purchase_receipt',1,0,NULL,NULL,151,2.000,'ai_message',111,1,'2026-05-11 13:38:54','2026-05-11 13:38:54'),(370,2,'2026-05-11','2026-05-11 13:38:54',1,'AI助手: 蔬菜进货单','purchase_receipt',1,0,NULL,NULL,152,2.000,'ai_message',111,1,'2026-05-11 13:38:54','2026-05-11 13:38:54'),(371,2,'2026-05-11','2026-05-11 13:38:54',1,'AI助手: 蔬菜进货单','purchase_receipt',1,0,NULL,NULL,153,2.000,'ai_message',111,1,'2026-05-11 13:38:54','2026-05-11 13:38:54'),(372,2,'2026-05-11','2026-05-11 13:48:42',1,'AI助手: 把所有草莓的情况给我展示一下','inventory_query',0,0,NULL,NULL,NULL,NULL,'ai_message',113,1,'2026-05-11 13:48:42','2026-05-11 13:48:42');
/*!40000 ALTER TABLE `daily_operation_logs` ENABLE KEYS */;
UNLOCK TABLES;

--
-- Table structure for table `damage_records`
--

DROP TABLE IF EXISTS `damage_records`;
/*!40101 SET @saved_cs_client     = @@character_set_client */;
/*!50503 SET character_set_client = utf8mb4 */;
CREATE TABLE `damage_records` (
  `id` bigint unsigned NOT NULL AUTO_INCREMENT,
  `store_id` bigint unsigned NOT NULL,
  `product_id` bigint unsigned NOT NULL,
  `purchase_order_item_id` bigint unsigned DEFAULT NULL,
  `supplier_id` bigint unsigned DEFAULT NULL,
  `qty` decimal(10,3) NOT NULL,
  `unit_cost` decimal(10,4) DEFAULT NULL,
  `total_claimed` decimal(10,2) DEFAULT NULL,
  `reason` varchar(100) COLLATE utf8mb4_unicode_ci NOT NULL,
  `image_paths` json DEFAULT NULL,
  `status` tinyint unsigned NOT NULL DEFAULT '1',
  `occurred_at` timestamp NOT NULL DEFAULT CURRENT_TIMESTAMP,
  `operator_id` bigint unsigned DEFAULT NULL,
  `notes` text COLLATE utf8mb4_unicode_ci,
  `created_at` timestamp NULL DEFAULT NULL,
  `updated_at` timestamp NULL DEFAULT NULL,
  `deleted_at` timestamp NULL DEFAULT NULL,
  PRIMARY KEY (`id`),
  KEY `damage_records_operator_id_foreign` (`operator_id`),
  KEY `damage_records_store_id_index` (`store_id`),
  KEY `damage_records_product_id_index` (`product_id`),
  KEY `damage_records_purchase_order_item_id_index` (`purchase_order_item_id`),
  KEY `damage_records_supplier_id_index` (`supplier_id`),
  CONSTRAINT `damage_records_operator_id_foreign` FOREIGN KEY (`operator_id`) REFERENCES `users` (`id`) ON DELETE SET NULL,
  CONSTRAINT `damage_records_product_id_foreign` FOREIGN KEY (`product_id`) REFERENCES `products` (`id`),
  CONSTRAINT `damage_records_store_id_foreign` FOREIGN KEY (`store_id`) REFERENCES `stores` (`id`)
) ENGINE=InnoDB AUTO_INCREMENT=13 DEFAULT CHARSET=utf8mb4 COLLATE=utf8mb4_unicode_ci;
/*!40101 SET character_set_client = @saved_cs_client */;

--
-- Dumping data for table `damage_records`
--

LOCK TABLES `damage_records` WRITE;
/*!40000 ALTER TABLE `damage_records` DISABLE KEYS */;
INSERT INTO `damage_records` VALUES (1,1,3,62,1,10.000,0.8000,8.00,'变质',NULL,1,'2026-05-10 23:24:17',12,'AI录入','2026-05-10 23:24:17','2026-05-10 23:24:17',NULL),(2,1,8,NULL,NULL,1.000,NULL,NULL,'变质',NULL,1,'2026-05-11 11:51:10',12,'AI录入','2026-05-11 11:51:10','2026-05-11 11:51:10',NULL),(3,1,8,NULL,NULL,1.000,NULL,NULL,'变质',NULL,1,'2026-05-11 11:51:22',12,'AI录入','2026-05-11 11:51:22','2026-05-11 11:51:22',NULL),(4,1,9,70,1,2.000,3.2000,6.40,'变质',NULL,1,'2026-05-11 12:01:53',13,'AI录入','2026-05-11 12:01:53','2026-05-11 12:01:53',NULL),(5,1,37,NULL,NULL,1.095,NULL,NULL,'变质',NULL,1,'2026-05-11 13:02:17',12,'AI录入','2026-05-11 13:02:17','2026-05-11 13:02:17',NULL),(6,1,65,NULL,NULL,1.000,NULL,NULL,'变质',NULL,1,'2026-05-11 13:02:17',12,'AI录入','2026-05-11 13:02:17','2026-05-11 13:02:17',NULL),(7,1,66,NULL,NULL,1.000,NULL,NULL,'变质',NULL,1,'2026-05-11 13:02:17',12,'AI录入','2026-05-11 13:02:17','2026-05-11 13:02:17',NULL),(8,1,2,NULL,NULL,2.274,NULL,NULL,'变质',NULL,1,'2026-05-11 13:02:17',12,'AI录入','2026-05-11 13:02:17','2026-05-11 13:02:17',NULL),(9,1,67,NULL,NULL,1.000,NULL,NULL,'变质',NULL,1,'2026-05-11 13:02:17',12,'AI录入','2026-05-11 13:02:17','2026-05-11 13:02:17',NULL),(10,1,68,NULL,NULL,5.982,NULL,NULL,'变质',NULL,1,'2026-05-11 13:02:17',12,'AI录入','2026-05-11 13:02:17','2026-05-11 13:02:17',NULL),(11,1,69,NULL,NULL,1.000,NULL,NULL,'变质',NULL,1,'2026-05-11 13:02:17',12,'AI录入','2026-05-11 13:02:17','2026-05-11 13:02:17',NULL),(12,1,37,NULL,NULL,1.410,NULL,NULL,'变质',NULL,1,'2026-05-11 13:03:03',12,'AI录入','2026-05-11 13:03:03','2026-05-11 13:03:03',NULL);
/*!40000 ALTER TABLE `damage_records` ENABLE KEYS */;
UNLOCK TABLES;

--
-- Table structure for table `dashboard_configs`
--

DROP TABLE IF EXISTS `dashboard_configs`;
/*!40101 SET @saved_cs_client     = @@character_set_client */;
/*!50503 SET character_set_client = utf8mb4 */;
CREATE TABLE `dashboard_configs` (
  `id` bigint unsigned NOT NULL AUTO_INCREMENT,
  `user_id` bigint unsigned DEFAULT NULL,
  `store_id` bigint unsigned DEFAULT NULL,
  `name` varchar(100) CHARACTER SET utf8mb4 COLLATE utf8mb4_unicode_ci NOT NULL,
  `scope` tinyint NOT NULL DEFAULT '3' COMMENT '1:个人 2:门店 3:区域 4:总部',
  `widgets` json DEFAULT NULL COMMENT '组件配置数组',
  `filters` json DEFAULT NULL COMMENT '默认筛选条件',
  `refresh_interval` int NOT NULL DEFAULT '0' COMMENT '自动刷新间隔（秒），0不刷新',
  `is_default` tinyint(1) NOT NULL DEFAULT '0',
  `created_at` timestamp NULL DEFAULT NULL,
  `updated_at` timestamp NULL DEFAULT NULL,
  `deleted_at` timestamp NULL DEFAULT NULL,
  PRIMARY KEY (`id`),
  KEY `dashboard_configs_user_id_is_default_index` (`user_id`,`is_default`),
  KEY `dashboard_configs_store_id_scope_index` (`store_id`,`scope`),
  CONSTRAINT `dashboard_configs_store_id_foreign` FOREIGN KEY (`store_id`) REFERENCES `stores` (`id`) ON DELETE SET NULL,
  CONSTRAINT `dashboard_configs_user_id_foreign` FOREIGN KEY (`user_id`) REFERENCES `users` (`id`) ON DELETE SET NULL
) ENGINE=InnoDB DEFAULT CHARSET=utf8mb4 COLLATE=utf8mb4_unicode_ci;
/*!40101 SET character_set_client = @saved_cs_client */;

--
-- Dumping data for table `dashboard_configs`
--

LOCK TABLES `dashboard_configs` WRITE;
/*!40000 ALTER TABLE `dashboard_configs` DISABLE KEYS */;
/*!40000 ALTER TABLE `dashboard_configs` ENABLE KEYS */;
UNLOCK TABLES;

--
-- Table structure for table `employee_store_history`
--

DROP TABLE IF EXISTS `employee_store_history`;
/*!40101 SET @saved_cs_client     = @@character_set_client */;
/*!50503 SET character_set_client = utf8mb4 */;
CREATE TABLE `employee_store_history` (
  `id` bigint unsigned NOT NULL AUTO_INCREMENT,
  `employee_id` bigint unsigned NOT NULL,
  `from_store_id` bigint unsigned DEFAULT NULL,
  `to_store_id` bigint unsigned NOT NULL,
  `effective_date` date NOT NULL,
  `reason` varchar(200) CHARACTER SET utf8mb4 COLLATE utf8mb4_unicode_ci DEFAULT NULL,
  `approved_by` bigint unsigned DEFAULT NULL,
  `created_at` timestamp NOT NULL DEFAULT CURRENT_TIMESTAMP,
  PRIMARY KEY (`id`),
  KEY `employee_store_history_from_store_id_foreign` (`from_store_id`),
  KEY `employee_store_history_to_store_id_foreign` (`to_store_id`),
  KEY `employee_store_history_approved_by_foreign` (`approved_by`),
  KEY `employee_store_history_employee_id_effective_date_index` (`employee_id`,`effective_date`),
  CONSTRAINT `employee_store_history_approved_by_foreign` FOREIGN KEY (`approved_by`) REFERENCES `users` (`id`) ON DELETE SET NULL,
  CONSTRAINT `employee_store_history_employee_id_foreign` FOREIGN KEY (`employee_id`) REFERENCES `employees` (`id`) ON DELETE CASCADE,
  CONSTRAINT `employee_store_history_from_store_id_foreign` FOREIGN KEY (`from_store_id`) REFERENCES `stores` (`id`) ON DELETE SET NULL,
  CONSTRAINT `employee_store_history_to_store_id_foreign` FOREIGN KEY (`to_store_id`) REFERENCES `stores` (`id`) ON DELETE CASCADE
) ENGINE=InnoDB DEFAULT CHARSET=utf8mb4 COLLATE=utf8mb4_unicode_ci;
/*!40101 SET character_set_client = @saved_cs_client */;

--
-- Dumping data for table `employee_store_history`
--

LOCK TABLES `employee_store_history` WRITE;
/*!40000 ALTER TABLE `employee_store_history` DISABLE KEYS */;
/*!40000 ALTER TABLE `employee_store_history` ENABLE KEYS */;
UNLOCK TABLES;

--
-- Table structure for table `employees`
--

DROP TABLE IF EXISTS `employees`;
/*!40101 SET @saved_cs_client     = @@character_set_client */;
/*!50503 SET character_set_client = utf8mb4 */;
CREATE TABLE `employees` (
  `id` bigint unsigned NOT NULL AUTO_INCREMENT,
  `organization_id` bigint unsigned NOT NULL,
  `user_id` bigint unsigned DEFAULT NULL,
  `current_store_id` bigint unsigned DEFAULT NULL,
  `employee_no` varchar(50) CHARACTER SET utf8mb4 COLLATE utf8mb4_unicode_ci DEFAULT NULL,
  `name` varchar(100) CHARACTER SET utf8mb4 COLLATE utf8mb4_unicode_ci NOT NULL,
  `phone` varchar(20) CHARACTER SET utf8mb4 COLLATE utf8mb4_unicode_ci DEFAULT NULL,
  `id_card_no` varchar(100) CHARACTER SET utf8mb4 COLLATE utf8mb4_unicode_ci DEFAULT NULL COMMENT '加密存储',
  `gender` tinyint DEFAULT NULL COMMENT '1:男 2:女',
  `birth_date` date DEFAULT NULL,
  `education` tinyint DEFAULT NULL COMMENT '1:初中及以下 2:高中/中专 3:大专 4:本科 5:研究生',
  `position` varchar(100) CHARACTER SET utf8mb4 COLLATE utf8mb4_unicode_ci DEFAULT NULL,
  `position_level` tinyint NOT NULL DEFAULT '1' COMMENT '1:店员 2:主管 3:店长 4:区域 5:总部',
  `hire_date` date DEFAULT NULL,
  `contract_expire_date` date DEFAULT NULL,
  `probation_end_date` date DEFAULT NULL,
  `status` tinyint NOT NULL DEFAULT '1' COMMENT '1:试用期 2:正式 3:离职 4:暂停',
  `resign_date` date DEFAULT NULL,
  `resign_reason` text CHARACTER SET utf8mb4 COLLATE utf8mb4_unicode_ci,
  `base_salary` decimal(10,2) DEFAULT NULL,
  `emergency_contact` varchar(100) CHARACTER SET utf8mb4 COLLATE utf8mb4_unicode_ci DEFAULT NULL,
  `emergency_phone` varchar(20) CHARACTER SET utf8mb4 COLLATE utf8mb4_unicode_ci DEFAULT NULL,
  `skills` json DEFAULT NULL COMMENT '技能标签',
  `notes` text CHARACTER SET utf8mb4 COLLATE utf8mb4_unicode_ci,
  `created_at` timestamp NULL DEFAULT NULL,
  `updated_at` timestamp NULL DEFAULT NULL,
  `deleted_at` timestamp NULL DEFAULT NULL,
  PRIMARY KEY (`id`),
  KEY `employees_user_id_foreign` (`user_id`),
  KEY `employees_organization_id_status_index` (`organization_id`,`status`),
  KEY `employees_current_store_id_status_index` (`current_store_id`,`status`),
  KEY `employees_phone_index` (`phone`),
  KEY `employees_employee_no_index` (`employee_no`),
  CONSTRAINT `employees_current_store_id_foreign` FOREIGN KEY (`current_store_id`) REFERENCES `stores` (`id`) ON DELETE SET NULL,
  CONSTRAINT `employees_organization_id_foreign` FOREIGN KEY (`organization_id`) REFERENCES `organizations` (`id`) ON DELETE CASCADE,
  CONSTRAINT `employees_user_id_foreign` FOREIGN KEY (`user_id`) REFERENCES `users` (`id`) ON DELETE SET NULL
) ENGINE=InnoDB DEFAULT CHARSET=utf8mb4 COLLATE=utf8mb4_unicode_ci;
/*!40101 SET character_set_client = @saved_cs_client */;

--
-- Dumping data for table `employees`
--

LOCK TABLES `employees` WRITE;
/*!40000 ALTER TABLE `employees` DISABLE KEYS */;
/*!40000 ALTER TABLE `employees` ENABLE KEYS */;
UNLOCK TABLES;

--
-- Table structure for table `expense_categories`
--

DROP TABLE IF EXISTS `expense_categories`;
/*!40101 SET @saved_cs_client     = @@character_set_client */;
/*!50503 SET character_set_client = utf8mb4 */;
CREATE TABLE `expense_categories` (
  `id` bigint unsigned NOT NULL AUTO_INCREMENT,
  `organization_id` bigint unsigned NOT NULL,
  `parent_id` bigint unsigned DEFAULT NULL,
  `name` varchar(100) CHARACTER SET utf8mb4 COLLATE utf8mb4_unicode_ci NOT NULL,
  `code` varchar(50) CHARACTER SET utf8mb4 COLLATE utf8mb4_unicode_ci DEFAULT NULL,
  `is_cogs` tinyint(1) NOT NULL DEFAULT '0' COMMENT '是否属于销售成本',
  `sort_order` int NOT NULL DEFAULT '0',
  `created_at` timestamp NULL DEFAULT NULL,
  `updated_at` timestamp NULL DEFAULT NULL,
  `deleted_at` timestamp NULL DEFAULT NULL,
  PRIMARY KEY (`id`),
  KEY `expense_categories_parent_id_foreign` (`parent_id`),
  KEY `expense_categories_organization_id_parent_id_index` (`organization_id`,`parent_id`),
  CONSTRAINT `expense_categories_organization_id_foreign` FOREIGN KEY (`organization_id`) REFERENCES `organizations` (`id`) ON DELETE CASCADE,
  CONSTRAINT `expense_categories_parent_id_foreign` FOREIGN KEY (`parent_id`) REFERENCES `expense_categories` (`id`) ON DELETE SET NULL
) ENGINE=InnoDB AUTO_INCREMENT=6 DEFAULT CHARSET=utf8mb4 COLLATE=utf8mb4_unicode_ci;
/*!40101 SET character_set_client = @saved_cs_client */;

--
-- Dumping data for table `expense_categories`
--

LOCK TABLES `expense_categories` WRITE;
/*!40000 ALTER TABLE `expense_categories` DISABLE KEYS */;
INSERT INTO `expense_categories` VALUES (1,1,NULL,'原材料采购','RAW',1,1,'2026-03-22 00:02:06','2026-03-22 00:02:06',NULL),(2,1,NULL,'水电费','UTIL',0,2,'2026-03-22 00:02:06','2026-03-22 00:02:06',NULL),(3,1,NULL,'人工费用','LAB',0,3,'2026-03-22 00:02:06','2026-03-22 00:02:06',NULL),(4,1,NULL,'耗材物料','SUP',0,4,'2026-03-22 00:02:06','2026-03-22 00:02:06',NULL),(5,1,NULL,'租金','RENT',0,5,'2026-03-22 00:02:06','2026-03-22 00:02:06',NULL);
/*!40000 ALTER TABLE `expense_categories` ENABLE KEYS */;
UNLOCK TABLES;

--
-- Table structure for table `expenses`
--

DROP TABLE IF EXISTS `expenses`;
/*!40101 SET @saved_cs_client     = @@character_set_client */;
/*!50503 SET character_set_client = utf8mb4 */;
CREATE TABLE `expenses` (
  `id` bigint unsigned NOT NULL AUTO_INCREMENT,
  `store_id` bigint unsigned DEFAULT NULL,
  `category_id` bigint unsigned NOT NULL,
  `expense_no` varchar(50) CHARACTER SET utf8mb4 COLLATE utf8mb4_unicode_ci NOT NULL,
  `amount` decimal(12,2) NOT NULL,
  `expense_date` date NOT NULL,
  `description` text CHARACTER SET utf8mb4 COLLATE utf8mb4_unicode_ci,
  `input_method` tinyint NOT NULL DEFAULT '1' COMMENT '1:手动录入 2:AI录入 3:系统自动',
  `ai_session_message_id` bigint unsigned DEFAULT NULL,
  `attachment_urls` json DEFAULT NULL COMMENT '凭证附件URL数组',
  `vendor_name` varchar(200) CHARACTER SET utf8mb4 COLLATE utf8mb4_unicode_ci DEFAULT NULL,
  `supplier_id` bigint unsigned DEFAULT NULL,
  `payment_method` tinyint NOT NULL DEFAULT '1' COMMENT '1:现金 2:转账 3:微信支付 4:支付宝 5:企业网银',
  `payment_status` tinyint NOT NULL DEFAULT '1' COMMENT '1:待支付 2:已支付 3:已报销',
  `created_by` bigint unsigned DEFAULT NULL,
  `approved_by` bigint unsigned DEFAULT NULL,
  `approved_at` timestamp NULL DEFAULT NULL,
  `created_at` timestamp NULL DEFAULT NULL,
  `updated_at` timestamp NULL DEFAULT NULL,
  `deleted_at` timestamp NULL DEFAULT NULL,
  PRIMARY KEY (`id`),
  UNIQUE KEY `expenses_expense_no_unique` (`expense_no`),
  KEY `expenses_ai_session_message_id_foreign` (`ai_session_message_id`),
  KEY `expenses_created_by_foreign` (`created_by`),
  KEY `expenses_approved_by_foreign` (`approved_by`),
  KEY `expenses_store_id_expense_date_index` (`store_id`,`expense_date`),
  KEY `expenses_category_id_expense_date_index` (`category_id`,`expense_date`),
  KEY `expenses_payment_status_index` (`payment_status`),
  KEY `expenses_supplier_id_index` (`supplier_id`),
  CONSTRAINT `expenses_ai_session_message_id_foreign` FOREIGN KEY (`ai_session_message_id`) REFERENCES `ai_messages` (`id`) ON DELETE SET NULL,
  CONSTRAINT `expenses_approved_by_foreign` FOREIGN KEY (`approved_by`) REFERENCES `users` (`id`) ON DELETE SET NULL,
  CONSTRAINT `expenses_category_id_foreign` FOREIGN KEY (`category_id`) REFERENCES `expense_categories` (`id`) ON DELETE CASCADE,
  CONSTRAINT `expenses_created_by_foreign` FOREIGN KEY (`created_by`) REFERENCES `users` (`id`) ON DELETE SET NULL,
  CONSTRAINT `expenses_store_id_foreign` FOREIGN KEY (`store_id`) REFERENCES `stores` (`id`) ON DELETE SET NULL,
  CONSTRAINT `expenses_supplier_id_foreign` FOREIGN KEY (`supplier_id`) REFERENCES `suppliers` (`id`) ON DELETE SET NULL
) ENGINE=InnoDB AUTO_INCREMENT=86 DEFAULT CHARSET=utf8mb4 COLLATE=utf8mb4_unicode_ci;
/*!40101 SET character_set_client = @saved_cs_client */;

--
-- Dumping data for table `expenses`
--

LOCK TABLES `expenses` WRITE;
/*!40000 ALTER TABLE `expenses` DISABLE KEYS */;
INSERT INTO `expenses` VALUES (1,2,1,'EXP-XWH-001',3850.00,'2026-03-15',NULL,1,NULL,NULL,'新鲜直送农场',NULL,1,2,1,NULL,NULL,'2026-03-22 00:02:06','2026-03-22 00:02:06',NULL),(2,2,1,'EXP-XWH-002',2200.00,'2026-03-17',NULL,1,NULL,NULL,'港鲜肉类批发',NULL,1,2,1,NULL,NULL,'2026-03-22 00:02:06','2026-03-22 00:02:06',NULL),(3,2,2,'EXP-XWH-003',680.00,'2026-03-19',NULL,1,NULL,NULL,'中华电力',NULL,3,2,1,NULL,NULL,'2026-03-22 00:02:06','2026-03-22 00:02:06',NULL),(4,2,4,'EXP-XWH-004',320.50,'2026-03-20',NULL,1,NULL,NULL,'包装袋/托盘',NULL,1,2,1,NULL,NULL,'2026-03-22 00:02:06','2026-03-22 00:02:06',NULL),(5,2,1,'EXP-XWH-005',4100.00,'2026-03-21',NULL,1,NULL,NULL,'新鲜直送农场',NULL,2,1,1,NULL,NULL,'2026-03-22 00:02:06','2026-03-22 00:02:06',NULL),(6,3,1,'EXP-WCH-001',4500.00,'2026-03-16',NULL,1,NULL,NULL,'新鲜直送农场',NULL,1,2,1,NULL,NULL,'2026-03-22 00:02:06','2026-03-22 00:02:06',NULL),(7,3,1,'EXP-WCH-002',3100.00,'2026-03-18',NULL,1,NULL,NULL,'南海水产行',NULL,1,2,1,NULL,NULL,'2026-03-22 00:02:06','2026-03-22 00:02:06',NULL),(8,3,2,'EXP-WCH-003',750.00,'2026-03-19',NULL,1,NULL,NULL,'港灯',NULL,3,2,1,NULL,NULL,'2026-03-22 00:02:06','2026-03-22 00:02:06',NULL),(9,3,3,'EXP-WCH-004',8800.00,'2026-03-21',NULL,1,NULL,NULL,'3月上半月工资',NULL,2,1,1,NULL,NULL,'2026-03-22 00:02:06','2026-03-22 00:02:06',NULL),(10,3,5,'EXP-WCH-005',12000.00,'2026-03-21',NULL,1,NULL,NULL,'3月租金',NULL,2,1,1,NULL,NULL,'2026-03-22 00:02:06','2026-03-22 00:02:06',NULL),(11,1,1,'EXP-7E8-20260318-01',5078.81,'2026-03-18','蔬果采购',1,NULL,NULL,'新鲜直送农场',NULL,2,2,1,NULL,NULL,'2026-03-18 05:01:00','2026-03-22 03:27:44',NULL),(12,1,1,'EXP-7E8-20260318-02',2972.19,'2026-03-18','肉类采购',1,NULL,NULL,'港鲜肉类批发',NULL,2,2,1,NULL,NULL,'2026-03-18 12:57:00','2026-03-22 03:27:44',NULL),(13,1,1,'EXP-7E8-20260318-03',1679.07,'2026-03-18','水产采购',1,NULL,NULL,'南海水产行',NULL,1,2,1,NULL,NULL,'2026-03-18 08:31:00','2026-03-22 03:27:44',NULL),(14,1,4,'EXP-7E8-20260318-04',250.14,'2026-03-18','包装袋、托盘、保鲜膜',1,NULL,NULL,'包装耗材',NULL,3,2,1,NULL,NULL,'2026-03-18 10:06:00','2026-03-22 03:27:44',NULL),(15,1,4,'EXP-7E8-20260318-05',245.95,'2026-03-18','消毒液、清洁工具',1,NULL,NULL,'清洁用品',NULL,3,2,1,NULL,NULL,'2026-03-18 02:57:00','2026-03-22 03:27:44',NULL),(16,2,1,'EXP-XWH-20260318-06',4513.86,'2026-03-18','蔬果采购',1,NULL,NULL,'新鲜直送农场',NULL,2,2,1,NULL,NULL,'2026-03-18 03:26:00','2026-03-22 03:27:44',NULL),(17,2,1,'EXP-XWH-20260318-07',3175.65,'2026-03-18','肉类采购',1,NULL,NULL,'港鲜肉类批发',NULL,2,2,1,NULL,NULL,'2026-03-18 01:29:00','2026-03-22 03:27:44',NULL),(18,2,1,'EXP-XWH-20260318-08',1335.68,'2026-03-18','水产采购',1,NULL,NULL,'南海水产行',NULL,1,2,1,NULL,NULL,'2026-03-18 12:44:00','2026-03-22 03:27:44',NULL),(19,2,4,'EXP-XWH-20260318-09',393.90,'2026-03-18','包装袋、托盘、保鲜膜',1,NULL,NULL,'包装耗材',NULL,3,2,1,NULL,NULL,'2026-03-18 01:00:00','2026-03-22 03:27:44',NULL),(20,2,4,'EXP-XWH-20260318-10',273.63,'2026-03-18','消毒液、清洁工具',1,NULL,NULL,'清洁用品',NULL,3,2,1,NULL,NULL,'2026-03-18 08:43:00','2026-03-22 03:27:44',NULL),(21,3,1,'EXP-WCH-20260318-11',5439.92,'2026-03-18','蔬果采购',1,NULL,NULL,'新鲜直送农场',NULL,2,2,1,NULL,NULL,'2026-03-18 02:08:00','2026-03-22 03:27:44',NULL),(22,3,1,'EXP-WCH-20260318-12',2345.97,'2026-03-18','肉类采购',1,NULL,NULL,'港鲜肉类批发',NULL,2,2,1,NULL,NULL,'2026-03-18 06:38:00','2026-03-22 03:27:44',NULL),(23,3,1,'EXP-WCH-20260318-13',1755.99,'2026-03-18','水产采购',1,NULL,NULL,'南海水产行',NULL,1,2,1,NULL,NULL,'2026-03-18 03:50:00','2026-03-22 03:27:44',NULL),(24,3,4,'EXP-WCH-20260318-14',324.79,'2026-03-18','包装袋、托盘、保鲜膜',1,NULL,NULL,'包装耗材',NULL,3,2,1,NULL,NULL,'2026-03-18 12:58:00','2026-03-22 03:27:44',NULL),(25,3,4,'EXP-WCH-20260318-15',296.57,'2026-03-18','消毒液、清洁工具',1,NULL,NULL,'清洁用品',NULL,3,2,1,NULL,NULL,'2026-03-18 02:58:00','2026-03-22 03:27:45',NULL),(26,1,1,'EXP-7E8-20260319-01',4270.62,'2026-03-19','蔬果采购',1,NULL,NULL,'新鲜直送农场',NULL,2,2,1,NULL,NULL,'2026-03-19 06:26:00','2026-03-22 03:27:45',NULL),(27,1,1,'EXP-7E8-20260319-02',3084.83,'2026-03-19','肉类采购',1,NULL,NULL,'港鲜肉类批发',NULL,2,2,1,NULL,NULL,'2026-03-19 10:14:00','2026-03-22 03:27:45',NULL),(28,1,1,'EXP-7E8-20260319-03',805.12,'2026-03-19','水产采购',1,NULL,NULL,'南海水产行',NULL,1,2,1,NULL,NULL,'2026-03-19 09:22:00','2026-03-22 03:27:45',NULL),(29,1,4,'EXP-7E8-20260319-04',299.93,'2026-03-19','包装袋、托盘、保鲜膜',1,NULL,NULL,'包装耗材',NULL,3,2,1,NULL,NULL,'2026-03-19 10:43:00','2026-03-22 03:27:45',NULL),(30,1,5,'EXP-7E8-20260319-05',15000.00,'2026-03-19','月租（月初一次性）',1,NULL,NULL,'房东',NULL,2,2,1,NULL,NULL,'2026-03-19 01:07:00','2026-03-22 03:27:45',NULL),(31,2,1,'EXP-XWH-20260319-06',5004.46,'2026-03-19','蔬果采购',1,NULL,NULL,'新鲜直送农场',NULL,2,2,1,NULL,NULL,'2026-03-19 04:13:00','2026-03-22 03:27:45',NULL),(32,2,1,'EXP-XWH-20260319-07',2327.95,'2026-03-19','肉类采购',1,NULL,NULL,'港鲜肉类批发',NULL,2,2,1,NULL,NULL,'2026-03-19 04:20:00','2026-03-22 03:27:45',NULL),(33,2,1,'EXP-XWH-20260319-08',846.64,'2026-03-19','水产采购',1,NULL,NULL,'南海水产行',NULL,1,2,1,NULL,NULL,'2026-03-19 09:49:00','2026-03-22 03:27:45',NULL),(34,2,4,'EXP-XWH-20260319-09',300.75,'2026-03-19','包装袋、托盘、保鲜膜',1,NULL,NULL,'包装耗材',NULL,3,2,1,NULL,NULL,'2026-03-19 02:11:00','2026-03-22 03:27:45',NULL),(35,2,5,'EXP-XWH-20260319-10',18000.00,'2026-03-19','月租（月初一次性）',1,NULL,NULL,'房东',NULL,2,2,1,NULL,NULL,'2026-03-19 07:05:00','2026-03-22 03:27:45',NULL),(36,3,1,'EXP-WCH-20260319-11',3366.66,'2026-03-19','蔬果采购',1,NULL,NULL,'新鲜直送农场',NULL,2,2,1,NULL,NULL,'2026-03-19 03:33:00','2026-03-22 03:27:45',NULL),(37,3,1,'EXP-WCH-20260319-12',3078.95,'2026-03-19','肉类采购',1,NULL,NULL,'港鲜肉类批发',NULL,2,2,1,NULL,NULL,'2026-03-19 12:41:00','2026-03-22 03:27:45',NULL),(38,3,1,'EXP-WCH-20260319-13',1048.91,'2026-03-19','水产采购',1,NULL,NULL,'南海水产行',NULL,1,2,1,NULL,NULL,'2026-03-19 09:00:00','2026-03-22 03:27:45',NULL),(39,3,4,'EXP-WCH-20260319-14',332.58,'2026-03-19','包装袋、托盘、保鲜膜',1,NULL,NULL,'包装耗材',NULL,3,2,1,NULL,NULL,'2026-03-19 06:44:00','2026-03-22 03:27:45',NULL),(40,3,5,'EXP-WCH-20260319-15',28000.00,'2026-03-19','月租（月初一次性）',1,NULL,NULL,'房东',NULL,2,2,1,NULL,NULL,'2026-03-19 07:38:00','2026-03-22 03:27:45',NULL),(41,1,1,'EXP-7E8-20260320-01',3735.16,'2026-03-20','蔬果采购',1,NULL,NULL,'新鲜直送农场',NULL,2,2,1,NULL,NULL,'2026-03-20 02:51:00','2026-03-22 03:27:45',NULL),(42,1,1,'EXP-7E8-20260320-02',3101.91,'2026-03-20','肉类采购',1,NULL,NULL,'港鲜肉类批发',NULL,2,2,1,NULL,NULL,'2026-03-20 07:11:00','2026-03-22 03:27:45',NULL),(43,1,1,'EXP-7E8-20260320-03',1725.21,'2026-03-20','水产采购',1,NULL,NULL,'南海水产行',NULL,1,2,1,NULL,NULL,'2026-03-20 08:52:00','2026-03-22 03:27:45',NULL),(44,1,4,'EXP-7E8-20260320-04',285.49,'2026-03-20','包装袋、托盘、保鲜膜',1,NULL,NULL,'包装耗材',NULL,3,2,1,NULL,NULL,'2026-03-20 06:15:00','2026-03-22 03:27:45',NULL),(45,1,3,'EXP-7E8-20260320-05',935.99,'2026-03-20','日结人工',1,NULL,NULL,'员工工资',NULL,2,2,1,NULL,NULL,'2026-03-20 03:21:00','2026-03-22 03:27:45',NULL),(46,2,1,'EXP-XWH-20260320-06',4842.45,'2026-03-20','蔬果采购',1,NULL,NULL,'新鲜直送农场',NULL,2,2,1,NULL,NULL,'2026-03-20 06:45:00','2026-03-22 03:27:45',NULL),(47,2,1,'EXP-XWH-20260320-07',2592.01,'2026-03-20','肉类采购',1,NULL,NULL,'港鲜肉类批发',NULL,2,2,1,NULL,NULL,'2026-03-20 03:46:00','2026-03-22 03:27:45',NULL),(48,2,1,'EXP-XWH-20260320-08',1241.44,'2026-03-20','水产采购',1,NULL,NULL,'南海水产行',NULL,1,2,1,NULL,NULL,'2026-03-20 05:51:00','2026-03-22 03:27:45',NULL),(49,2,4,'EXP-XWH-20260320-09',339.96,'2026-03-20','包装袋、托盘、保鲜膜',1,NULL,NULL,'包装耗材',NULL,3,2,1,NULL,NULL,'2026-03-20 04:06:00','2026-03-22 03:27:45',NULL),(50,2,3,'EXP-XWH-20260320-10',1071.19,'2026-03-20','日结人工',1,NULL,NULL,'员工工资',NULL,2,2,1,NULL,NULL,'2026-03-20 04:03:00','2026-03-22 03:27:45',NULL),(51,3,1,'EXP-WCH-20260320-11',3634.26,'2026-03-20','蔬果采购',1,NULL,NULL,'新鲜直送农场',NULL,2,2,1,NULL,NULL,'2026-03-20 12:04:00','2026-03-22 03:27:45',NULL),(52,3,1,'EXP-WCH-20260320-12',2848.64,'2026-03-20','肉类采购',1,NULL,NULL,'港鲜肉类批发',NULL,2,2,1,NULL,NULL,'2026-03-20 09:07:00','2026-03-22 03:27:45',NULL),(53,3,1,'EXP-WCH-20260320-13',1585.83,'2026-03-20','水产采购',1,NULL,NULL,'南海水产行',NULL,1,2,1,NULL,NULL,'2026-03-20 00:26:00','2026-03-22 03:27:45',NULL),(54,3,4,'EXP-WCH-20260320-14',371.34,'2026-03-20','包装袋、托盘、保鲜膜',1,NULL,NULL,'包装耗材',NULL,3,2,1,NULL,NULL,'2026-03-20 09:46:00','2026-03-22 03:27:45',NULL),(55,3,3,'EXP-WCH-20260320-15',1065.81,'2026-03-20','日结人工',1,NULL,NULL,'员工工资',NULL,2,2,1,NULL,NULL,'2026-03-20 00:18:00','2026-03-22 03:27:45',NULL),(56,1,1,'EXP-7E8-20260321-01',5010.79,'2026-03-21','蔬果采购',1,NULL,NULL,'新鲜直送农场',NULL,2,2,1,NULL,NULL,'2026-03-21 03:20:00','2026-03-22 03:27:45',NULL),(57,1,1,'EXP-7E8-20260321-02',3156.77,'2026-03-21','肉类采购',1,NULL,NULL,'港鲜肉类批发',NULL,2,2,1,NULL,NULL,'2026-03-21 12:16:00','2026-03-22 03:27:45',NULL),(58,1,1,'EXP-7E8-20260321-03',1202.42,'2026-03-21','水产采购',1,NULL,NULL,'南海水产行',NULL,1,2,1,NULL,NULL,'2026-03-21 00:36:00','2026-03-22 03:27:45',NULL),(59,1,4,'EXP-7E8-20260321-04',299.73,'2026-03-21','包装袋、托盘、保鲜膜',1,NULL,NULL,'包装耗材',NULL,3,2,1,NULL,NULL,'2026-03-21 00:15:00','2026-03-22 03:27:45',NULL),(60,1,2,'EXP-7E8-20260321-05',87.78,'2026-03-21','水费',1,NULL,NULL,'水务署',NULL,1,2,1,NULL,NULL,'2026-03-21 07:06:00','2026-03-22 03:27:45',NULL),(61,2,1,'EXP-XWH-20260321-06',4838.89,'2026-03-21','蔬果采购',1,NULL,NULL,'新鲜直送农场',NULL,2,2,1,NULL,NULL,'2026-03-21 01:26:00','2026-03-22 03:27:45',NULL),(62,2,1,'EXP-XWH-20260321-07',2746.02,'2026-03-21','肉类采购',1,NULL,NULL,'港鲜肉类批发',NULL,2,2,1,NULL,NULL,'2026-03-21 11:29:00','2026-03-22 03:27:45',NULL),(63,2,1,'EXP-XWH-20260321-08',1355.27,'2026-03-21','水产采购',1,NULL,NULL,'南海水产行',NULL,1,2,1,NULL,NULL,'2026-03-21 01:29:00','2026-03-22 03:27:45',NULL),(64,2,4,'EXP-XWH-20260321-09',152.14,'2026-03-21','包装袋、托盘、保鲜膜',1,NULL,NULL,'包装耗材',NULL,3,2,1,NULL,NULL,'2026-03-21 08:47:00','2026-03-22 03:27:45',NULL),(65,2,2,'EXP-XWH-20260321-10',114.19,'2026-03-21','水费',1,NULL,NULL,'水务署',NULL,1,2,1,NULL,NULL,'2026-03-21 09:45:00','2026-03-22 03:27:45',NULL),(66,3,1,'EXP-WCH-20260321-11',3920.74,'2026-03-21','蔬果采购',1,NULL,NULL,'新鲜直送农场',NULL,2,2,1,NULL,NULL,'2026-03-21 05:06:00','2026-03-22 03:27:45',NULL),(67,3,1,'EXP-WCH-20260321-12',2917.28,'2026-03-21','肉类采购',1,NULL,NULL,'港鲜肉类批发',NULL,2,2,1,NULL,NULL,'2026-03-21 10:17:00','2026-03-22 03:27:45',NULL),(68,3,1,'EXP-WCH-20260321-13',1002.04,'2026-03-21','水产采购',1,NULL,NULL,'南海水产行',NULL,1,2,1,NULL,NULL,'2026-03-21 05:00:00','2026-03-22 03:27:45',NULL),(69,3,4,'EXP-WCH-20260321-14',217.97,'2026-03-21','包装袋、托盘、保鲜膜',1,NULL,NULL,'包装耗材',NULL,3,2,1,NULL,NULL,'2026-03-21 09:47:00','2026-03-22 03:27:45',NULL),(70,3,2,'EXP-WCH-20260321-15',97.08,'2026-03-21','水费',1,NULL,NULL,'水务署',NULL,1,2,1,NULL,NULL,'2026-03-21 00:53:00','2026-03-22 03:27:45',NULL),(71,1,1,'EXP-7E8-20260322-01',3513.37,'2026-03-22','蔬果采购',1,NULL,NULL,'新鲜直送农场',NULL,2,1,1,NULL,NULL,'2026-03-22 11:14:00','2026-03-22 03:27:45',NULL),(72,1,1,'EXP-7E8-20260322-02',2845.70,'2026-03-22','肉类采购',1,NULL,NULL,'港鲜肉类批发',NULL,2,1,1,NULL,NULL,'2026-03-22 05:00:00','2026-03-22 03:27:45',NULL),(73,1,1,'EXP-7E8-20260322-03',1797.00,'2026-03-22','水产采购',1,NULL,NULL,'南海水产行',NULL,1,1,1,NULL,NULL,'2026-03-22 03:21:00','2026-03-22 03:27:45',NULL),(74,1,4,'EXP-7E8-20260322-04',176.47,'2026-03-22','包装袋、托盘、保鲜膜',1,NULL,NULL,'包装耗材',NULL,3,1,1,NULL,NULL,'2026-03-22 11:06:00','2026-03-22 03:27:45',NULL),(75,1,2,'EXP-7E8-20260322-05',736.51,'2026-03-22','电费',1,NULL,NULL,'中华电力/港灯',NULL,5,1,1,NULL,NULL,'2026-03-22 10:21:00','2026-03-22 03:27:45',NULL),(76,2,1,'EXP-XWH-20260322-06',3239.07,'2026-03-22','蔬果采购',1,NULL,NULL,'新鲜直送农场',NULL,2,1,1,NULL,NULL,'2026-03-22 06:57:00','2026-03-22 03:27:45',NULL),(77,2,1,'EXP-XWH-20260322-07',1837.90,'2026-03-22','肉类采购',1,NULL,NULL,'港鲜肉类批发',NULL,2,1,1,NULL,NULL,'2026-03-22 11:58:00','2026-03-22 03:27:45',NULL),(78,2,1,'EXP-XWH-20260322-08',1751.91,'2026-03-22','水产采购',1,NULL,NULL,'南海水产行',NULL,1,1,1,NULL,NULL,'2026-03-22 02:12:00','2026-03-22 03:27:45',NULL),(79,2,4,'EXP-XWH-20260322-09',336.79,'2026-03-22','包装袋、托盘、保鲜膜',1,NULL,NULL,'包装耗材',NULL,3,1,1,NULL,NULL,'2026-03-22 12:20:00','2026-03-22 03:27:45',NULL),(80,2,2,'EXP-XWH-20260322-10',725.84,'2026-03-22','电费',1,NULL,NULL,'中华电力/港灯',NULL,5,1,1,NULL,NULL,'2026-03-22 07:35:00','2026-03-22 03:27:45',NULL),(81,3,1,'EXP-WCH-20260322-11',3520.95,'2026-03-22','蔬果采购',1,NULL,NULL,'新鲜直送农场',NULL,2,1,1,NULL,NULL,'2026-03-22 02:32:00','2026-03-22 03:27:45',NULL),(82,3,1,'EXP-WCH-20260322-12',2017.08,'2026-03-22','肉类采购',1,NULL,NULL,'港鲜肉类批发',NULL,2,1,1,NULL,NULL,'2026-03-22 01:31:00','2026-03-22 03:27:45',NULL),(83,3,1,'EXP-WCH-20260322-13',891.96,'2026-03-22','水产采购',1,NULL,NULL,'南海水产行',NULL,1,1,1,NULL,NULL,'2026-03-22 00:01:00','2026-03-22 03:27:45',NULL),(84,3,4,'EXP-WCH-20260322-14',332.23,'2026-03-22','包装袋、托盘、保鲜膜',1,NULL,NULL,'包装耗材',NULL,3,1,1,NULL,NULL,'2026-03-22 06:27:00','2026-03-22 03:27:45',NULL),(85,3,2,'EXP-WCH-20260322-15',884.44,'2026-03-22','电费',1,NULL,NULL,'中华电力/港灯',NULL,5,1,1,NULL,NULL,'2026-03-22 09:43:00','2026-03-22 03:27:45',NULL);
/*!40000 ALTER TABLE `expenses` ENABLE KEYS */;
UNLOCK TABLES;

--
-- Table structure for table `failed_jobs`
--

DROP TABLE IF EXISTS `failed_jobs`;
/*!40101 SET @saved_cs_client     = @@character_set_client */;
/*!50503 SET character_set_client = utf8mb4 */;
CREATE TABLE `failed_jobs` (
  `id` bigint unsigned NOT NULL AUTO_INCREMENT,
  `uuid` varchar(255) CHARACTER SET utf8mb4 COLLATE utf8mb4_unicode_ci NOT NULL,
  `connection` text CHARACTER SET utf8mb4 COLLATE utf8mb4_unicode_ci NOT NULL,
  `queue` text CHARACTER SET utf8mb4 COLLATE utf8mb4_unicode_ci NOT NULL,
  `payload` longtext CHARACTER SET utf8mb4 COLLATE utf8mb4_unicode_ci NOT NULL,
  `exception` longtext CHARACTER SET utf8mb4 COLLATE utf8mb4_unicode_ci NOT NULL,
  `failed_at` timestamp NOT NULL DEFAULT CURRENT_TIMESTAMP,
  PRIMARY KEY (`id`),
  UNIQUE KEY `failed_jobs_uuid_unique` (`uuid`)
) ENGINE=InnoDB DEFAULT CHARSET=utf8mb4 COLLATE=utf8mb4_unicode_ci;
/*!40101 SET character_set_client = @saved_cs_client */;

--
-- Dumping data for table `failed_jobs`
--

LOCK TABLES `failed_jobs` WRITE;
/*!40000 ALTER TABLE `failed_jobs` DISABLE KEYS */;
/*!40000 ALTER TABLE `failed_jobs` ENABLE KEYS */;
UNLOCK TABLES;

--
-- Table structure for table `intelligence_reports`
--

DROP TABLE IF EXISTS `intelligence_reports`;
/*!40101 SET @saved_cs_client     = @@character_set_client */;
/*!50503 SET character_set_client = utf8mb4 */;
CREATE TABLE `intelligence_reports` (
  `id` bigint unsigned NOT NULL AUTO_INCREMENT,
  `organization_id` bigint unsigned NOT NULL,
  `store_id` bigint unsigned DEFAULT NULL,
  `report_period_start` date NOT NULL,
  `report_period_end` date NOT NULL,
  `report_type` tinyint NOT NULL DEFAULT '1' COMMENT '1:周报 2:月报 3:专项分析',
  `price_gap_summary` json DEFAULT NULL,
  `hot_products_summary` json DEFAULT NULL,
  `ai_insights` text CHARACTER SET utf8mb4 COLLATE utf8mb4_unicode_ci,
  `action_recommendations` json DEFAULT NULL,
  `generated_at` timestamp NOT NULL DEFAULT CURRENT_TIMESTAMP,
  `is_auto_generated` tinyint(1) NOT NULL DEFAULT '1',
  PRIMARY KEY (`id`),
  KEY `intelligence_reports_store_id_foreign` (`store_id`),
  KEY `ir_org_type_period` (`organization_id`,`report_type`,`report_period_start`),
  CONSTRAINT `intelligence_reports_organization_id_foreign` FOREIGN KEY (`organization_id`) REFERENCES `organizations` (`id`) ON DELETE CASCADE,
  CONSTRAINT `intelligence_reports_store_id_foreign` FOREIGN KEY (`store_id`) REFERENCES `stores` (`id`) ON DELETE SET NULL
) ENGINE=InnoDB DEFAULT CHARSET=utf8mb4 COLLATE=utf8mb4_unicode_ci;
/*!40101 SET character_set_client = @saved_cs_client */;

--
-- Dumping data for table `intelligence_reports`
--

LOCK TABLES `intelligence_reports` WRITE;
/*!40000 ALTER TABLE `intelligence_reports` DISABLE KEYS */;
/*!40000 ALTER TABLE `intelligence_reports` ENABLE KEYS */;
UNLOCK TABLES;

--
-- Table structure for table `inventory`
--

DROP TABLE IF EXISTS `inventory`;
/*!40101 SET @saved_cs_client     = @@character_set_client */;
/*!50503 SET character_set_client = utf8mb4 */;
CREATE TABLE `inventory` (
  `id` bigint unsigned NOT NULL AUTO_INCREMENT,
  `store_id` bigint unsigned NOT NULL,
  `product_id` bigint unsigned NOT NULL,
  `current_qty` decimal(10,3) NOT NULL DEFAULT '0.000' COMMENT '当前库存量',
  `available_qty` decimal(10,3) NOT NULL DEFAULT '0.000' COMMENT '可用库存',
  `locked_qty` decimal(10,3) NOT NULL DEFAULT '0.000' COMMENT '锁定量（已下单未入库）',
  `avg_cost` decimal(12,4) NOT NULL DEFAULT '0.0000' COMMENT '移动加权平均成本',
  `last_in_at` timestamp NULL DEFAULT NULL,
  `last_out_at` timestamp NULL DEFAULT NULL,
  `last_counted_at` timestamp NULL DEFAULT NULL,
  `last_sold_at` timestamp NULL DEFAULT NULL COMMENT '最后一次库存归零的时间，有补货后清空',
  `updated_at` timestamp NOT NULL DEFAULT CURRENT_TIMESTAMP ON UPDATE CURRENT_TIMESTAMP,
  PRIMARY KEY (`id`),
  UNIQUE KEY `inventory_store_id_product_id_unique` (`store_id`,`product_id`),
  KEY `inventory_product_id_foreign` (`product_id`),
  KEY `inventory_store_id_current_qty_index` (`store_id`,`current_qty`),
  CONSTRAINT `inventory_product_id_foreign` FOREIGN KEY (`product_id`) REFERENCES `products` (`id`) ON DELETE CASCADE,
  CONSTRAINT `inventory_store_id_foreign` FOREIGN KEY (`store_id`) REFERENCES `stores` (`id`) ON DELETE CASCADE
) ENGINE=InnoDB AUTO_INCREMENT=278 DEFAULT CHARSET=utf8mb4 COLLATE=utf8mb4_unicode_ci;
/*!40101 SET character_set_client = @saved_cs_client */;

--
-- Dumping data for table `inventory`
--

LOCK TABLES `inventory` WRITE;
/*!40000 ALTER TABLE `inventory` DISABLE KEYS */;
INSERT INTO `inventory` VALUES (22,3,1,10.000,10.000,0.000,1.2000,'2026-03-20 01:07:00','2026-04-16 15:19:24',NULL,'2026-04-16 15:19:24','2026-04-16 15:19:24'),(23,3,2,35.000,35.000,0.000,3.5000,'2026-03-20 01:02:06',NULL,NULL,NULL,'2026-03-22 08:02:06'),(24,3,3,0.000,0.000,0.000,0.8000,'2026-03-20 01:18:00','2026-04-16 15:32:59',NULL,'2026-04-16 15:14:36','2026-04-16 15:32:59'),(25,3,4,123.600,123.600,0.000,2.5000,'2026-03-20 01:43:00',NULL,NULL,NULL,'2026-03-22 11:24:50'),(26,3,5,28.000,28.000,0.000,2.8000,'2026-03-20 19:02:06',NULL,NULL,NULL,'2026-03-22 08:02:06'),(27,3,6,96.100,96.100,0.000,1.0000,'2026-03-20 01:56:00',NULL,NULL,NULL,'2026-03-22 11:24:50'),(28,3,7,0.000,0.000,0.000,1.5000,'2026-03-20 01:01:00','2026-04-03 23:25:26',NULL,'2026-04-03 23:25:26','2026-04-03 23:25:26'),(29,3,8,70.000,70.000,0.000,4.5000,'2026-03-20 21:02:06',NULL,NULL,NULL,'2026-03-22 08:02:06'),(30,3,9,41.200,41.200,0.000,3.2000,'2026-04-06 17:10:59',NULL,NULL,NULL,'2026-04-06 17:10:59'),(31,3,10,67.800,67.800,0.000,3.8000,'2026-03-19 01:10:00',NULL,NULL,NULL,'2026-03-22 11:24:50'),(32,3,11,61.700,61.700,0.000,18.0000,'2026-03-20 01:45:00',NULL,NULL,NULL,'2026-03-22 11:24:50'),(33,3,12,55.900,55.900,0.000,12.5000,'2026-03-20 01:57:00',NULL,NULL,NULL,'2026-03-22 11:24:50'),(34,3,13,8.000,8.000,0.000,55.0000,'2026-03-20 09:02:06',NULL,NULL,NULL,'2026-03-22 08:02:06'),(35,3,14,25.600,25.600,0.000,22.0000,'2026-03-19 01:19:00',NULL,NULL,NULL,'2026-03-22 11:24:50'),(36,3,15,41.000,41.000,0.000,28.0000,'2026-03-20 01:42:00',NULL,NULL,NULL,'2026-03-22 11:24:50'),(37,3,16,12.000,12.000,0.000,65.0000,'2026-03-20 19:02:06',NULL,NULL,NULL,'2026-03-22 08:02:06'),(38,3,17,38.400,38.400,0.000,12.0000,'2026-03-18 01:19:00',NULL,NULL,NULL,'2026-03-22 11:24:49'),(39,3,18,109.300,109.300,0.000,2.5000,'2026-03-20 01:33:00',NULL,NULL,NULL,'2026-03-22 11:24:50'),(40,3,19,42.700,42.700,0.000,1.8000,'2026-03-18 01:17:00',NULL,NULL,NULL,'2026-03-22 11:24:49'),(41,3,20,150.000,150.000,0.000,2.2000,'2026-03-21 02:02:06',NULL,NULL,NULL,'2026-03-22 08:02:06'),(42,3,21,8.000,8.000,0.000,68.0000,'2026-03-21 19:02:06',NULL,NULL,NULL,'2026-03-22 08:02:06'),(43,1,1,120.000,120.000,0.000,0.0000,'2026-05-11 12:00:58','2026-04-27 13:28:45',NULL,'2026-04-27 13:28:45','2026-05-11 12:00:58'),(44,1,3,70.000,70.000,0.000,0.0000,'2026-03-20 01:22:00','2026-05-10 23:24:17',NULL,'2026-04-27 14:26:23','2026-05-10 23:24:17'),(46,1,6,112.800,112.800,0.000,0.0000,'2026-03-20 01:37:00',NULL,NULL,NULL,'2026-03-22 11:24:50'),(47,1,11,33.200,33.200,0.000,0.0000,'2026-03-20 01:58:00',NULL,NULL,NULL,'2026-03-22 11:24:50'),(48,1,12,28.600,28.600,0.000,0.0000,'2026-03-20 01:58:00',NULL,NULL,NULL,'2026-03-22 11:24:50'),(49,1,15,22.500,22.500,0.000,0.0000,'2026-03-20 01:27:00',NULL,NULL,NULL,'2026-03-22 11:24:50'),(50,1,18,61.200,61.200,0.000,0.0000,'2026-03-20 01:40:00',NULL,NULL,NULL,'2026-03-22 11:24:50'),(51,1,19,18.700,18.700,0.000,0.0000,'2026-03-18 01:03:00',NULL,NULL,NULL,'2026-03-22 11:24:49'),(52,1,17,11.700,11.700,0.000,0.0000,'2026-03-18 01:39:00',NULL,NULL,NULL,'2026-03-22 11:24:49'),(53,1,10,0.000,0.000,0.000,0.0000,'2026-05-10 23:21:55','2026-05-11 12:29:08',NULL,'2026-05-11 12:29:08','2026-05-11 12:29:08'),(54,1,14,7.100,7.100,0.000,0.0000,'2026-03-19 01:51:00',NULL,NULL,NULL,'2026-03-22 11:24:49'),(55,1,7,19.800,19.800,0.000,0.0000,'2026-03-20 01:18:00',NULL,NULL,NULL,'2026-03-22 11:24:50'),(56,1,9,11.900,11.900,0.000,0.0000,'2026-03-20 01:15:00','2026-05-11 12:01:53',NULL,NULL,'2026-05-11 12:01:53'),(130,2,32,1.000,1.000,0.000,0.0000,'2026-04-01 00:46:12',NULL,NULL,NULL,'2026-04-01 00:46:12'),(131,2,33,1.000,1.000,0.000,0.0000,'2026-04-01 00:46:12',NULL,NULL,NULL,'2026-04-01 00:46:12'),(132,2,34,2.000,2.000,0.000,0.0000,'2026-04-01 00:46:12',NULL,NULL,NULL,'2026-04-01 00:46:12'),(133,2,9,1.000,1.000,0.000,0.0000,'2026-04-01 00:46:12',NULL,NULL,NULL,'2026-04-01 00:46:12'),(134,2,35,1.000,1.000,0.000,0.0000,'2026-04-01 00:46:12',NULL,NULL,NULL,'2026-04-01 00:46:12'),(135,2,36,1.000,1.000,0.000,0.0000,'2026-04-01 00:46:12',NULL,NULL,NULL,'2026-04-01 00:46:12'),(136,2,37,2.000,2.000,0.000,0.0000,'2026-04-01 00:46:12',NULL,NULL,NULL,'2026-04-01 00:46:12'),(137,2,38,2.000,2.000,0.000,0.0000,'2026-04-01 00:46:12',NULL,NULL,NULL,'2026-04-01 00:46:12'),(138,2,39,2.000,2.000,0.000,0.0000,'2026-04-01 00:46:12',NULL,NULL,NULL,'2026-04-01 00:46:12'),(139,2,40,1.000,1.000,0.000,0.0000,'2026-04-01 00:46:12',NULL,NULL,NULL,'2026-04-01 00:46:12'),(140,2,41,0.500,0.500,0.000,0.0000,'2026-04-01 00:46:12',NULL,NULL,NULL,'2026-04-01 00:46:12'),(141,2,42,1.000,1.000,0.000,0.0000,'2026-04-01 00:46:12',NULL,NULL,NULL,'2026-04-01 00:46:12'),(142,2,43,1.000,1.000,0.000,0.0000,'2026-04-01 00:46:12',NULL,NULL,NULL,'2026-04-01 00:46:12'),(143,2,44,1.000,1.000,0.000,0.0000,'2026-04-01 00:46:12',NULL,NULL,NULL,'2026-04-01 00:46:12'),(144,2,24,1.000,1.000,0.000,0.0000,'2026-04-01 00:47:55',NULL,NULL,NULL,'2026-04-01 00:47:55'),(145,2,25,1.000,1.000,0.000,0.0000,'2026-04-01 00:47:55',NULL,NULL,NULL,'2026-04-01 00:47:55'),(146,2,26,1.000,1.000,0.000,0.0000,'2026-04-01 00:47:55',NULL,NULL,NULL,'2026-04-01 00:47:55'),(147,2,27,1.000,1.000,0.000,0.0000,'2026-04-01 00:47:55',NULL,NULL,NULL,'2026-04-01 00:47:55'),(148,2,28,1.000,1.000,0.000,0.0000,'2026-04-01 00:47:55',NULL,NULL,NULL,'2026-04-01 00:47:55'),(149,2,29,1.000,1.000,0.000,0.0000,'2026-04-01 00:47:55',NULL,NULL,NULL,'2026-04-01 00:47:55'),(150,2,30,1.000,1.000,0.000,0.0000,'2026-04-01 00:47:55',NULL,NULL,NULL,'2026-04-01 00:47:55'),(151,2,31,1.000,1.000,0.000,0.0000,'2026-04-01 00:47:55',NULL,NULL,NULL,'2026-04-01 00:47:55'),(152,2,4,40.000,40.000,0.000,0.0000,NULL,'2026-04-27 13:56:48',NULL,'2026-04-27 13:56:48','2026-04-27 13:56:48'),(153,2,1,30.000,30.000,0.000,0.0000,NULL,'2026-04-03 18:47:00',NULL,'2026-04-03 18:47:00','2026-04-03 19:05:09'),(154,2,2,30.000,30.000,0.000,0.0000,NULL,NULL,NULL,NULL,'2026-04-03 18:46:59'),(155,2,3,0.000,0.000,0.000,0.0000,NULL,'2026-04-03 18:47:00',NULL,'2026-04-03 18:47:00','2026-04-03 18:47:00'),(156,3,47,2.000,2.000,0.000,0.0000,'2026-04-04 00:09:48',NULL,NULL,NULL,'2026-04-04 00:09:48'),(157,3,48,2.000,2.000,0.000,0.0000,'2026-04-04 00:09:48',NULL,NULL,NULL,'2026-04-04 00:09:48'),(158,3,49,2.000,2.000,0.000,0.0000,'2026-04-04 00:09:48',NULL,NULL,NULL,'2026-04-04 00:09:48'),(159,3,50,2.000,2.000,0.000,0.0000,'2026-04-04 00:09:48',NULL,NULL,NULL,'2026-04-04 00:09:48'),(160,3,51,2.000,2.000,0.000,0.0000,'2026-04-04 00:09:48',NULL,NULL,NULL,'2026-04-04 00:09:48'),(161,3,52,2.000,2.000,0.000,0.0000,'2026-04-04 00:09:48',NULL,NULL,NULL,'2026-04-04 00:09:48'),(162,3,53,2.000,2.000,0.000,0.0000,'2026-04-04 00:09:48',NULL,NULL,NULL,'2026-04-04 00:09:48'),(163,3,54,2.000,2.000,0.000,0.0000,'2026-04-04 00:09:48',NULL,NULL,NULL,'2026-04-04 00:09:48'),(164,3,55,0.000,0.000,0.000,0.0000,NULL,NULL,NULL,NULL,'2026-04-04 21:33:08'),(165,3,56,72.000,72.000,0.000,0.0000,'2026-04-06 17:10:59',NULL,NULL,NULL,'2026-04-06 17:10:59'),(166,3,33,38.000,38.000,0.000,0.0000,'2026-04-06 17:10:59',NULL,NULL,NULL,'2026-04-06 17:10:59'),(167,3,35,19.000,19.000,0.000,0.0000,'2026-04-06 17:10:59',NULL,NULL,NULL,'2026-04-06 17:10:59'),(168,3,37,36.000,36.000,0.000,0.0000,'2026-04-06 17:10:59',NULL,NULL,NULL,'2026-04-06 17:10:59'),(169,3,57,20.000,20.000,0.000,0.0000,'2026-04-06 17:10:59',NULL,NULL,NULL,'2026-04-06 17:10:59'),(170,3,58,20.000,20.000,0.000,0.0000,'2026-04-06 17:10:59',NULL,NULL,NULL,'2026-04-06 17:10:59'),(171,3,41,10.000,10.000,0.000,0.0000,'2026-04-06 17:10:59',NULL,NULL,NULL,'2026-04-06 17:10:59'),(172,3,59,0.000,0.000,0.000,0.0000,'2026-04-06 17:10:59','2026-04-06 22:50:00',NULL,'2026-04-06 22:50:00','2026-04-06 22:50:56'),(173,3,45,20.000,20.000,0.000,0.0000,'2026-04-06 17:10:59',NULL,NULL,NULL,'2026-04-06 17:10:59'),(174,1,60,2.000,2.000,0.000,0.0000,'2026-04-16 04:17:46',NULL,NULL,NULL,'2026-04-16 04:17:46'),(175,1,44,1.000,1.000,0.000,0.0000,'2026-04-16 04:17:46',NULL,NULL,NULL,'2026-04-16 04:17:46'),(176,1,61,1.000,1.000,0.000,0.0000,'2026-04-16 04:17:46',NULL,NULL,NULL,'2026-04-16 04:17:46'),(177,1,45,1.000,1.000,0.000,0.0000,'2026-04-16 04:17:46',NULL,NULL,NULL,'2026-04-16 04:17:46'),(178,1,43,1.000,1.000,0.000,0.0000,'2026-04-16 04:17:46',NULL,NULL,NULL,'2026-04-16 04:17:46'),(179,1,32,1.000,1.000,0.000,0.0000,'2026-04-16 04:17:46',NULL,NULL,NULL,'2026-04-16 04:17:46'),(180,1,62,0.000,0.000,0.000,0.0000,NULL,NULL,NULL,NULL,'2026-04-16 14:45:20'),(181,1,63,0.000,0.000,0.000,0.0000,NULL,NULL,NULL,NULL,'2026-04-27 12:56:40'),(182,1,38,0.000,0.000,0.000,0.0000,NULL,'2026-04-28 05:08:01',NULL,NULL,'2026-04-28 05:08:01'),(183,1,8,0.000,0.000,0.000,0.0000,NULL,'2026-05-11 12:28:44',NULL,'2026-05-11 12:28:44','2026-05-11 12:28:44'),(184,1,4,150.000,150.000,0.000,0.0000,'2026-05-10 21:41:39',NULL,NULL,NULL,'2026-05-10 21:41:39'),(185,1,64,30.000,30.000,0.000,0.0000,'2026-05-11 12:00:58',NULL,NULL,NULL,'2026-05-11 12:00:58'),(186,1,37,1.000,1.000,0.000,0.0000,'2026-05-11 13:04:51','2026-05-11 13:03:03',NULL,NULL,'2026-05-11 13:04:51'),(187,1,65,0.000,0.000,0.000,0.0000,NULL,'2026-05-11 13:02:17',NULL,NULL,'2026-05-11 13:02:17'),(188,1,66,0.000,0.000,0.000,0.0000,NULL,'2026-05-11 13:02:17',NULL,NULL,'2026-05-11 13:02:17'),(189,1,2,0.000,0.000,0.000,0.0000,NULL,'2026-05-11 13:02:17',NULL,NULL,'2026-05-11 13:02:17'),(190,1,67,0.000,0.000,0.000,0.0000,NULL,'2026-05-11 13:02:17',NULL,NULL,'2026-05-11 13:02:17'),(191,1,68,0.000,0.000,0.000,0.0000,NULL,'2026-05-11 13:02:17',NULL,NULL,'2026-05-11 13:02:17'),(192,1,69,0.000,0.000,0.000,0.0000,NULL,'2026-05-11 13:02:17',NULL,NULL,'2026-05-11 13:02:17'),(193,1,70,2.000,2.000,0.000,0.0000,'2026-05-11 13:04:20',NULL,NULL,NULL,'2026-05-11 13:04:20'),(194,1,71,2.000,2.000,0.000,0.0000,'2026-05-11 13:04:20',NULL,NULL,NULL,'2026-05-11 13:04:20'),(195,1,50,2.000,2.000,0.000,0.0000,'2026-05-11 13:04:20',NULL,NULL,NULL,'2026-05-11 13:04:20'),(196,1,72,2.000,2.000,0.000,0.0000,'2026-05-11 13:04:20',NULL,NULL,NULL,'2026-05-11 13:04:20'),(197,1,73,2.000,2.000,0.000,0.0000,'2026-05-11 13:04:20',NULL,NULL,NULL,'2026-05-11 13:04:20'),(198,1,74,2.000,2.000,0.000,0.0000,'2026-05-11 13:04:20',NULL,NULL,NULL,'2026-05-11 13:04:20'),(199,1,75,2.000,2.000,0.000,0.0000,'2026-05-11 13:04:20',NULL,NULL,NULL,'2026-05-11 13:04:20'),(200,1,76,1.000,1.000,0.000,0.0000,'2026-05-11 13:04:51',NULL,NULL,NULL,'2026-05-11 13:04:51'),(201,1,77,1.000,1.000,0.000,0.0000,'2026-05-11 13:04:51',NULL,NULL,NULL,'2026-05-11 13:04:51'),(202,1,78,3.000,3.000,0.000,0.0000,'2026-05-11 13:04:51',NULL,NULL,NULL,'2026-05-11 13:04:51'),(203,1,79,2.000,2.000,0.000,0.0000,'2026-05-11 13:04:51',NULL,NULL,NULL,'2026-05-11 13:04:51'),(204,2,80,6.000,6.000,0.000,0.0000,'2026-05-11 13:35:31',NULL,NULL,NULL,'2026-05-11 13:35:31'),(205,2,81,5.000,5.000,0.000,0.0000,'2026-05-11 13:35:31',NULL,NULL,NULL,'2026-05-11 13:35:31'),(206,2,82,8.000,8.000,0.000,0.0000,'2026-05-11 13:38:53',NULL,NULL,NULL,'2026-05-11 13:38:53'),(207,2,83,5.000,5.000,0.000,0.0000,'2026-05-11 13:38:53',NULL,NULL,NULL,'2026-05-11 13:38:53'),(208,2,84,8.000,8.000,0.000,0.0000,'2026-05-11 13:38:53',NULL,NULL,NULL,'2026-05-11 13:38:53'),(209,2,85,12.000,12.000,0.000,0.0000,'2026-05-11 13:38:53',NULL,NULL,NULL,'2026-05-11 13:38:53'),(210,2,86,6.000,6.000,0.000,0.0000,'2026-05-11 13:38:53',NULL,NULL,NULL,'2026-05-11 13:38:53'),(211,2,87,15.000,15.000,0.000,0.0000,'2026-05-11 13:38:53',NULL,NULL,NULL,'2026-05-11 13:38:53'),(212,2,88,2.000,2.000,0.000,0.0000,'2026-05-11 13:38:53',NULL,NULL,NULL,'2026-05-11 13:38:53'),(213,2,89,5.000,5.000,0.000,0.0000,'2026-05-11 13:38:53',NULL,NULL,NULL,'2026-05-11 13:38:53'),(214,2,90,3.000,3.000,0.000,0.0000,'2026-05-11 13:38:53',NULL,NULL,NULL,'2026-05-11 13:38:53'),(215,2,91,3.000,3.000,0.000,0.0000,'2026-05-11 13:38:53',NULL,NULL,NULL,'2026-05-11 13:38:53'),(216,2,92,20.000,20.000,0.000,0.0000,'2026-05-11 13:38:53',NULL,NULL,NULL,'2026-05-11 13:38:53'),(217,2,93,5.000,5.000,0.000,0.0000,'2026-05-11 13:38:53',NULL,NULL,NULL,'2026-05-11 13:38:53'),(218,2,94,6.000,6.000,0.000,0.0000,'2026-05-11 13:38:53',NULL,NULL,NULL,'2026-05-11 13:38:53'),(219,2,95,3.000,3.000,0.000,0.0000,'2026-05-11 13:38:53',NULL,NULL,NULL,'2026-05-11 13:38:53'),(220,2,96,6.000,6.000,0.000,0.0000,'2026-05-11 13:38:53',NULL,NULL,NULL,'2026-05-11 13:38:53'),(221,2,97,2.000,2.000,0.000,0.0000,'2026-05-11 13:38:53',NULL,NULL,NULL,'2026-05-11 13:38:53'),(222,2,98,8.000,8.000,0.000,0.0000,'2026-05-11 13:38:53',NULL,NULL,NULL,'2026-05-11 13:38:53'),(223,2,99,3.000,3.000,0.000,0.0000,'2026-05-11 13:38:53',NULL,NULL,NULL,'2026-05-11 13:38:53'),(224,2,100,2.000,2.000,0.000,0.0000,'2026-05-11 13:38:53',NULL,NULL,NULL,'2026-05-11 13:38:53'),(225,2,101,2.000,2.000,0.000,0.0000,'2026-05-11 13:38:53',NULL,NULL,NULL,'2026-05-11 13:38:53'),(226,2,102,6.000,6.000,0.000,0.0000,'2026-05-11 13:38:53',NULL,NULL,NULL,'2026-05-11 13:38:53'),(227,2,103,2.000,2.000,0.000,0.0000,'2026-05-11 13:38:53',NULL,NULL,NULL,'2026-05-11 13:38:53'),(228,2,104,5.000,5.000,0.000,0.0000,'2026-05-11 13:38:53',NULL,NULL,NULL,'2026-05-11 13:38:53'),(229,2,105,22.000,22.000,0.000,0.0000,'2026-05-11 13:38:53',NULL,NULL,NULL,'2026-05-11 13:38:53'),(230,2,106,2.000,2.000,0.000,0.0000,'2026-05-11 13:38:53',NULL,NULL,NULL,'2026-05-11 13:38:53'),(231,2,107,3.000,3.000,0.000,0.0000,'2026-05-11 13:38:53',NULL,NULL,NULL,'2026-05-11 13:38:53'),(232,2,108,7.000,7.000,0.000,0.0000,'2026-05-11 13:38:53',NULL,NULL,NULL,'2026-05-11 13:38:53'),(233,2,109,3.000,3.000,0.000,0.0000,'2026-05-11 13:38:53',NULL,NULL,NULL,'2026-05-11 13:38:53'),(234,2,110,8.000,8.000,0.000,0.0000,'2026-05-11 13:38:53',NULL,NULL,NULL,'2026-05-11 13:38:53'),(235,2,111,6.000,6.000,0.000,0.0000,'2026-05-11 13:38:53',NULL,NULL,NULL,'2026-05-11 13:38:53'),(236,2,112,7.000,7.000,0.000,0.0000,'2026-05-11 13:38:53',NULL,NULL,NULL,'2026-05-11 13:38:53'),(237,2,113,5.000,5.000,0.000,0.0000,'2026-05-11 13:38:53',NULL,NULL,NULL,'2026-05-11 13:38:53'),(238,2,114,2.000,2.000,0.000,0.0000,'2026-05-11 13:38:54',NULL,NULL,NULL,'2026-05-11 13:38:54'),(239,2,115,2.000,2.000,0.000,0.0000,'2026-05-11 13:38:54',NULL,NULL,NULL,'2026-05-11 13:38:54'),(240,2,116,2.000,2.000,0.000,0.0000,'2026-05-11 13:38:54',NULL,NULL,NULL,'2026-05-11 13:38:54'),(241,2,117,7.000,7.000,0.000,0.0000,'2026-05-11 13:38:54',NULL,NULL,NULL,'2026-05-11 13:38:54'),(242,2,118,5.000,5.000,0.000,0.0000,'2026-05-11 13:38:54',NULL,NULL,NULL,'2026-05-11 13:38:54'),(243,2,119,5.000,5.000,0.000,0.0000,'2026-05-11 13:38:54',NULL,NULL,NULL,'2026-05-11 13:38:54'),(244,2,120,5.000,5.000,0.000,0.0000,'2026-05-11 13:38:54',NULL,NULL,NULL,'2026-05-11 13:38:54'),(245,2,121,2.000,2.000,0.000,0.0000,'2026-05-11 13:38:54',NULL,NULL,NULL,'2026-05-11 13:38:54'),(246,2,122,4.000,4.000,0.000,0.0000,'2026-05-11 13:38:54',NULL,NULL,NULL,'2026-05-11 13:38:54'),(247,2,123,2.000,2.000,0.000,0.0000,'2026-05-11 13:38:54',NULL,NULL,NULL,'2026-05-11 13:38:54'),(248,2,124,10.000,10.000,0.000,0.0000,'2026-05-11 13:38:54',NULL,NULL,NULL,'2026-05-11 13:38:54'),(249,2,125,4.000,4.000,0.000,0.0000,'2026-05-11 13:38:54',NULL,NULL,NULL,'2026-05-11 13:38:54'),(250,2,126,3.000,3.000,0.000,0.0000,'2026-05-11 13:38:54',NULL,NULL,NULL,'2026-05-11 13:38:54'),(251,2,127,5.000,5.000,0.000,0.0000,'2026-05-11 13:38:54',NULL,NULL,NULL,'2026-05-11 13:38:54'),(252,2,128,3.000,3.000,0.000,0.0000,'2026-05-11 13:38:54',NULL,NULL,NULL,'2026-05-11 13:38:54'),(253,2,129,3.000,3.000,0.000,0.0000,'2026-05-11 13:38:54',NULL,NULL,NULL,'2026-05-11 13:38:54'),(254,2,130,5.000,5.000,0.000,0.0000,'2026-05-11 13:38:54',NULL,NULL,NULL,'2026-05-11 13:38:54'),(255,2,131,2.000,2.000,0.000,0.0000,'2026-05-11 13:38:54',NULL,NULL,NULL,'2026-05-11 13:38:54'),(256,2,132,3.000,3.000,0.000,0.0000,'2026-05-11 13:38:54',NULL,NULL,NULL,'2026-05-11 13:38:54'),(257,2,133,5.000,5.000,0.000,0.0000,'2026-05-11 13:38:54',NULL,NULL,NULL,'2026-05-11 13:38:54'),(258,2,134,3.000,3.000,0.000,0.0000,'2026-05-11 13:38:54',NULL,NULL,NULL,'2026-05-11 13:38:54'),(259,2,135,2.000,2.000,0.000,0.0000,'2026-05-11 13:38:54',NULL,NULL,NULL,'2026-05-11 13:38:54'),(260,2,136,3.000,3.000,0.000,0.0000,'2026-05-11 13:38:54',NULL,NULL,NULL,'2026-05-11 13:38:54'),(261,2,137,2.000,2.000,0.000,0.0000,'2026-05-11 13:38:54',NULL,NULL,NULL,'2026-05-11 13:38:54'),(262,2,138,2.000,2.000,0.000,0.0000,'2026-05-11 13:38:54',NULL,NULL,NULL,'2026-05-11 13:38:54'),(263,2,139,2.000,2.000,0.000,0.0000,'2026-05-11 13:38:54',NULL,NULL,NULL,'2026-05-11 13:38:54'),(264,2,140,2.000,2.000,0.000,0.0000,'2026-05-11 13:38:54',NULL,NULL,NULL,'2026-05-11 13:38:54'),(265,2,141,3.000,3.000,0.000,0.0000,'2026-05-11 13:38:54',NULL,NULL,NULL,'2026-05-11 13:38:54'),(266,2,142,5.000,5.000,0.000,0.0000,'2026-05-11 13:38:54',NULL,NULL,NULL,'2026-05-11 13:38:54'),(267,2,143,5.000,5.000,0.000,0.0000,'2026-05-11 13:38:54',NULL,NULL,NULL,'2026-05-11 13:38:54'),(268,2,144,5.000,5.000,0.000,0.0000,'2026-05-11 13:38:54',NULL,NULL,NULL,'2026-05-11 13:38:54'),(269,2,145,2.000,2.000,0.000,0.0000,'2026-05-11 13:38:54',NULL,NULL,NULL,'2026-05-11 13:38:54'),(270,2,146,2.000,2.000,0.000,0.0000,'2026-05-11 13:38:54',NULL,NULL,NULL,'2026-05-11 13:38:54'),(271,2,147,2.000,2.000,0.000,0.0000,'2026-05-11 13:38:54',NULL,NULL,NULL,'2026-05-11 13:38:54'),(272,2,148,2.000,2.000,0.000,0.0000,'2026-05-11 13:38:54',NULL,NULL,NULL,'2026-05-11 13:38:54'),(273,2,149,4.000,4.000,0.000,0.0000,'2026-05-11 13:38:54',NULL,NULL,NULL,'2026-05-11 13:38:54'),(274,2,150,3.000,3.000,0.000,0.0000,'2026-05-11 13:38:54',NULL,NULL,NULL,'2026-05-11 13:38:54'),(275,2,151,2.000,2.000,0.000,0.0000,'2026-05-11 13:38:54',NULL,NULL,NULL,'2026-05-11 13:38:54'),(276,2,152,2.000,2.000,0.000,0.0000,'2026-05-11 13:38:54',NULL,NULL,NULL,'2026-05-11 13:38:54'),(277,2,153,2.000,2.000,0.000,0.0000,'2026-05-11 13:38:54',NULL,NULL,NULL,'2026-05-11 13:38:54');
/*!40000 ALTER TABLE `inventory` ENABLE KEYS */;
UNLOCK TABLES;

--
-- Table structure for table `inventory_daily_snapshots`
--

DROP TABLE IF EXISTS `inventory_daily_snapshots`;
/*!40101 SET @saved_cs_client     = @@character_set_client */;
/*!50503 SET character_set_client = utf8mb4 */;
CREATE TABLE `inventory_daily_snapshots` (
  `id` bigint unsigned NOT NULL AUTO_INCREMENT,
  `store_id` bigint unsigned NOT NULL,
  `product_id` bigint unsigned NOT NULL,
  `date` date NOT NULL,
  `opening_qty` decimal(10,3) NOT NULL DEFAULT '0.000' COMMENT '往日库存（当天第一笔交易前）',
  `received_qty` decimal(10,3) NOT NULL DEFAULT '0.000' COMMENT '今日进货合计',
  `sold_qty` decimal(10,3) NOT NULL DEFAULT '0.000' COMMENT '今日销售出库合计',
  `damage_qty` decimal(10,3) NOT NULL DEFAULT '0.000' COMMENT '今日损耗合计',
  `adjustment_qty` decimal(10,3) NOT NULL DEFAULT '0.000' COMMENT '今日盘点调整',
  `closing_qty` decimal(10,3) NOT NULL DEFAULT '0.000' COMMENT '今日结算库存（实时更新）',
  `sold_out_at` timestamp NULL DEFAULT NULL,
  `created_at` timestamp NULL DEFAULT NULL,
  `updated_at` timestamp NULL DEFAULT NULL,
  PRIMARY KEY (`id`),
  UNIQUE KEY `inventory_daily_snapshots_store_id_product_id_date_unique` (`store_id`,`product_id`,`date`),
  KEY `inventory_daily_snapshots_store_id_date_index` (`store_id`,`date`),
  KEY `inventory_daily_snapshots_product_id_foreign` (`product_id`),
  CONSTRAINT `inventory_daily_snapshots_product_id_foreign` FOREIGN KEY (`product_id`) REFERENCES `products` (`id`) ON DELETE CASCADE,
  CONSTRAINT `inventory_daily_snapshots_store_id_foreign` FOREIGN KEY (`store_id`) REFERENCES `stores` (`id`) ON DELETE CASCADE
) ENGINE=InnoDB AUTO_INCREMENT=480 DEFAULT CHARSET=utf8mb4 COLLATE=utf8mb4_unicode_ci;
/*!40101 SET character_set_client = @saved_cs_client */;

--
-- Dumping data for table `inventory_daily_snapshots`
--

LOCK TABLES `inventory_daily_snapshots` WRITE;
/*!40000 ALTER TABLE `inventory_daily_snapshots` DISABLE KEYS */;
INSERT INTO `inventory_daily_snapshots` VALUES (47,2,32,'2026-04-01',1.000,1.000,0.000,0.000,0.000,1.000,NULL,'2026-04-01 00:46:12','2026-04-01 00:46:12'),(48,2,33,'2026-04-01',1.000,1.000,0.000,0.000,0.000,1.000,NULL,'2026-04-01 00:46:12','2026-04-01 00:46:12'),(49,2,34,'2026-04-01',2.000,2.000,0.000,0.000,0.000,2.000,NULL,'2026-04-01 00:46:12','2026-04-01 00:46:12'),(50,2,9,'2026-04-01',1.000,1.000,0.000,0.000,0.000,1.000,NULL,'2026-04-01 00:46:12','2026-04-01 00:46:12'),(51,2,35,'2026-04-01',1.000,1.000,0.000,0.000,0.000,1.000,NULL,'2026-04-01 00:46:12','2026-04-01 00:46:12'),(52,2,36,'2026-04-01',1.000,1.000,0.000,0.000,0.000,1.000,NULL,'2026-04-01 00:46:12','2026-04-01 00:46:12'),(53,2,37,'2026-04-01',2.000,2.000,0.000,0.000,0.000,2.000,NULL,'2026-04-01 00:46:12','2026-04-01 00:46:12'),(54,2,38,'2026-04-01',2.000,2.000,0.000,0.000,0.000,2.000,NULL,'2026-04-01 00:46:12','2026-04-01 00:46:12'),(55,2,39,'2026-04-01',2.000,2.000,0.000,0.000,0.000,2.000,NULL,'2026-04-01 00:46:12','2026-04-01 00:46:12'),(56,2,40,'2026-04-01',1.000,1.000,0.000,0.000,0.000,1.000,NULL,'2026-04-01 00:46:12','2026-04-01 00:46:12'),(57,2,41,'2026-04-01',0.500,0.500,0.000,0.000,0.000,0.500,NULL,'2026-04-01 00:46:12','2026-04-01 00:46:12'),(58,2,42,'2026-04-01',1.000,1.000,0.000,0.000,0.000,1.000,NULL,'2026-04-01 00:46:12','2026-04-01 00:46:12'),(59,2,43,'2026-04-01',1.000,1.000,0.000,0.000,0.000,1.000,NULL,'2026-04-01 00:46:12','2026-04-01 00:46:12'),(60,2,44,'2026-04-01',1.000,1.000,0.000,0.000,0.000,1.000,NULL,'2026-04-01 00:46:12','2026-04-01 00:46:12'),(61,2,24,'2026-04-01',1.000,1.000,0.000,0.000,0.000,1.000,NULL,'2026-04-01 00:47:55','2026-04-01 00:47:55'),(62,2,25,'2026-04-01',1.000,1.000,0.000,0.000,0.000,1.000,NULL,'2026-04-01 00:47:55','2026-04-01 00:47:55'),(63,2,26,'2026-04-01',1.000,1.000,0.000,0.000,0.000,1.000,NULL,'2026-04-01 00:47:55','2026-04-01 00:47:55'),(64,2,27,'2026-04-01',1.000,1.000,0.000,0.000,0.000,1.000,NULL,'2026-04-01 00:47:55','2026-04-01 00:47:55'),(65,2,28,'2026-04-01',1.000,1.000,0.000,0.000,0.000,1.000,NULL,'2026-04-01 00:47:55','2026-04-01 00:47:55'),(66,2,29,'2026-04-01',1.000,1.000,0.000,0.000,0.000,1.000,NULL,'2026-04-01 00:47:55','2026-04-01 00:47:55'),(67,2,30,'2026-04-01',1.000,1.000,0.000,0.000,0.000,1.000,NULL,'2026-04-01 00:47:55','2026-04-01 00:47:55'),(68,2,31,'2026-04-01',1.000,1.000,0.000,0.000,0.000,1.000,NULL,'2026-04-01 00:47:55','2026-04-01 00:47:55'),(69,2,4,'2026-04-04',30.000,0.000,90.000,0.000,0.000,0.000,'2026-04-03 18:44:59','2026-04-03 18:44:59','2026-04-03 18:47:00'),(70,2,1,'2026-04-04',20.000,0.000,55.000,0.000,0.000,5.000,NULL,'2026-04-03 18:44:59','2026-04-03 18:47:00'),(71,2,3,'2026-04-04',0.000,0.000,10.000,0.000,0.000,0.000,'2026-04-03 18:47:00','2026-04-03 18:47:00','2026-04-03 18:47:00'),(72,3,1,'2026-04-04',154.100,0.000,10.000,0.000,0.000,144.100,NULL,'2026-04-03 22:42:19','2026-04-03 23:24:08'),(73,3,2,'2026-04-04',35.000,0.000,0.000,0.000,0.000,35.000,NULL,'2026-04-03 22:42:19','2026-04-03 22:42:19'),(74,3,3,'2026-04-04',223.900,0.000,0.000,0.000,0.000,223.900,NULL,'2026-04-03 22:42:19','2026-04-03 22:42:19'),(75,3,4,'2026-04-04',123.600,0.000,0.000,0.000,0.000,123.600,NULL,'2026-04-03 22:42:19','2026-04-03 22:42:19'),(76,3,5,'2026-04-04',28.000,0.000,0.000,0.000,0.000,28.000,NULL,'2026-04-03 22:42:19','2026-04-03 22:42:19'),(77,3,6,'2026-04-04',96.100,0.000,0.000,0.000,0.000,96.100,NULL,'2026-04-03 22:42:19','2026-04-03 22:42:19'),(78,3,7,'2026-04-04',66.600,0.000,66.600,0.000,0.000,0.000,'2026-04-03 23:25:26','2026-04-03 22:42:19','2026-04-03 23:25:26'),(79,3,8,'2026-04-04',70.000,0.000,0.000,0.000,0.000,70.000,NULL,'2026-04-03 22:42:19','2026-04-03 22:42:19'),(80,3,9,'2026-04-04',15.200,0.000,0.000,0.000,0.000,15.200,NULL,'2026-04-03 22:42:19','2026-04-03 22:42:19'),(81,3,10,'2026-04-04',67.800,0.000,0.000,0.000,0.000,67.800,NULL,'2026-04-03 22:42:19','2026-04-03 22:42:19'),(82,3,11,'2026-04-04',61.700,0.000,0.000,0.000,0.000,61.700,NULL,'2026-04-03 22:42:19','2026-04-03 22:42:19'),(83,3,12,'2026-04-04',55.900,0.000,0.000,0.000,0.000,55.900,NULL,'2026-04-03 22:42:19','2026-04-03 22:42:19'),(84,3,13,'2026-04-04',8.000,0.000,0.000,0.000,0.000,8.000,NULL,'2026-04-03 22:42:19','2026-04-03 22:42:19'),(85,3,14,'2026-04-04',25.600,0.000,0.000,0.000,0.000,25.600,NULL,'2026-04-03 22:42:19','2026-04-03 22:42:19'),(86,3,15,'2026-04-04',41.000,0.000,0.000,0.000,0.000,41.000,NULL,'2026-04-03 22:42:19','2026-04-03 22:42:19'),(87,3,16,'2026-04-04',12.000,0.000,0.000,0.000,0.000,12.000,NULL,'2026-04-03 22:42:19','2026-04-03 22:42:19'),(88,3,17,'2026-04-04',38.400,0.000,0.000,0.000,0.000,38.400,NULL,'2026-04-03 22:42:19','2026-04-03 22:42:19'),(89,3,18,'2026-04-04',109.300,0.000,0.000,0.000,0.000,109.300,NULL,'2026-04-03 22:42:19','2026-04-03 22:42:19'),(90,3,19,'2026-04-04',42.700,0.000,0.000,0.000,0.000,42.700,NULL,'2026-04-03 22:42:19','2026-04-03 22:42:19'),(91,3,20,'2026-04-04',150.000,0.000,0.000,0.000,0.000,150.000,NULL,'2026-04-03 22:42:19','2026-04-03 22:42:19'),(92,3,21,'2026-04-04',8.000,0.000,0.000,0.000,0.000,8.000,NULL,'2026-04-03 22:42:19','2026-04-03 22:42:19'),(93,1,1,'2026-04-04',100.000,0.000,0.000,0.000,0.000,100.000,NULL,'2026-04-03 22:42:19','2026-04-03 22:42:19'),(94,1,3,'2026-04-04',102.600,0.000,0.000,0.000,0.000,102.600,NULL,'2026-04-03 22:42:19','2026-04-03 22:42:19'),(95,1,6,'2026-04-04',112.800,0.000,0.000,0.000,0.000,112.800,NULL,'2026-04-03 22:42:19','2026-04-03 22:42:19'),(96,1,11,'2026-04-04',33.200,0.000,0.000,0.000,0.000,33.200,NULL,'2026-04-03 22:42:19','2026-04-03 22:42:19'),(97,1,12,'2026-04-04',28.600,0.000,0.000,0.000,0.000,28.600,NULL,'2026-04-03 22:42:19','2026-04-03 22:42:19'),(98,1,15,'2026-04-04',22.500,0.000,0.000,0.000,0.000,22.500,NULL,'2026-04-03 22:42:19','2026-04-03 22:42:19'),(99,1,18,'2026-04-04',61.200,0.000,0.000,0.000,0.000,61.200,NULL,'2026-04-03 22:42:19','2026-04-03 22:42:19'),(100,1,19,'2026-04-04',18.700,0.000,0.000,0.000,0.000,18.700,NULL,'2026-04-03 22:42:19','2026-04-03 22:42:19'),(101,1,17,'2026-04-04',11.700,0.000,0.000,0.000,0.000,11.700,NULL,'2026-04-03 22:42:19','2026-04-03 22:42:19'),(102,1,10,'2026-04-04',20.900,0.000,0.000,0.000,0.000,20.900,NULL,'2026-04-03 22:42:19','2026-04-03 22:42:19'),(103,1,14,'2026-04-04',7.100,0.000,0.000,0.000,0.000,7.100,NULL,'2026-04-03 22:42:19','2026-04-03 22:42:19'),(104,1,7,'2026-04-04',19.800,0.000,0.000,0.000,0.000,19.800,NULL,'2026-04-03 22:42:19','2026-04-03 22:42:19'),(105,1,9,'2026-04-04',13.900,0.000,0.000,0.000,0.000,13.900,NULL,'2026-04-03 22:42:19','2026-04-03 22:42:19'),(106,2,32,'2026-04-04',1.000,0.000,0.000,0.000,0.000,1.000,NULL,'2026-04-03 22:42:19','2026-04-03 22:42:19'),(107,2,33,'2026-04-04',1.000,0.000,0.000,0.000,0.000,1.000,NULL,'2026-04-03 22:42:19','2026-04-03 22:42:19'),(108,2,34,'2026-04-04',2.000,0.000,0.000,0.000,0.000,2.000,NULL,'2026-04-03 22:42:19','2026-04-03 22:42:19'),(109,2,9,'2026-04-04',1.000,0.000,0.000,0.000,0.000,1.000,NULL,'2026-04-03 22:42:19','2026-04-03 22:42:19'),(110,2,35,'2026-04-04',1.000,0.000,0.000,0.000,0.000,1.000,NULL,'2026-04-03 22:42:19','2026-04-03 22:42:19'),(111,2,36,'2026-04-04',1.000,0.000,0.000,0.000,0.000,1.000,NULL,'2026-04-03 22:42:19','2026-04-03 22:42:19'),(112,2,37,'2026-04-04',2.000,0.000,0.000,0.000,0.000,2.000,NULL,'2026-04-03 22:42:19','2026-04-03 22:42:19'),(113,2,38,'2026-04-04',2.000,0.000,0.000,0.000,0.000,2.000,NULL,'2026-04-03 22:42:19','2026-04-03 22:42:19'),(114,2,39,'2026-04-04',2.000,0.000,0.000,0.000,0.000,2.000,NULL,'2026-04-03 22:42:19','2026-04-03 22:42:19'),(115,2,40,'2026-04-04',1.000,0.000,0.000,0.000,0.000,1.000,NULL,'2026-04-03 22:42:19','2026-04-03 22:42:19'),(116,2,41,'2026-04-04',0.500,0.000,0.000,0.000,0.000,0.500,NULL,'2026-04-03 22:42:19','2026-04-03 22:42:19'),(117,2,42,'2026-04-04',1.000,0.000,0.000,0.000,0.000,1.000,NULL,'2026-04-03 22:42:19','2026-04-03 22:42:19'),(118,2,43,'2026-04-04',1.000,0.000,0.000,0.000,0.000,1.000,NULL,'2026-04-03 22:42:19','2026-04-03 22:42:19'),(119,2,44,'2026-04-04',1.000,0.000,0.000,0.000,0.000,1.000,NULL,'2026-04-03 22:42:19','2026-04-03 22:42:19'),(120,2,24,'2026-04-04',1.000,0.000,0.000,0.000,0.000,1.000,NULL,'2026-04-03 22:42:19','2026-04-03 22:42:19'),(121,2,25,'2026-04-04',1.000,0.000,0.000,0.000,0.000,1.000,NULL,'2026-04-03 22:42:19','2026-04-03 22:42:19'),(122,2,26,'2026-04-04',1.000,0.000,0.000,0.000,0.000,1.000,NULL,'2026-04-03 22:42:19','2026-04-03 22:42:19'),(123,2,27,'2026-04-04',1.000,0.000,0.000,0.000,0.000,1.000,NULL,'2026-04-03 22:42:19','2026-04-03 22:42:19'),(124,2,28,'2026-04-04',1.000,0.000,0.000,0.000,0.000,1.000,NULL,'2026-04-03 22:42:19','2026-04-03 22:42:19'),(125,2,29,'2026-04-04',1.000,0.000,0.000,0.000,0.000,1.000,NULL,'2026-04-03 22:42:19','2026-04-03 22:42:19'),(126,2,30,'2026-04-04',1.000,0.000,0.000,0.000,0.000,1.000,NULL,'2026-04-03 22:42:19','2026-04-03 22:42:19'),(127,2,31,'2026-04-04',1.000,0.000,0.000,0.000,0.000,1.000,NULL,'2026-04-03 22:42:19','2026-04-03 22:42:19'),(128,2,2,'2026-04-04',30.000,0.000,0.000,0.000,0.000,30.000,NULL,'2026-04-03 22:42:19','2026-04-03 22:42:19'),(129,3,1,'2026-03-31',154.100,0.000,0.000,0.000,0.000,154.100,NULL,'2026-04-03 23:11:35','2026-04-03 23:11:35'),(130,3,2,'2026-03-31',35.000,0.000,0.000,0.000,0.000,35.000,NULL,'2026-04-03 23:11:35','2026-04-03 23:11:35'),(131,3,3,'2026-03-31',223.900,0.000,0.000,0.000,0.000,223.900,NULL,'2026-04-03 23:11:35','2026-04-03 23:11:35'),(132,3,4,'2026-03-31',123.600,0.000,0.000,0.000,0.000,123.600,NULL,'2026-04-03 23:11:35','2026-04-03 23:11:35'),(133,3,5,'2026-03-31',28.000,0.000,0.000,0.000,0.000,28.000,NULL,'2026-04-03 23:11:35','2026-04-03 23:11:35'),(134,3,6,'2026-03-31',96.100,0.000,0.000,0.000,0.000,96.100,NULL,'2026-04-03 23:11:35','2026-04-03 23:11:35'),(135,3,7,'2026-03-31',66.600,0.000,0.000,0.000,0.000,66.600,NULL,'2026-04-03 23:11:35','2026-04-03 23:11:35'),(136,3,8,'2026-03-31',70.000,0.000,0.000,0.000,0.000,70.000,NULL,'2026-04-03 23:11:35','2026-04-03 23:11:35'),(137,3,9,'2026-03-31',15.200,0.000,0.000,0.000,0.000,15.200,NULL,'2026-04-03 23:11:35','2026-04-03 23:11:35'),(138,3,10,'2026-03-31',67.800,0.000,0.000,0.000,0.000,67.800,NULL,'2026-04-03 23:11:35','2026-04-03 23:11:35'),(139,3,11,'2026-03-31',61.700,0.000,0.000,0.000,0.000,61.700,NULL,'2026-04-03 23:11:35','2026-04-03 23:11:35'),(140,3,12,'2026-03-31',55.900,0.000,0.000,0.000,0.000,55.900,NULL,'2026-04-03 23:11:35','2026-04-03 23:11:35'),(141,3,13,'2026-03-31',8.000,0.000,0.000,0.000,0.000,8.000,NULL,'2026-04-03 23:11:35','2026-04-03 23:11:35'),(142,3,14,'2026-03-31',25.600,0.000,0.000,0.000,0.000,25.600,NULL,'2026-04-03 23:11:35','2026-04-03 23:11:35'),(143,3,15,'2026-03-31',41.000,0.000,0.000,0.000,0.000,41.000,NULL,'2026-04-03 23:11:35','2026-04-03 23:11:35'),(144,3,16,'2026-03-31',12.000,0.000,0.000,0.000,0.000,12.000,NULL,'2026-04-03 23:11:35','2026-04-03 23:11:35'),(145,3,17,'2026-03-31',38.400,0.000,0.000,0.000,0.000,38.400,NULL,'2026-04-03 23:11:35','2026-04-03 23:11:35'),(146,3,18,'2026-03-31',109.300,0.000,0.000,0.000,0.000,109.300,NULL,'2026-04-03 23:11:35','2026-04-03 23:11:35'),(147,3,19,'2026-03-31',42.700,0.000,0.000,0.000,0.000,42.700,NULL,'2026-04-03 23:11:35','2026-04-03 23:11:35'),(148,3,20,'2026-03-31',150.000,0.000,0.000,0.000,0.000,150.000,NULL,'2026-04-03 23:11:35','2026-04-03 23:11:35'),(149,3,21,'2026-03-31',8.000,0.000,0.000,0.000,0.000,8.000,NULL,'2026-04-03 23:11:35','2026-04-03 23:11:35'),(150,1,1,'2026-03-31',100.000,0.000,0.000,0.000,0.000,100.000,NULL,'2026-04-03 23:11:35','2026-04-03 23:11:35'),(151,1,3,'2026-03-31',102.600,0.000,0.000,0.000,0.000,102.600,NULL,'2026-04-03 23:11:35','2026-04-03 23:11:35'),(152,1,6,'2026-03-31',112.800,0.000,0.000,0.000,0.000,112.800,NULL,'2026-04-03 23:11:35','2026-04-03 23:11:35'),(153,1,11,'2026-03-31',33.200,0.000,0.000,0.000,0.000,33.200,NULL,'2026-04-03 23:11:35','2026-04-03 23:11:35'),(154,1,12,'2026-03-31',28.600,0.000,0.000,0.000,0.000,28.600,NULL,'2026-04-03 23:11:35','2026-04-03 23:11:35'),(155,1,15,'2026-03-31',22.500,0.000,0.000,0.000,0.000,22.500,NULL,'2026-04-03 23:11:35','2026-04-03 23:11:35'),(156,1,18,'2026-03-31',61.200,0.000,0.000,0.000,0.000,61.200,NULL,'2026-04-03 23:11:35','2026-04-03 23:11:35'),(157,1,19,'2026-03-31',18.700,0.000,0.000,0.000,0.000,18.700,NULL,'2026-04-03 23:11:35','2026-04-03 23:11:35'),(158,1,17,'2026-03-31',11.700,0.000,0.000,0.000,0.000,11.700,NULL,'2026-04-03 23:11:35','2026-04-03 23:11:35'),(159,1,10,'2026-03-31',20.900,0.000,0.000,0.000,0.000,20.900,NULL,'2026-04-03 23:11:35','2026-04-03 23:11:35'),(160,1,14,'2026-03-31',7.100,0.000,0.000,0.000,0.000,7.100,NULL,'2026-04-03 23:11:35','2026-04-03 23:11:35'),(161,1,7,'2026-03-31',19.800,0.000,0.000,0.000,0.000,19.800,NULL,'2026-04-03 23:11:35','2026-04-03 23:11:35'),(162,1,9,'2026-03-31',13.900,0.000,0.000,0.000,0.000,13.900,NULL,'2026-04-03 23:11:35','2026-04-03 23:11:35'),(163,2,32,'2026-03-31',1.000,0.000,0.000,0.000,0.000,1.000,NULL,'2026-04-03 23:11:35','2026-04-03 23:11:35'),(164,2,33,'2026-03-31',1.000,0.000,0.000,0.000,0.000,1.000,NULL,'2026-04-03 23:11:35','2026-04-03 23:11:35'),(165,2,34,'2026-03-31',2.000,0.000,0.000,0.000,0.000,2.000,NULL,'2026-04-03 23:11:35','2026-04-03 23:11:35'),(166,2,9,'2026-03-31',1.000,0.000,0.000,0.000,0.000,1.000,NULL,'2026-04-03 23:11:35','2026-04-03 23:11:35'),(167,2,35,'2026-03-31',1.000,0.000,0.000,0.000,0.000,1.000,NULL,'2026-04-03 23:11:35','2026-04-03 23:11:35'),(168,2,36,'2026-03-31',1.000,0.000,0.000,0.000,0.000,1.000,NULL,'2026-04-03 23:11:35','2026-04-03 23:11:35'),(169,2,37,'2026-03-31',2.000,0.000,0.000,0.000,0.000,2.000,NULL,'2026-04-03 23:11:35','2026-04-03 23:11:35'),(170,2,38,'2026-03-31',2.000,0.000,0.000,0.000,0.000,2.000,NULL,'2026-04-03 23:11:35','2026-04-03 23:11:35'),(171,2,39,'2026-03-31',2.000,0.000,0.000,0.000,0.000,2.000,NULL,'2026-04-03 23:11:35','2026-04-03 23:11:35'),(172,2,40,'2026-03-31',1.000,0.000,0.000,0.000,0.000,1.000,NULL,'2026-04-03 23:11:35','2026-04-03 23:11:35'),(173,2,41,'2026-03-31',0.500,0.000,0.000,0.000,0.000,0.500,NULL,'2026-04-03 23:11:35','2026-04-03 23:11:35'),(174,2,42,'2026-03-31',1.000,0.000,0.000,0.000,0.000,1.000,NULL,'2026-04-03 23:11:35','2026-04-03 23:11:35'),(175,2,43,'2026-03-31',1.000,0.000,0.000,0.000,0.000,1.000,NULL,'2026-04-03 23:11:35','2026-04-03 23:11:35'),(176,2,44,'2026-03-31',1.000,0.000,0.000,0.000,0.000,1.000,NULL,'2026-04-03 23:11:35','2026-04-03 23:11:35'),(177,2,24,'2026-03-31',1.000,0.000,0.000,0.000,0.000,1.000,NULL,'2026-04-03 23:11:35','2026-04-03 23:11:35'),(178,2,25,'2026-03-31',1.000,0.000,0.000,0.000,0.000,1.000,NULL,'2026-04-03 23:11:35','2026-04-03 23:11:35'),(179,2,26,'2026-03-31',1.000,0.000,0.000,0.000,0.000,1.000,NULL,'2026-04-03 23:11:35','2026-04-03 23:11:35'),(180,2,27,'2026-03-31',1.000,0.000,0.000,0.000,0.000,1.000,NULL,'2026-04-03 23:11:35','2026-04-03 23:11:35'),(181,2,28,'2026-03-31',1.000,0.000,0.000,0.000,0.000,1.000,NULL,'2026-04-03 23:11:35','2026-04-03 23:11:35'),(182,2,29,'2026-03-31',1.000,0.000,0.000,0.000,0.000,1.000,NULL,'2026-04-03 23:11:35','2026-04-03 23:11:35'),(183,2,30,'2026-03-31',1.000,0.000,0.000,0.000,0.000,1.000,NULL,'2026-04-03 23:11:35','2026-04-03 23:11:35'),(184,2,31,'2026-03-31',1.000,0.000,0.000,0.000,0.000,1.000,NULL,'2026-04-03 23:11:35','2026-04-03 23:11:35'),(185,2,4,'2026-03-31',50.000,0.000,0.000,0.000,0.000,50.000,NULL,'2026-04-03 23:11:35','2026-04-03 23:11:35'),(186,2,1,'2026-03-31',30.000,0.000,0.000,0.000,0.000,30.000,NULL,'2026-04-03 23:11:35','2026-04-03 23:11:35'),(187,2,2,'2026-03-31',30.000,0.000,0.000,0.000,0.000,30.000,NULL,'2026-04-03 23:11:35','2026-04-03 23:11:35'),(188,2,3,'2026-03-31',0.000,0.000,0.000,0.000,0.000,0.000,NULL,'2026-04-03 23:11:35','2026-04-03 23:11:35'),(189,3,1,'2026-04-01',154.100,0.000,0.000,0.000,0.000,154.100,NULL,'2026-04-03 23:11:35','2026-04-03 23:11:35'),(190,3,2,'2026-04-01',35.000,0.000,0.000,0.000,0.000,35.000,NULL,'2026-04-03 23:11:35','2026-04-03 23:11:35'),(191,3,3,'2026-04-01',223.900,0.000,0.000,0.000,0.000,223.900,NULL,'2026-04-03 23:11:35','2026-04-03 23:11:35'),(192,3,4,'2026-04-01',123.600,0.000,0.000,0.000,0.000,123.600,NULL,'2026-04-03 23:11:35','2026-04-03 23:11:35'),(193,3,5,'2026-04-01',28.000,0.000,0.000,0.000,0.000,28.000,NULL,'2026-04-03 23:11:35','2026-04-03 23:11:35'),(194,3,6,'2026-04-01',96.100,0.000,0.000,0.000,0.000,96.100,NULL,'2026-04-03 23:11:35','2026-04-03 23:11:35'),(195,3,7,'2026-04-01',66.600,0.000,0.000,0.000,0.000,66.600,NULL,'2026-04-03 23:11:35','2026-04-03 23:11:35'),(196,3,8,'2026-04-01',70.000,0.000,0.000,0.000,0.000,70.000,NULL,'2026-04-03 23:11:35','2026-04-03 23:11:35'),(197,3,9,'2026-04-01',15.200,0.000,0.000,0.000,0.000,15.200,NULL,'2026-04-03 23:11:35','2026-04-03 23:11:35'),(198,3,10,'2026-04-01',67.800,0.000,0.000,0.000,0.000,67.800,NULL,'2026-04-03 23:11:36','2026-04-03 23:11:36'),(199,3,11,'2026-04-01',61.700,0.000,0.000,0.000,0.000,61.700,NULL,'2026-04-03 23:11:36','2026-04-03 23:11:36'),(200,3,12,'2026-04-01',55.900,0.000,0.000,0.000,0.000,55.900,NULL,'2026-04-03 23:11:36','2026-04-03 23:11:36'),(201,3,13,'2026-04-01',8.000,0.000,0.000,0.000,0.000,8.000,NULL,'2026-04-03 23:11:36','2026-04-03 23:11:36'),(202,3,14,'2026-04-01',25.600,0.000,0.000,0.000,0.000,25.600,NULL,'2026-04-03 23:11:36','2026-04-03 23:11:36'),(203,3,15,'2026-04-01',41.000,0.000,0.000,0.000,0.000,41.000,NULL,'2026-04-03 23:11:36','2026-04-03 23:11:36'),(204,3,16,'2026-04-01',12.000,0.000,0.000,0.000,0.000,12.000,NULL,'2026-04-03 23:11:36','2026-04-03 23:11:36'),(205,3,17,'2026-04-01',38.400,0.000,0.000,0.000,0.000,38.400,NULL,'2026-04-03 23:11:36','2026-04-03 23:11:36'),(206,3,18,'2026-04-01',109.300,0.000,0.000,0.000,0.000,109.300,NULL,'2026-04-03 23:11:36','2026-04-03 23:11:36'),(207,3,19,'2026-04-01',42.700,0.000,0.000,0.000,0.000,42.700,NULL,'2026-04-03 23:11:36','2026-04-03 23:11:36'),(208,3,20,'2026-04-01',150.000,0.000,0.000,0.000,0.000,150.000,NULL,'2026-04-03 23:11:36','2026-04-03 23:11:36'),(209,3,21,'2026-04-01',8.000,0.000,0.000,0.000,0.000,8.000,NULL,'2026-04-03 23:11:36','2026-04-03 23:11:36'),(210,1,1,'2026-04-01',100.000,0.000,0.000,0.000,0.000,100.000,NULL,'2026-04-03 23:11:36','2026-04-03 23:11:36'),(211,1,3,'2026-04-01',102.600,0.000,0.000,0.000,0.000,102.600,NULL,'2026-04-03 23:11:36','2026-04-03 23:11:36'),(212,1,6,'2026-04-01',112.800,0.000,0.000,0.000,0.000,112.800,NULL,'2026-04-03 23:11:36','2026-04-03 23:11:36'),(213,1,11,'2026-04-01',33.200,0.000,0.000,0.000,0.000,33.200,NULL,'2026-04-03 23:11:36','2026-04-03 23:11:36'),(214,1,12,'2026-04-01',28.600,0.000,0.000,0.000,0.000,28.600,NULL,'2026-04-03 23:11:36','2026-04-03 23:11:36'),(215,1,15,'2026-04-01',22.500,0.000,0.000,0.000,0.000,22.500,NULL,'2026-04-03 23:11:36','2026-04-03 23:11:36'),(216,1,18,'2026-04-01',61.200,0.000,0.000,0.000,0.000,61.200,NULL,'2026-04-03 23:11:36','2026-04-03 23:11:36'),(217,1,19,'2026-04-01',18.700,0.000,0.000,0.000,0.000,18.700,NULL,'2026-04-03 23:11:36','2026-04-03 23:11:36'),(218,1,17,'2026-04-01',11.700,0.000,0.000,0.000,0.000,11.700,NULL,'2026-04-03 23:11:36','2026-04-03 23:11:36'),(219,1,10,'2026-04-01',20.900,0.000,0.000,0.000,0.000,20.900,NULL,'2026-04-03 23:11:36','2026-04-03 23:11:36'),(220,1,14,'2026-04-01',7.100,0.000,0.000,0.000,0.000,7.100,NULL,'2026-04-03 23:11:36','2026-04-03 23:11:36'),(221,1,7,'2026-04-01',19.800,0.000,0.000,0.000,0.000,19.800,NULL,'2026-04-03 23:11:36','2026-04-03 23:11:36'),(222,1,9,'2026-04-01',13.900,0.000,0.000,0.000,0.000,13.900,NULL,'2026-04-03 23:11:36','2026-04-03 23:11:36'),(223,2,4,'2026-04-01',50.000,0.000,0.000,0.000,0.000,50.000,NULL,'2026-04-03 23:11:36','2026-04-03 23:11:36'),(224,2,1,'2026-04-01',30.000,0.000,0.000,0.000,0.000,30.000,NULL,'2026-04-03 23:11:36','2026-04-03 23:11:36'),(225,2,2,'2026-04-01',30.000,0.000,0.000,0.000,0.000,30.000,NULL,'2026-04-03 23:11:36','2026-04-03 23:11:36'),(226,2,3,'2026-04-01',0.000,0.000,0.000,0.000,0.000,0.000,NULL,'2026-04-03 23:11:36','2026-04-03 23:11:36'),(227,3,1,'2026-04-02',154.100,0.000,0.000,0.000,0.000,154.100,NULL,'2026-04-03 23:11:36','2026-04-03 23:11:36'),(228,3,2,'2026-04-02',35.000,0.000,0.000,0.000,0.000,35.000,NULL,'2026-04-03 23:11:36','2026-04-03 23:11:36'),(229,3,3,'2026-04-02',223.900,0.000,0.000,0.000,0.000,223.900,NULL,'2026-04-03 23:11:36','2026-04-03 23:11:36'),(230,3,4,'2026-04-02',123.600,0.000,0.000,0.000,0.000,123.600,NULL,'2026-04-03 23:11:36','2026-04-03 23:11:36'),(231,3,5,'2026-04-02',28.000,0.000,0.000,0.000,0.000,28.000,NULL,'2026-04-03 23:11:36','2026-04-03 23:11:36'),(232,3,6,'2026-04-02',96.100,0.000,0.000,0.000,0.000,96.100,NULL,'2026-04-03 23:11:36','2026-04-03 23:11:36'),(233,3,7,'2026-04-02',66.600,0.000,0.000,0.000,0.000,66.600,NULL,'2026-04-03 23:11:36','2026-04-03 23:11:36'),(234,3,8,'2026-04-02',70.000,0.000,0.000,0.000,0.000,70.000,NULL,'2026-04-03 23:11:36','2026-04-03 23:11:36'),(235,3,9,'2026-04-02',15.200,0.000,0.000,0.000,0.000,15.200,NULL,'2026-04-03 23:11:36','2026-04-03 23:11:36'),(236,3,10,'2026-04-02',67.800,0.000,0.000,0.000,0.000,67.800,NULL,'2026-04-03 23:11:36','2026-04-03 23:11:36'),(237,3,11,'2026-04-02',61.700,0.000,0.000,0.000,0.000,61.700,NULL,'2026-04-03 23:11:36','2026-04-03 23:11:36'),(238,3,12,'2026-04-02',55.900,0.000,0.000,0.000,0.000,55.900,NULL,'2026-04-03 23:11:36','2026-04-03 23:11:36'),(239,3,13,'2026-04-02',8.000,0.000,0.000,0.000,0.000,8.000,NULL,'2026-04-03 23:11:36','2026-04-03 23:11:36'),(240,3,14,'2026-04-02',25.600,0.000,0.000,0.000,0.000,25.600,NULL,'2026-04-03 23:11:36','2026-04-03 23:11:36'),(241,3,15,'2026-04-02',41.000,0.000,0.000,0.000,0.000,41.000,NULL,'2026-04-03 23:11:36','2026-04-03 23:11:36'),(242,3,16,'2026-04-02',12.000,0.000,0.000,0.000,0.000,12.000,NULL,'2026-04-03 23:11:36','2026-04-03 23:11:36'),(243,3,17,'2026-04-02',38.400,0.000,0.000,0.000,0.000,38.400,NULL,'2026-04-03 23:11:36','2026-04-03 23:11:36'),(244,3,18,'2026-04-02',109.300,0.000,0.000,0.000,0.000,109.300,NULL,'2026-04-03 23:11:36','2026-04-03 23:11:36'),(245,3,19,'2026-04-02',42.700,0.000,0.000,0.000,0.000,42.700,NULL,'2026-04-03 23:11:36','2026-04-03 23:11:36'),(246,3,20,'2026-04-02',150.000,0.000,0.000,0.000,0.000,150.000,NULL,'2026-04-03 23:11:36','2026-04-03 23:11:36'),(247,3,21,'2026-04-02',8.000,0.000,0.000,0.000,0.000,8.000,NULL,'2026-04-03 23:11:36','2026-04-03 23:11:36'),(248,1,1,'2026-04-02',100.000,0.000,0.000,0.000,0.000,100.000,NULL,'2026-04-03 23:11:36','2026-04-03 23:11:36'),(249,1,3,'2026-04-02',102.600,0.000,0.000,0.000,0.000,102.600,NULL,'2026-04-03 23:11:36','2026-04-03 23:11:36'),(250,1,6,'2026-04-02',112.800,0.000,0.000,0.000,0.000,112.800,NULL,'2026-04-03 23:11:36','2026-04-03 23:11:36'),(251,1,11,'2026-04-02',33.200,0.000,0.000,0.000,0.000,33.200,NULL,'2026-04-03 23:11:36','2026-04-03 23:11:36'),(252,1,12,'2026-04-02',28.600,0.000,0.000,0.000,0.000,28.600,NULL,'2026-04-03 23:11:36','2026-04-03 23:11:36'),(253,1,15,'2026-04-02',22.500,0.000,0.000,0.000,0.000,22.500,NULL,'2026-04-03 23:11:36','2026-04-03 23:11:36'),(254,1,18,'2026-04-02',61.200,0.000,0.000,0.000,0.000,61.200,NULL,'2026-04-03 23:11:36','2026-04-03 23:11:36'),(255,1,19,'2026-04-02',18.700,0.000,0.000,0.000,0.000,18.700,NULL,'2026-04-03 23:11:36','2026-04-03 23:11:36'),(256,1,17,'2026-04-02',11.700,0.000,0.000,0.000,0.000,11.700,NULL,'2026-04-03 23:11:36','2026-04-03 23:11:36'),(257,1,10,'2026-04-02',20.900,0.000,0.000,0.000,0.000,20.900,NULL,'2026-04-03 23:11:36','2026-04-03 23:11:36'),(258,1,14,'2026-04-02',7.100,0.000,0.000,0.000,0.000,7.100,NULL,'2026-04-03 23:11:36','2026-04-03 23:11:36'),(259,1,7,'2026-04-02',19.800,0.000,0.000,0.000,0.000,19.800,NULL,'2026-04-03 23:11:36','2026-04-03 23:11:36'),(260,1,9,'2026-04-02',13.900,0.000,0.000,0.000,0.000,13.900,NULL,'2026-04-03 23:11:36','2026-04-03 23:11:36'),(261,2,32,'2026-04-02',1.000,0.000,0.000,0.000,0.000,1.000,NULL,'2026-04-03 23:11:36','2026-04-03 23:11:36'),(262,2,33,'2026-04-02',1.000,0.000,0.000,0.000,0.000,1.000,NULL,'2026-04-03 23:11:36','2026-04-03 23:11:36'),(263,2,34,'2026-04-02',2.000,0.000,0.000,0.000,0.000,2.000,NULL,'2026-04-03 23:11:36','2026-04-03 23:11:36'),(264,2,9,'2026-04-02',1.000,0.000,0.000,0.000,0.000,1.000,NULL,'2026-04-03 23:11:36','2026-04-03 23:11:36'),(265,2,35,'2026-04-02',1.000,0.000,0.000,0.000,0.000,1.000,NULL,'2026-04-03 23:11:36','2026-04-03 23:11:36'),(266,2,36,'2026-04-02',1.000,0.000,0.000,0.000,0.000,1.000,NULL,'2026-04-03 23:11:36','2026-04-03 23:11:36'),(267,2,37,'2026-04-02',2.000,0.000,0.000,0.000,0.000,2.000,NULL,'2026-04-03 23:11:36','2026-04-03 23:11:36'),(268,2,38,'2026-04-02',2.000,0.000,0.000,0.000,0.000,2.000,NULL,'2026-04-03 23:11:36','2026-04-03 23:11:36'),(269,2,39,'2026-04-02',2.000,0.000,0.000,0.000,0.000,2.000,NULL,'2026-04-03 23:11:36','2026-04-03 23:11:36'),(270,2,40,'2026-04-02',1.000,0.000,0.000,0.000,0.000,1.000,NULL,'2026-04-03 23:11:36','2026-04-03 23:11:36'),(271,2,41,'2026-04-02',0.500,0.000,0.000,0.000,0.000,0.500,NULL,'2026-04-03 23:11:36','2026-04-03 23:11:36'),(272,2,42,'2026-04-02',1.000,0.000,0.000,0.000,0.000,1.000,NULL,'2026-04-03 23:11:36','2026-04-03 23:11:36'),(273,2,43,'2026-04-02',1.000,0.000,0.000,0.000,0.000,1.000,NULL,'2026-04-03 23:11:36','2026-04-03 23:11:36'),(274,2,44,'2026-04-02',1.000,0.000,0.000,0.000,0.000,1.000,NULL,'2026-04-03 23:11:36','2026-04-03 23:11:36'),(275,2,24,'2026-04-02',1.000,0.000,0.000,0.000,0.000,1.000,NULL,'2026-04-03 23:11:36','2026-04-03 23:11:36'),(276,2,25,'2026-04-02',1.000,0.000,0.000,0.000,0.000,1.000,NULL,'2026-04-03 23:11:36','2026-04-03 23:11:36'),(277,2,26,'2026-04-02',1.000,0.000,0.000,0.000,0.000,1.000,NULL,'2026-04-03 23:11:36','2026-04-03 23:11:36'),(278,2,27,'2026-04-02',1.000,0.000,0.000,0.000,0.000,1.000,NULL,'2026-04-03 23:11:36','2026-04-03 23:11:36'),(279,2,28,'2026-04-02',1.000,0.000,0.000,0.000,0.000,1.000,NULL,'2026-04-03 23:11:36','2026-04-03 23:11:36'),(280,2,29,'2026-04-02',1.000,0.000,0.000,0.000,0.000,1.000,NULL,'2026-04-03 23:11:36','2026-04-03 23:11:36'),(281,2,30,'2026-04-02',1.000,0.000,0.000,0.000,0.000,1.000,NULL,'2026-04-03 23:11:36','2026-04-03 23:11:36'),(282,2,31,'2026-04-02',1.000,0.000,0.000,0.000,0.000,1.000,NULL,'2026-04-03 23:11:36','2026-04-03 23:11:36'),(283,2,4,'2026-04-02',50.000,0.000,0.000,0.000,0.000,50.000,NULL,'2026-04-03 23:11:36','2026-04-03 23:11:36'),(284,2,1,'2026-04-02',30.000,0.000,0.000,0.000,0.000,30.000,NULL,'2026-04-03 23:11:36','2026-04-03 23:11:36'),(285,2,2,'2026-04-02',30.000,0.000,0.000,0.000,0.000,30.000,NULL,'2026-04-03 23:11:36','2026-04-03 23:11:36'),(286,2,3,'2026-04-02',0.000,0.000,0.000,0.000,0.000,0.000,NULL,'2026-04-03 23:11:36','2026-04-03 23:11:36'),(287,3,1,'2026-04-03',154.100,0.000,0.000,0.000,0.000,154.100,NULL,'2026-04-03 23:11:36','2026-04-03 23:11:36'),(288,3,2,'2026-04-03',35.000,0.000,0.000,0.000,0.000,35.000,NULL,'2026-04-03 23:11:36','2026-04-03 23:11:36'),(289,3,3,'2026-04-03',223.900,0.000,0.000,0.000,0.000,223.900,NULL,'2026-04-03 23:11:36','2026-04-03 23:11:36'),(290,3,4,'2026-04-03',123.600,0.000,0.000,0.000,0.000,123.600,NULL,'2026-04-03 23:11:36','2026-04-03 23:11:36'),(291,3,5,'2026-04-03',28.000,0.000,0.000,0.000,0.000,28.000,NULL,'2026-04-03 23:11:36','2026-04-03 23:11:36'),(292,3,6,'2026-04-03',96.100,0.000,0.000,0.000,0.000,96.100,NULL,'2026-04-03 23:11:36','2026-04-03 23:11:36'),(293,3,7,'2026-04-03',66.600,0.000,0.000,0.000,0.000,66.600,NULL,'2026-04-03 23:11:36','2026-04-03 23:11:36'),(294,3,8,'2026-04-03',70.000,0.000,0.000,0.000,0.000,70.000,NULL,'2026-04-03 23:11:36','2026-04-03 23:11:36'),(295,3,9,'2026-04-03',15.200,0.000,0.000,0.000,0.000,15.200,NULL,'2026-04-03 23:11:36','2026-04-03 23:11:36'),(296,3,10,'2026-04-03',67.800,0.000,0.000,0.000,0.000,67.800,NULL,'2026-04-03 23:11:36','2026-04-03 23:11:36'),(297,3,11,'2026-04-03',61.700,0.000,0.000,0.000,0.000,61.700,NULL,'2026-04-03 23:11:36','2026-04-03 23:11:36'),(298,3,12,'2026-04-03',55.900,0.000,0.000,0.000,0.000,55.900,NULL,'2026-04-03 23:11:36','2026-04-03 23:11:36'),(299,3,13,'2026-04-03',8.000,0.000,0.000,0.000,0.000,8.000,NULL,'2026-04-03 23:11:36','2026-04-03 23:11:36'),(300,3,14,'2026-04-03',25.600,0.000,0.000,0.000,0.000,25.600,NULL,'2026-04-03 23:11:36','2026-04-03 23:11:36'),(301,3,15,'2026-04-03',41.000,0.000,0.000,0.000,0.000,41.000,NULL,'2026-04-03 23:11:36','2026-04-03 23:11:36'),(302,3,16,'2026-04-03',12.000,0.000,0.000,0.000,0.000,12.000,NULL,'2026-04-03 23:11:36','2026-04-03 23:11:36'),(303,3,17,'2026-04-03',38.400,0.000,0.000,0.000,0.000,38.400,NULL,'2026-04-03 23:11:36','2026-04-03 23:11:36'),(304,3,18,'2026-04-03',109.300,0.000,0.000,0.000,0.000,109.300,NULL,'2026-04-03 23:11:36','2026-04-03 23:11:36'),(305,3,19,'2026-04-03',42.700,0.000,0.000,0.000,0.000,42.700,NULL,'2026-04-03 23:11:36','2026-04-03 23:11:36'),(306,3,20,'2026-04-03',150.000,0.000,0.000,0.000,0.000,150.000,NULL,'2026-04-03 23:11:36','2026-04-03 23:11:36'),(307,3,21,'2026-04-03',8.000,0.000,0.000,0.000,0.000,8.000,NULL,'2026-04-03 23:11:36','2026-04-03 23:11:36'),(308,1,1,'2026-04-03',100.000,0.000,0.000,0.000,0.000,100.000,NULL,'2026-04-03 23:11:36','2026-04-03 23:11:36'),(309,1,3,'2026-04-03',102.600,0.000,0.000,0.000,0.000,102.600,NULL,'2026-04-03 23:11:36','2026-04-03 23:11:36'),(310,1,6,'2026-04-03',112.800,0.000,0.000,0.000,0.000,112.800,NULL,'2026-04-03 23:11:36','2026-04-03 23:11:36'),(311,1,11,'2026-04-03',33.200,0.000,0.000,0.000,0.000,33.200,NULL,'2026-04-03 23:11:36','2026-04-03 23:11:36'),(312,1,12,'2026-04-03',28.600,0.000,0.000,0.000,0.000,28.600,NULL,'2026-04-03 23:11:37','2026-04-03 23:11:37'),(313,1,15,'2026-04-03',22.500,0.000,0.000,0.000,0.000,22.500,NULL,'2026-04-03 23:11:37','2026-04-03 23:11:37'),(314,1,18,'2026-04-03',61.200,0.000,0.000,0.000,0.000,61.200,NULL,'2026-04-03 23:11:37','2026-04-03 23:11:37'),(315,1,19,'2026-04-03',18.700,0.000,0.000,0.000,0.000,18.700,NULL,'2026-04-03 23:11:37','2026-04-03 23:11:37'),(316,1,17,'2026-04-03',11.700,0.000,0.000,0.000,0.000,11.700,NULL,'2026-04-03 23:11:37','2026-04-03 23:11:37'),(317,1,10,'2026-04-03',20.900,0.000,0.000,0.000,0.000,20.900,NULL,'2026-04-03 23:11:37','2026-04-03 23:11:37'),(318,1,14,'2026-04-03',7.100,0.000,0.000,0.000,0.000,7.100,NULL,'2026-04-03 23:11:37','2026-04-03 23:11:37'),(319,1,7,'2026-04-03',19.800,0.000,0.000,0.000,0.000,19.800,NULL,'2026-04-03 23:11:37','2026-04-03 23:11:37'),(320,1,9,'2026-04-03',13.900,0.000,0.000,0.000,0.000,13.900,NULL,'2026-04-03 23:11:37','2026-04-03 23:11:37'),(321,2,32,'2026-04-03',1.000,0.000,0.000,0.000,0.000,1.000,NULL,'2026-04-03 23:11:37','2026-04-03 23:11:37'),(322,2,33,'2026-04-03',1.000,0.000,0.000,0.000,0.000,1.000,NULL,'2026-04-03 23:11:37','2026-04-03 23:11:37'),(323,2,34,'2026-04-03',2.000,0.000,0.000,0.000,0.000,2.000,NULL,'2026-04-03 23:11:37','2026-04-03 23:11:37'),(324,2,9,'2026-04-03',1.000,0.000,0.000,0.000,0.000,1.000,NULL,'2026-04-03 23:11:37','2026-04-03 23:11:37'),(325,2,35,'2026-04-03',1.000,0.000,0.000,0.000,0.000,1.000,NULL,'2026-04-03 23:11:37','2026-04-03 23:11:37'),(326,2,36,'2026-04-03',1.000,0.000,0.000,0.000,0.000,1.000,NULL,'2026-04-03 23:11:37','2026-04-03 23:11:37'),(327,2,37,'2026-04-03',2.000,0.000,0.000,0.000,0.000,2.000,NULL,'2026-04-03 23:11:37','2026-04-03 23:11:37'),(328,2,38,'2026-04-03',2.000,0.000,0.000,0.000,0.000,2.000,NULL,'2026-04-03 23:11:37','2026-04-03 23:11:37'),(329,2,39,'2026-04-03',2.000,0.000,0.000,0.000,0.000,2.000,NULL,'2026-04-03 23:11:37','2026-04-03 23:11:37'),(330,2,40,'2026-04-03',1.000,0.000,0.000,0.000,0.000,1.000,NULL,'2026-04-03 23:11:37','2026-04-03 23:11:37'),(331,2,41,'2026-04-03',0.500,0.000,0.000,0.000,0.000,0.500,NULL,'2026-04-03 23:11:37','2026-04-03 23:11:37'),(332,2,42,'2026-04-03',1.000,0.000,0.000,0.000,0.000,1.000,NULL,'2026-04-03 23:11:37','2026-04-03 23:11:37'),(333,2,43,'2026-04-03',1.000,0.000,0.000,0.000,0.000,1.000,NULL,'2026-04-03 23:11:37','2026-04-03 23:11:37'),(334,2,44,'2026-04-03',1.000,0.000,0.000,0.000,0.000,1.000,NULL,'2026-04-03 23:11:37','2026-04-03 23:11:37'),(335,2,24,'2026-04-03',1.000,0.000,0.000,0.000,0.000,1.000,NULL,'2026-04-03 23:11:37','2026-04-03 23:11:37'),(336,2,25,'2026-04-03',1.000,0.000,0.000,0.000,0.000,1.000,NULL,'2026-04-03 23:11:37','2026-04-03 23:11:37'),(337,2,26,'2026-04-03',1.000,0.000,0.000,0.000,0.000,1.000,NULL,'2026-04-03 23:11:37','2026-04-03 23:11:37'),(338,2,27,'2026-04-03',1.000,0.000,0.000,0.000,0.000,1.000,NULL,'2026-04-03 23:11:37','2026-04-03 23:11:37'),(339,2,28,'2026-04-03',1.000,0.000,0.000,0.000,0.000,1.000,NULL,'2026-04-03 23:11:37','2026-04-03 23:11:37'),(340,2,29,'2026-04-03',1.000,0.000,0.000,0.000,0.000,1.000,NULL,'2026-04-03 23:11:37','2026-04-03 23:11:37'),(341,2,30,'2026-04-03',1.000,0.000,0.000,0.000,0.000,1.000,NULL,'2026-04-03 23:11:37','2026-04-03 23:11:37'),(342,2,31,'2026-04-03',1.000,0.000,0.000,0.000,0.000,1.000,NULL,'2026-04-03 23:11:37','2026-04-03 23:11:37'),(343,2,4,'2026-04-03',50.000,0.000,0.000,0.000,0.000,50.000,NULL,'2026-04-03 23:11:37','2026-04-03 23:11:37'),(344,2,1,'2026-04-03',30.000,0.000,0.000,0.000,0.000,30.000,NULL,'2026-04-03 23:11:37','2026-04-03 23:11:37'),(345,2,2,'2026-04-03',30.000,0.000,0.000,0.000,0.000,30.000,NULL,'2026-04-03 23:11:37','2026-04-03 23:11:37'),(346,2,3,'2026-04-03',0.000,0.000,0.000,0.000,0.000,0.000,NULL,'2026-04-03 23:11:37','2026-04-03 23:11:37'),(347,3,47,'2026-04-04',0.000,2.000,0.000,0.000,0.000,2.000,NULL,'2026-04-04 00:09:48','2026-04-04 00:09:48'),(348,3,48,'2026-04-04',0.000,2.000,0.000,0.000,0.000,2.000,NULL,'2026-04-04 00:09:48','2026-04-04 00:09:48'),(349,3,49,'2026-04-04',0.000,2.000,0.000,0.000,0.000,2.000,NULL,'2026-04-04 00:09:48','2026-04-04 00:09:48'),(350,3,50,'2026-04-04',0.000,2.000,0.000,0.000,0.000,2.000,NULL,'2026-04-04 00:09:48','2026-04-04 00:09:48'),(351,3,51,'2026-04-04',0.000,2.000,0.000,0.000,0.000,2.000,NULL,'2026-04-04 00:09:48','2026-04-04 00:09:48'),(352,3,52,'2026-04-04',0.000,2.000,0.000,0.000,0.000,2.000,NULL,'2026-04-04 00:09:48','2026-04-04 00:09:48'),(353,3,53,'2026-04-04',0.000,2.000,0.000,0.000,0.000,2.000,NULL,'2026-04-04 00:09:48','2026-04-04 00:09:48'),(354,3,54,'2026-04-04',0.000,2.000,0.000,0.000,0.000,2.000,NULL,'2026-04-04 00:09:48','2026-04-04 00:09:48'),(355,3,56,'2026-04-07',0.000,72.000,0.000,0.000,0.000,72.000,NULL,'2026-04-06 17:10:59','2026-04-06 17:10:59'),(356,3,33,'2026-04-07',0.000,38.000,0.000,0.000,0.000,38.000,NULL,'2026-04-06 17:10:59','2026-04-06 17:10:59'),(357,3,9,'2026-04-07',15.200,26.000,0.000,0.000,0.000,41.200,NULL,'2026-04-06 17:10:59','2026-04-06 17:10:59'),(358,3,35,'2026-04-07',0.000,19.000,0.000,0.000,0.000,19.000,NULL,'2026-04-06 17:10:59','2026-04-06 17:10:59'),(359,3,37,'2026-04-07',0.000,36.000,0.000,0.000,0.000,36.000,NULL,'2026-04-06 17:10:59','2026-04-06 17:10:59'),(360,3,57,'2026-04-07',0.000,20.000,0.000,0.000,0.000,20.000,NULL,'2026-04-06 17:10:59','2026-04-06 17:10:59'),(361,3,58,'2026-04-07',0.000,20.000,0.000,0.000,0.000,20.000,NULL,'2026-04-06 17:10:59','2026-04-06 17:10:59'),(362,3,41,'2026-04-07',0.000,10.000,0.000,0.000,0.000,10.000,NULL,'2026-04-06 17:10:59','2026-04-06 17:10:59'),(363,3,59,'2026-04-07',0.000,72.000,72.000,0.000,0.000,0.000,'2026-04-06 22:50:00','2026-04-06 17:10:59','2026-04-06 22:50:56'),(364,3,45,'2026-04-07',0.000,20.000,0.000,0.000,0.000,20.000,NULL,'2026-04-06 17:10:59','2026-04-06 17:10:59'),(365,1,60,'2026-04-16',0.000,2.000,0.000,0.000,0.000,2.000,NULL,'2026-04-16 04:17:46','2026-04-16 04:17:46'),(366,1,44,'2026-04-16',0.000,1.000,0.000,0.000,0.000,1.000,NULL,'2026-04-16 04:17:46','2026-04-16 04:17:46'),(367,1,61,'2026-04-16',0.000,1.000,0.000,0.000,0.000,1.000,NULL,'2026-04-16 04:17:46','2026-04-16 04:17:46'),(368,1,45,'2026-04-16',0.000,1.000,0.000,0.000,0.000,1.000,NULL,'2026-04-16 04:17:46','2026-04-16 04:17:46'),(369,1,43,'2026-04-16',0.000,1.000,0.000,0.000,0.000,1.000,NULL,'2026-04-16 04:17:46','2026-04-16 04:17:46'),(370,1,32,'2026-04-16',0.000,1.000,0.000,0.000,0.000,1.000,NULL,'2026-04-16 04:17:46','2026-04-16 04:17:46'),(371,1,1,'2026-04-16',100.000,0.000,100.000,0.000,0.000,0.000,'2026-04-16 08:00:00','2026-04-16 14:44:01','2026-04-16 14:44:01'),(372,3,3,'2026-04-16',223.900,0.000,223.900,10.000,0.000,0.000,'2026-04-16 15:14:36','2026-04-16 15:14:36','2026-04-16 15:32:59'),(373,3,1,'2026-04-16',144.100,0.000,134.100,0.000,0.000,10.000,NULL,'2026-04-16 15:19:24','2026-04-16 15:19:24'),(374,1,1,'2026-04-27',0.000,0.000,20.000,0.000,0.000,0.000,'2026-04-27 12:58:36','2026-04-27 12:58:36','2026-04-27 13:28:45'),(375,2,4,'2026-04-27',50.000,0.000,10.000,0.000,0.000,40.000,NULL,'2026-04-27 13:56:48','2026-04-27 13:56:48'),(376,1,3,'2026-04-27',102.600,0.000,22.600,0.000,0.000,80.000,NULL,'2026-04-27 14:26:23','2026-04-27 14:26:23'),(377,1,1,'2026-04-28',0.000,20.000,0.000,0.000,0.000,20.000,NULL,'2026-04-28 04:46:23','2026-04-28 04:46:23'),(378,1,38,'2026-04-28',0.000,0.000,0.000,0.500,0.000,0.000,'2026-04-28 05:08:01','2026-04-28 05:08:01','2026-04-28 05:08:01'),(379,1,8,'2026-04-28',0.000,0.000,0.000,0.000,0.000,20.000,NULL,'2026-04-28 05:31:17','2026-04-28 05:31:17'),(380,1,8,'2026-04-29',20.000,0.000,20.000,0.000,0.000,0.000,'2026-04-29 00:19:43','2026-04-29 00:19:43','2026-04-29 00:19:43'),(381,1,4,'2026-05-11',0.000,150.000,0.000,0.000,0.000,150.000,NULL,'2026-05-10 21:30:37','2026-05-10 21:41:39'),(382,1,1,'2026-05-11',20.000,100.000,0.000,0.000,0.000,120.000,NULL,'2026-05-10 21:30:37','2026-05-11 12:00:58'),(383,1,10,'2026-05-11',20.900,10.000,30.900,0.000,0.000,0.000,'2026-05-11 12:29:08','2026-05-10 23:21:55','2026-05-11 12:29:08'),(384,1,3,'2026-05-11',80.000,0.000,0.000,10.000,0.000,70.000,NULL,'2026-05-10 23:24:17','2026-05-10 23:24:17'),(385,1,8,'2026-05-11',0.000,0.000,0.000,2.000,0.000,0.000,'2026-05-11 11:51:10','2026-05-11 11:51:10','2026-05-11 11:51:22'),(386,1,64,'2026-05-11',0.000,30.000,0.000,0.000,0.000,30.000,NULL,'2026-05-11 12:00:58','2026-05-11 12:00:58'),(387,1,9,'2026-05-11',13.900,0.000,0.000,2.000,0.000,11.900,NULL,'2026-05-11 12:01:53','2026-05-11 12:01:53'),(388,1,37,'2026-05-11',0.000,1.000,0.000,2.505,0.000,1.000,NULL,'2026-05-11 13:02:17','2026-05-11 13:04:51'),(389,1,65,'2026-05-11',0.000,0.000,0.000,1.000,0.000,0.000,'2026-05-11 13:02:17','2026-05-11 13:02:17','2026-05-11 13:02:17'),(390,1,66,'2026-05-11',0.000,0.000,0.000,1.000,0.000,0.000,'2026-05-11 13:02:17','2026-05-11 13:02:17','2026-05-11 13:02:17'),(391,1,2,'2026-05-11',0.000,0.000,0.000,2.274,0.000,0.000,'2026-05-11 13:02:17','2026-05-11 13:02:17','2026-05-11 13:02:17'),(392,1,67,'2026-05-11',0.000,0.000,0.000,1.000,0.000,0.000,'2026-05-11 13:02:17','2026-05-11 13:02:17','2026-05-11 13:02:17'),(393,1,68,'2026-05-11',0.000,0.000,0.000,5.982,0.000,0.000,'2026-05-11 13:02:17','2026-05-11 13:02:17','2026-05-11 13:02:17'),(394,1,69,'2026-05-11',0.000,0.000,0.000,1.000,0.000,0.000,'2026-05-11 13:02:17','2026-05-11 13:02:17','2026-05-11 13:02:17'),(395,1,70,'2026-05-11',0.000,2.000,0.000,0.000,0.000,2.000,NULL,'2026-05-11 13:04:20','2026-05-11 13:04:20'),(396,1,71,'2026-05-11',0.000,2.000,0.000,0.000,0.000,2.000,NULL,'2026-05-11 13:04:20','2026-05-11 13:04:20'),(397,1,50,'2026-05-11',0.000,2.000,0.000,0.000,0.000,2.000,NULL,'2026-05-11 13:04:20','2026-05-11 13:04:20'),(398,1,72,'2026-05-11',0.000,2.000,0.000,0.000,0.000,2.000,NULL,'2026-05-11 13:04:20','2026-05-11 13:04:20'),(399,1,73,'2026-05-11',0.000,2.000,0.000,0.000,0.000,2.000,NULL,'2026-05-11 13:04:20','2026-05-11 13:04:20'),(400,1,74,'2026-05-11',0.000,2.000,0.000,0.000,0.000,2.000,NULL,'2026-05-11 13:04:20','2026-05-11 13:04:20'),(401,1,75,'2026-05-11',0.000,2.000,0.000,0.000,0.000,2.000,NULL,'2026-05-11 13:04:20','2026-05-11 13:04:20'),(402,1,76,'2026-05-11',0.000,1.000,0.000,0.000,0.000,1.000,NULL,'2026-05-11 13:04:51','2026-05-11 13:04:51'),(403,1,77,'2026-05-11',0.000,1.000,0.000,0.000,0.000,1.000,NULL,'2026-05-11 13:04:51','2026-05-11 13:04:51'),(404,1,78,'2026-05-11',0.000,3.000,0.000,0.000,0.000,3.000,NULL,'2026-05-11 13:04:51','2026-05-11 13:04:51'),(405,1,79,'2026-05-11',0.000,2.000,0.000,0.000,0.000,2.000,NULL,'2026-05-11 13:04:51','2026-05-11 13:04:51'),(406,2,80,'2026-05-11',0.000,6.000,0.000,0.000,0.000,6.000,NULL,'2026-05-11 13:35:31','2026-05-11 13:35:31'),(407,2,81,'2026-05-11',0.000,5.000,0.000,0.000,0.000,5.000,NULL,'2026-05-11 13:35:31','2026-05-11 13:35:31'),(408,2,82,'2026-05-11',0.000,8.000,0.000,0.000,0.000,8.000,NULL,'2026-05-11 13:38:53','2026-05-11 13:38:53'),(409,2,83,'2026-05-11',0.000,5.000,0.000,0.000,0.000,5.000,NULL,'2026-05-11 13:38:53','2026-05-11 13:38:53'),(410,2,84,'2026-05-11',0.000,8.000,0.000,0.000,0.000,8.000,NULL,'2026-05-11 13:38:53','2026-05-11 13:38:53'),(411,2,85,'2026-05-11',0.000,12.000,0.000,0.000,0.000,12.000,NULL,'2026-05-11 13:38:53','2026-05-11 13:38:53'),(412,2,86,'2026-05-11',0.000,6.000,0.000,0.000,0.000,6.000,NULL,'2026-05-11 13:38:53','2026-05-11 13:38:53'),(413,2,87,'2026-05-11',0.000,15.000,0.000,0.000,0.000,15.000,NULL,'2026-05-11 13:38:53','2026-05-11 13:38:53'),(414,2,88,'2026-05-11',0.000,2.000,0.000,0.000,0.000,2.000,NULL,'2026-05-11 13:38:53','2026-05-11 13:38:53'),(415,2,89,'2026-05-11',0.000,5.000,0.000,0.000,0.000,5.000,NULL,'2026-05-11 13:38:53','2026-05-11 13:38:53'),(416,2,90,'2026-05-11',0.000,3.000,0.000,0.000,0.000,3.000,NULL,'2026-05-11 13:38:53','2026-05-11 13:38:53'),(417,2,91,'2026-05-11',0.000,3.000,0.000,0.000,0.000,3.000,NULL,'2026-05-11 13:38:53','2026-05-11 13:38:53'),(418,2,92,'2026-05-11',0.000,20.000,0.000,0.000,0.000,20.000,NULL,'2026-05-11 13:38:53','2026-05-11 13:38:53'),(419,2,93,'2026-05-11',0.000,5.000,0.000,0.000,0.000,5.000,NULL,'2026-05-11 13:38:53','2026-05-11 13:38:53'),(420,2,94,'2026-05-11',0.000,6.000,0.000,0.000,0.000,6.000,NULL,'2026-05-11 13:38:53','2026-05-11 13:38:53'),(421,2,95,'2026-05-11',0.000,3.000,0.000,0.000,0.000,3.000,NULL,'2026-05-11 13:38:53','2026-05-11 13:38:53'),(422,2,96,'2026-05-11',0.000,6.000,0.000,0.000,0.000,6.000,NULL,'2026-05-11 13:38:53','2026-05-11 13:38:53'),(423,2,97,'2026-05-11',0.000,2.000,0.000,0.000,0.000,2.000,NULL,'2026-05-11 13:38:53','2026-05-11 13:38:53'),(424,2,98,'2026-05-11',0.000,8.000,0.000,0.000,0.000,8.000,NULL,'2026-05-11 13:38:53','2026-05-11 13:38:53'),(425,2,99,'2026-05-11',0.000,3.000,0.000,0.000,0.000,3.000,NULL,'2026-05-11 13:38:53','2026-05-11 13:38:53'),(426,2,100,'2026-05-11',0.000,2.000,0.000,0.000,0.000,2.000,NULL,'2026-05-11 13:38:53','2026-05-11 13:38:53'),(427,2,101,'2026-05-11',0.000,2.000,0.000,0.000,0.000,2.000,NULL,'2026-05-11 13:38:53','2026-05-11 13:38:53'),(428,2,102,'2026-05-11',0.000,6.000,0.000,0.000,0.000,6.000,NULL,'2026-05-11 13:38:53','2026-05-11 13:38:53'),(429,2,103,'2026-05-11',0.000,2.000,0.000,0.000,0.000,2.000,NULL,'2026-05-11 13:38:53','2026-05-11 13:38:53'),(430,2,104,'2026-05-11',0.000,5.000,0.000,0.000,0.000,5.000,NULL,'2026-05-11 13:38:53','2026-05-11 13:38:53'),(431,2,105,'2026-05-11',0.000,22.000,0.000,0.000,0.000,22.000,NULL,'2026-05-11 13:38:53','2026-05-11 13:38:53'),(432,2,106,'2026-05-11',0.000,2.000,0.000,0.000,0.000,2.000,NULL,'2026-05-11 13:38:53','2026-05-11 13:38:53'),(433,2,107,'2026-05-11',0.000,3.000,0.000,0.000,0.000,3.000,NULL,'2026-05-11 13:38:53','2026-05-11 13:38:53'),(434,2,108,'2026-05-11',0.000,7.000,0.000,0.000,0.000,7.000,NULL,'2026-05-11 13:38:53','2026-05-11 13:38:53'),(435,2,109,'2026-05-11',0.000,3.000,0.000,0.000,0.000,3.000,NULL,'2026-05-11 13:38:53','2026-05-11 13:38:53'),(436,2,110,'2026-05-11',0.000,8.000,0.000,0.000,0.000,8.000,NULL,'2026-05-11 13:38:53','2026-05-11 13:38:53'),(437,2,111,'2026-05-11',0.000,6.000,0.000,0.000,0.000,6.000,NULL,'2026-05-11 13:38:53','2026-05-11 13:38:53'),(438,2,112,'2026-05-11',0.000,7.000,0.000,0.000,0.000,7.000,NULL,'2026-05-11 13:38:53','2026-05-11 13:38:53'),(439,2,113,'2026-05-11',0.000,5.000,0.000,0.000,0.000,5.000,NULL,'2026-05-11 13:38:53','2026-05-11 13:38:53'),(440,2,114,'2026-05-11',0.000,2.000,0.000,0.000,0.000,2.000,NULL,'2026-05-11 13:38:54','2026-05-11 13:38:54'),(441,2,115,'2026-05-11',0.000,2.000,0.000,0.000,0.000,2.000,NULL,'2026-05-11 13:38:54','2026-05-11 13:38:54'),(442,2,116,'2026-05-11',0.000,2.000,0.000,0.000,0.000,2.000,NULL,'2026-05-11 13:38:54','2026-05-11 13:38:54'),(443,2,117,'2026-05-11',0.000,7.000,0.000,0.000,0.000,7.000,NULL,'2026-05-11 13:38:54','2026-05-11 13:38:54'),(444,2,118,'2026-05-11',0.000,5.000,0.000,0.000,0.000,5.000,NULL,'2026-05-11 13:38:54','2026-05-11 13:38:54'),(445,2,119,'2026-05-11',0.000,5.000,0.000,0.000,0.000,5.000,NULL,'2026-05-11 13:38:54','2026-05-11 13:38:54'),(446,2,120,'2026-05-11',0.000,5.000,0.000,0.000,0.000,5.000,NULL,'2026-05-11 13:38:54','2026-05-11 13:38:54'),(447,2,121,'2026-05-11',0.000,2.000,0.000,0.000,0.000,2.000,NULL,'2026-05-11 13:38:54','2026-05-11 13:38:54'),(448,2,122,'2026-05-11',0.000,4.000,0.000,0.000,0.000,4.000,NULL,'2026-05-11 13:38:54','2026-05-11 13:38:54'),(449,2,123,'2026-05-11',0.000,2.000,0.000,0.000,0.000,2.000,NULL,'2026-05-11 13:38:54','2026-05-11 13:38:54'),(450,2,124,'2026-05-11',0.000,10.000,0.000,0.000,0.000,10.000,NULL,'2026-05-11 13:38:54','2026-05-11 13:38:54'),(451,2,125,'2026-05-11',0.000,4.000,0.000,0.000,0.000,4.000,NULL,'2026-05-11 13:38:54','2026-05-11 13:38:54'),(452,2,126,'2026-05-11',0.000,3.000,0.000,0.000,0.000,3.000,NULL,'2026-05-11 13:38:54','2026-05-11 13:38:54'),(453,2,127,'2026-05-11',0.000,5.000,0.000,0.000,0.000,5.000,NULL,'2026-05-11 13:38:54','2026-05-11 13:38:54'),(454,2,128,'2026-05-11',0.000,3.000,0.000,0.000,0.000,3.000,NULL,'2026-05-11 13:38:54','2026-05-11 13:38:54'),(455,2,129,'2026-05-11',0.000,3.000,0.000,0.000,0.000,3.000,NULL,'2026-05-11 13:38:54','2026-05-11 13:38:54'),(456,2,130,'2026-05-11',0.000,5.000,0.000,0.000,0.000,5.000,NULL,'2026-05-11 13:38:54','2026-05-11 13:38:54'),(457,2,131,'2026-05-11',0.000,2.000,0.000,0.000,0.000,2.000,NULL,'2026-05-11 13:38:54','2026-05-11 13:38:54'),(458,2,132,'2026-05-11',0.000,3.000,0.000,0.000,0.000,3.000,NULL,'2026-05-11 13:38:54','2026-05-11 13:38:54'),(459,2,133,'2026-05-11',0.000,5.000,0.000,0.000,0.000,5.000,NULL,'2026-05-11 13:38:54','2026-05-11 13:38:54'),(460,2,134,'2026-05-11',0.000,3.000,0.000,0.000,0.000,3.000,NULL,'2026-05-11 13:38:54','2026-05-11 13:38:54'),(461,2,135,'2026-05-11',0.000,2.000,0.000,0.000,0.000,2.000,NULL,'2026-05-11 13:38:54','2026-05-11 13:38:54'),(462,2,136,'2026-05-11',0.000,3.000,0.000,0.000,0.000,3.000,NULL,'2026-05-11 13:38:54','2026-05-11 13:38:54'),(463,2,137,'2026-05-11',0.000,2.000,0.000,0.000,0.000,2.000,NULL,'2026-05-11 13:38:54','2026-05-11 13:38:54'),(464,2,138,'2026-05-11',0.000,2.000,0.000,0.000,0.000,2.000,NULL,'2026-05-11 13:38:54','2026-05-11 13:38:54'),(465,2,139,'2026-05-11',0.000,2.000,0.000,0.000,0.000,2.000,NULL,'2026-05-11 13:38:54','2026-05-11 13:38:54'),(466,2,140,'2026-05-11',0.000,2.000,0.000,0.000,0.000,2.000,NULL,'2026-05-11 13:38:54','2026-05-11 13:38:54'),(467,2,141,'2026-05-11',0.000,3.000,0.000,0.000,0.000,3.000,NULL,'2026-05-11 13:38:54','2026-05-11 13:38:54'),(468,2,142,'2026-05-11',0.000,5.000,0.000,0.000,0.000,5.000,NULL,'2026-05-11 13:38:54','2026-05-11 13:38:54'),(469,2,143,'2026-05-11',0.000,5.000,0.000,0.000,0.000,5.000,NULL,'2026-05-11 13:38:54','2026-05-11 13:38:54'),(470,2,144,'2026-05-11',0.000,5.000,0.000,0.000,0.000,5.000,NULL,'2026-05-11 13:38:54','2026-05-11 13:38:54'),(471,2,145,'2026-05-11',0.000,2.000,0.000,0.000,0.000,2.000,NULL,'2026-05-11 13:38:54','2026-05-11 13:38:54'),(472,2,146,'2026-05-11',0.000,2.000,0.000,0.000,0.000,2.000,NULL,'2026-05-11 13:38:54','2026-05-11 13:38:54'),(473,2,147,'2026-05-11',0.000,2.000,0.000,0.000,0.000,2.000,NULL,'2026-05-11 13:38:54','2026-05-11 13:38:54'),(474,2,148,'2026-05-11',0.000,2.000,0.000,0.000,0.000,2.000,NULL,'2026-05-11 13:38:54','2026-05-11 13:38:54'),(475,2,149,'2026-05-11',0.000,4.000,0.000,0.000,0.000,4.000,NULL,'2026-05-11 13:38:54','2026-05-11 13:38:54'),(476,2,150,'2026-05-11',0.000,3.000,0.000,0.000,0.000,3.000,NULL,'2026-05-11 13:38:54','2026-05-11 13:38:54'),(477,2,151,'2026-05-11',0.000,2.000,0.000,0.000,0.000,2.000,NULL,'2026-05-11 13:38:54','2026-05-11 13:38:54'),(478,2,152,'2026-05-11',0.000,2.000,0.000,0.000,0.000,2.000,NULL,'2026-05-11 13:38:54','2026-05-11 13:38:54'),(479,2,153,'2026-05-11',0.000,2.000,0.000,0.000,0.000,2.000,NULL,'2026-05-11 13:38:54','2026-05-11 13:38:54');
/*!40000 ALTER TABLE `inventory_daily_snapshots` ENABLE KEYS */;
UNLOCK TABLES;

--
-- Table structure for table `inventory_transactions`
--

DROP TABLE IF EXISTS `inventory_transactions`;
/*!40101 SET @saved_cs_client     = @@character_set_client */;
/*!50503 SET character_set_client = utf8mb4 */;
CREATE TABLE `inventory_transactions` (
  `id` bigint unsigned NOT NULL AUTO_INCREMENT,
  `store_id` bigint unsigned NOT NULL,
  `product_id` bigint unsigned NOT NULL,
  `transaction_type` tinyint NOT NULL COMMENT '1:采购入库 2:销售出库 3:损耗 4:盘点调整 5:促销出库 6:调拨入 7:调拨出 8:退货入库',
  `qty_change` decimal(10,3) NOT NULL COMMENT '变动量（正入负出）',
  `qty_before` decimal(10,3) NOT NULL,
  `qty_after` decimal(10,3) NOT NULL,
  `unit_cost` decimal(12,4) DEFAULT NULL,
  `total_cost` decimal(12,2) DEFAULT NULL,
  `reference_type` varchar(50) CHARACTER SET utf8mb4 COLLATE utf8mb4_unicode_ci DEFAULT NULL COMMENT '关联单据类型',
  `reference_id` bigint unsigned DEFAULT NULL COMMENT '关联单据ID',
  `batch_no` varchar(100) CHARACTER SET utf8mb4 COLLATE utf8mb4_unicode_ci DEFAULT NULL,
  `expiry_date` date DEFAULT NULL COMMENT '批次到期日',
  `operator_id` bigint unsigned DEFAULT NULL,
  `notes` varchar(500) CHARACTER SET utf8mb4 COLLATE utf8mb4_unicode_ci DEFAULT NULL,
  `created_at` timestamp NOT NULL DEFAULT CURRENT_TIMESTAMP,
  PRIMARY KEY (`id`),
  KEY `inventory_transactions_product_id_foreign` (`product_id`),
  KEY `inventory_transactions_operator_id_foreign` (`operator_id`),
  KEY `inv_tx_store_product_date` (`store_id`,`product_id`,`created_at`),
  KEY `inv_tx_store_type_date` (`store_id`,`transaction_type`,`created_at`),
  KEY `inv_tx_reference` (`reference_type`,`reference_id`),
  KEY `inventory_transactions_expiry_date_index` (`expiry_date`),
  CONSTRAINT `inventory_transactions_operator_id_foreign` FOREIGN KEY (`operator_id`) REFERENCES `users` (`id`) ON DELETE SET NULL,
  CONSTRAINT `inventory_transactions_product_id_foreign` FOREIGN KEY (`product_id`) REFERENCES `products` (`id`) ON DELETE CASCADE,
  CONSTRAINT `inventory_transactions_store_id_foreign` FOREIGN KEY (`store_id`) REFERENCES `stores` (`id`) ON DELETE CASCADE
) ENGINE=InnoDB AUTO_INCREMENT=526 DEFAULT CHARSET=utf8mb4 COLLATE=utf8mb4_unicode_ci;
/*!40101 SET character_set_client = @saved_cs_client */;

--
-- Dumping data for table `inventory_transactions`
--

LOCK TABLES `inventory_transactions` WRITE;
/*!40000 ALTER TABLE `inventory_transactions` DISABLE KEYS */;
INSERT INTO `inventory_transactions` VALUES (22,3,1,1,60.000,0.000,60.000,1.2000,72.00,'seed',NULL,NULL,NULL,1,'演示初始库存','2026-03-21 22:02:06'),(23,3,2,1,35.000,0.000,35.000,3.5000,122.50,'seed',NULL,NULL,NULL,1,'演示初始库存','2026-03-20 14:02:06'),(24,3,3,1,90.000,0.000,90.000,0.8000,72.00,'seed',NULL,NULL,NULL,1,'演示初始库存','2026-03-20 18:02:06'),(25,3,4,1,45.000,0.000,45.000,2.5000,112.50,'seed',NULL,NULL,NULL,1,'演示初始库存','2026-03-20 09:02:06'),(26,3,5,1,28.000,0.000,28.000,2.8000,78.40,'seed',NULL,NULL,NULL,1,'演示初始库存','2026-03-20 23:02:06'),(27,3,6,1,5.000,0.000,5.000,1.0000,5.00,'seed',NULL,NULL,NULL,1,'演示初始库存','2026-03-21 15:02:06'),(28,3,7,1,50.000,0.000,50.000,1.5000,75.00,'seed',NULL,NULL,NULL,1,'演示初始库存','2026-03-20 01:02:06'),(29,3,8,1,70.000,0.000,70.000,4.5000,315.00,'seed',NULL,NULL,NULL,1,'演示初始库存','2026-03-20 09:02:06'),(30,3,9,1,3.000,0.000,3.000,3.2000,9.60,'seed',NULL,NULL,NULL,1,'演示初始库存','2026-03-21 10:02:06'),(31,3,10,1,55.000,0.000,55.000,3.8000,209.00,'seed',NULL,NULL,NULL,1,'演示初始库存','2026-03-21 01:02:06'),(32,3,11,1,30.000,0.000,30.000,18.0000,540.00,'seed',NULL,NULL,NULL,1,'演示初始库存','2026-03-21 09:02:06'),(33,3,12,1,22.000,0.000,22.000,12.5000,275.00,'seed',NULL,NULL,NULL,1,'演示初始库存','2026-03-21 08:02:06'),(34,3,13,1,8.000,0.000,8.000,55.0000,440.00,'seed',NULL,NULL,NULL,1,'演示初始库存','2026-03-20 18:02:06'),(35,3,14,1,18.000,0.000,18.000,22.0000,396.00,'seed',NULL,NULL,NULL,1,'演示初始库存','2026-03-21 20:02:06'),(36,3,15,1,15.000,0.000,15.000,28.0000,420.00,'seed',NULL,NULL,NULL,1,'演示初始库存','2026-03-21 12:02:06'),(37,3,16,1,12.000,0.000,12.000,65.0000,780.00,'seed',NULL,NULL,NULL,1,'演示初始库存','2026-03-21 08:02:06'),(38,3,17,1,25.000,0.000,25.000,12.0000,300.00,'seed',NULL,NULL,NULL,1,'演示初始库存','2026-03-20 12:02:06'),(39,3,18,1,40.000,0.000,40.000,2.5000,100.00,'seed',NULL,NULL,NULL,1,'演示初始库存','2026-03-20 06:02:06'),(40,3,19,1,18.000,0.000,18.000,1.8000,32.40,'seed',NULL,NULL,NULL,1,'演示初始库存','2026-03-20 00:02:06'),(41,3,20,1,150.000,0.000,150.000,2.2000,330.00,'seed',NULL,NULL,NULL,1,'演示初始库存','2026-03-20 22:02:06'),(42,3,21,1,8.000,0.000,8.000,68.0000,544.00,'seed',NULL,NULL,NULL,1,'演示初始库存','2026-03-21 17:02:06'),(43,1,1,1,26.200,0.000,26.200,1.2000,31.44,'purchase_order',1,NULL,NULL,1,'进货单 PO-20260318-00001','2026-03-18 01:50:00'),(44,1,3,1,43.700,0.000,43.700,0.8000,34.96,'purchase_order',1,NULL,NULL,1,'进货单 PO-20260318-00001','2026-03-18 01:23:00'),(45,1,4,1,22.800,0.000,22.800,2.5000,57.00,'purchase_order',1,NULL,NULL,1,'进货单 PO-20260318-00001','2026-03-18 01:48:00'),(46,1,6,1,33.700,0.000,33.700,1.0000,33.70,'purchase_order',1,NULL,NULL,1,'进货单 PO-20260318-00001','2026-03-18 01:10:00'),(47,1,11,1,11.500,0.000,11.500,18.0000,207.00,'purchase_order',1,NULL,NULL,1,'进货单 PO-20260318-00001','2026-03-18 01:38:00'),(48,1,12,1,9.300,0.000,9.300,12.5000,116.25,'purchase_order',1,NULL,NULL,1,'进货单 PO-20260318-00001','2026-03-18 01:00:00'),(49,1,15,1,6.500,0.000,6.500,28.0000,182.00,'purchase_order',1,NULL,NULL,1,'进货单 PO-20260318-00001','2026-03-18 01:19:00'),(50,1,18,1,16.900,0.000,16.900,2.5000,42.25,'purchase_order',1,NULL,NULL,1,'进货单 PO-20260318-00001','2026-03-18 01:33:00'),(51,1,19,1,18.700,0.000,18.700,1.8000,33.66,'purchase_order',1,NULL,NULL,1,'进货单 PO-20260318-00001','2026-03-18 01:03:00'),(52,1,17,1,11.700,0.000,11.700,12.0000,140.40,'purchase_order',1,NULL,NULL,1,'进货单 PO-20260318-00001','2026-03-18 01:39:00'),(63,3,1,1,34.700,60.000,94.700,1.2000,41.64,'purchase_order',3,NULL,NULL,1,'进货单 PO-20260318-00003','2026-03-18 01:31:00'),(64,3,3,1,44.500,90.000,134.500,0.8000,35.60,'purchase_order',3,NULL,NULL,1,'进货单 PO-20260318-00003','2026-03-18 01:44:00'),(65,3,4,1,28.900,45.000,73.900,2.5000,72.25,'purchase_order',3,NULL,NULL,1,'进货单 PO-20260318-00003','2026-03-18 01:26:00'),(66,3,6,1,37.200,5.000,42.200,1.0000,37.20,'purchase_order',3,NULL,NULL,1,'进货单 PO-20260318-00003','2026-03-18 01:03:00'),(67,3,11,1,10.600,30.000,40.600,18.0000,190.80,'purchase_order',3,NULL,NULL,1,'进货单 PO-20260318-00003','2026-03-18 01:21:00'),(68,3,12,1,8.700,22.000,30.700,12.5000,108.75,'purchase_order',3,NULL,NULL,1,'进货单 PO-20260318-00003','2026-03-18 01:29:00'),(69,3,15,1,9.800,15.000,24.800,28.0000,274.40,'purchase_order',3,NULL,NULL,1,'进货单 PO-20260318-00003','2026-03-18 01:22:00'),(70,3,18,1,25.700,40.000,65.700,2.5000,64.25,'purchase_order',3,NULL,NULL,1,'进货单 PO-20260318-00003','2026-03-18 01:58:00'),(71,3,19,1,24.700,18.000,42.700,1.8000,44.46,'purchase_order',3,NULL,NULL,1,'进货单 PO-20260318-00003','2026-03-18 01:17:00'),(72,3,17,1,13.400,25.000,38.400,12.0000,160.80,'purchase_order',3,NULL,NULL,1,'进货单 PO-20260318-00003','2026-03-18 01:19:00'),(73,1,1,1,37.400,26.200,63.600,1.2000,44.88,'purchase_order',4,NULL,NULL,1,'进货单 PO-20260319-00001','2026-03-19 01:10:00'),(74,1,3,1,28.300,43.700,72.000,0.8000,22.64,'purchase_order',4,NULL,NULL,1,'进货单 PO-20260319-00001','2026-03-19 01:55:00'),(75,1,4,1,20.800,22.800,43.600,2.5000,52.00,'purchase_order',4,NULL,NULL,1,'进货单 PO-20260319-00001','2026-03-19 01:20:00'),(76,1,6,1,37.300,33.700,71.000,1.0000,37.30,'purchase_order',4,NULL,NULL,1,'进货单 PO-20260319-00001','2026-03-19 01:24:00'),(77,1,11,1,12.100,11.500,23.600,18.0000,217.80,'purchase_order',4,NULL,NULL,1,'进货单 PO-20260319-00001','2026-03-19 01:03:00'),(78,1,12,1,9.000,9.300,18.300,12.5000,112.50,'purchase_order',4,NULL,NULL,1,'进货单 PO-20260319-00001','2026-03-19 01:15:00'),(79,1,15,1,7.200,6.500,13.700,28.0000,201.60,'purchase_order',4,NULL,NULL,1,'进货单 PO-20260319-00001','2026-03-19 01:15:00'),(80,1,18,1,19.800,16.900,36.700,2.5000,49.50,'purchase_order',4,NULL,NULL,1,'进货单 PO-20260319-00001','2026-03-19 01:09:00'),(81,1,10,1,20.900,0.000,20.900,3.8000,79.42,'purchase_order',4,NULL,NULL,1,'进货单 PO-20260319-00001','2026-03-19 01:17:00'),(82,1,14,1,7.100,0.000,7.100,22.0000,156.20,'purchase_order',4,NULL,NULL,1,'进货单 PO-20260319-00001','2026-03-19 01:51:00'),(93,3,1,1,22.700,94.700,117.400,1.2000,27.24,'purchase_order',6,NULL,NULL,1,'进货单 PO-20260319-00003','2026-03-19 01:42:00'),(94,3,3,1,48.900,134.500,183.400,0.8000,39.12,'purchase_order',6,NULL,NULL,1,'进货单 PO-20260319-00003','2026-03-19 01:55:00'),(95,3,4,1,18.000,73.900,91.900,2.5000,45.00,'purchase_order',6,NULL,NULL,1,'进货单 PO-20260319-00003','2026-03-19 01:08:00'),(96,3,6,1,27.200,42.200,69.400,1.0000,27.20,'purchase_order',6,NULL,NULL,1,'进货单 PO-20260319-00003','2026-03-19 01:19:00'),(97,3,11,1,13.000,40.600,53.600,18.0000,234.00,'purchase_order',6,NULL,NULL,1,'进货单 PO-20260319-00003','2026-03-19 01:48:00'),(98,3,12,1,12.200,30.700,42.900,12.5000,152.50,'purchase_order',6,NULL,NULL,1,'进货单 PO-20260319-00003','2026-03-19 01:52:00'),(99,3,15,1,10.400,24.800,35.200,28.0000,291.20,'purchase_order',6,NULL,NULL,1,'进货单 PO-20260319-00003','2026-03-19 01:36:00'),(100,3,18,1,22.600,65.700,88.300,2.5000,56.50,'purchase_order',6,NULL,NULL,1,'进货单 PO-20260319-00003','2026-03-19 01:51:00'),(101,3,10,1,12.800,55.000,67.800,3.8000,48.64,'purchase_order',6,NULL,NULL,1,'进货单 PO-20260319-00003','2026-03-19 01:10:00'),(102,3,14,1,7.600,18.000,25.600,22.0000,167.20,'purchase_order',6,NULL,NULL,1,'进货单 PO-20260319-00003','2026-03-19 01:19:00'),(103,1,1,1,32.500,63.600,96.100,1.2000,39.00,'purchase_order',7,NULL,NULL,1,'进货单 PO-20260320-00001','2026-03-20 01:04:00'),(104,1,3,1,37.600,72.000,109.600,0.8000,30.08,'purchase_order',7,NULL,NULL,1,'进货单 PO-20260320-00001','2026-03-20 01:22:00'),(105,1,4,1,21.700,43.600,65.300,2.5000,54.25,'purchase_order',7,NULL,NULL,1,'进货单 PO-20260320-00001','2026-03-20 01:42:00'),(106,1,6,1,41.800,71.000,112.800,1.0000,41.80,'purchase_order',7,NULL,NULL,1,'进货单 PO-20260320-00001','2026-03-20 01:37:00'),(107,1,11,1,9.600,23.600,33.200,18.0000,172.80,'purchase_order',7,NULL,NULL,1,'进货单 PO-20260320-00001','2026-03-20 01:58:00'),(108,1,12,1,10.300,18.300,28.600,12.5000,128.75,'purchase_order',7,NULL,NULL,1,'进货单 PO-20260320-00001','2026-03-20 01:58:00'),(109,1,15,1,8.800,13.700,22.500,28.0000,246.40,'purchase_order',7,NULL,NULL,1,'进货单 PO-20260320-00001','2026-03-20 01:27:00'),(110,1,18,1,24.500,36.700,61.200,2.5000,61.25,'purchase_order',7,NULL,NULL,1,'进货单 PO-20260320-00001','2026-03-20 01:40:00'),(111,1,7,1,19.800,0.000,19.800,1.5000,29.70,'purchase_order',7,NULL,NULL,1,'进货单 PO-20260320-00001','2026-03-20 01:18:00'),(112,1,9,1,13.900,0.000,13.900,3.2000,44.48,'purchase_order',7,NULL,NULL,1,'进货单 PO-20260320-00001','2026-03-20 01:15:00'),(123,3,1,1,36.700,117.400,154.100,1.2000,44.04,'purchase_order',9,NULL,NULL,1,'进货单 PO-20260320-00003','2026-03-20 01:07:00'),(124,3,3,1,40.500,183.400,223.900,0.8000,32.40,'purchase_order',9,NULL,NULL,1,'进货单 PO-20260320-00003','2026-03-20 01:18:00'),(125,3,4,1,31.700,91.900,123.600,2.5000,79.25,'purchase_order',9,NULL,NULL,1,'进货单 PO-20260320-00003','2026-03-20 01:43:00'),(126,3,6,1,26.700,69.400,96.100,1.0000,26.70,'purchase_order',9,NULL,NULL,1,'进货单 PO-20260320-00003','2026-03-20 01:56:00'),(127,3,11,1,8.100,53.600,61.700,18.0000,145.80,'purchase_order',9,NULL,NULL,1,'进货单 PO-20260320-00003','2026-03-20 01:45:00'),(128,3,12,1,13.000,42.900,55.900,12.5000,162.50,'purchase_order',9,NULL,NULL,1,'进货单 PO-20260320-00003','2026-03-20 01:57:00'),(129,3,15,1,5.800,35.200,41.000,28.0000,162.40,'purchase_order',9,NULL,NULL,1,'进货单 PO-20260320-00003','2026-03-20 01:42:00'),(130,3,18,1,21.000,88.300,109.300,2.5000,52.50,'purchase_order',9,NULL,NULL,1,'进货单 PO-20260320-00003','2026-03-20 01:33:00'),(131,3,7,1,16.600,50.000,66.600,1.5000,24.90,'purchase_order',9,NULL,NULL,1,'进货单 PO-20260320-00003','2026-03-20 01:01:00'),(132,3,9,1,12.200,3.000,15.200,3.2000,39.04,'purchase_order',9,NULL,NULL,1,'进货单 PO-20260320-00003','2026-03-20 01:50:00'),(133,1,8,1,50.000,0.000,50.000,NULL,NULL,NULL,NULL,NULL,NULL,8,'苹果 50斤 AI录入','2026-03-30 20:23:28'),(134,1,8,2,-50.000,50.000,0.000,NULL,NULL,NULL,NULL,NULL,NULL,8,'测试售罄','2026-03-30 21:21:29'),(135,1,1,2,-2.000,96.100,94.100,NULL,NULL,'sales_order',3,NULL,NULL,NULL,'零售 SO-20260331-KMSOZX','2026-03-30 21:21:38'),(136,1,1,4,5.900,94.100,100.000,NULL,NULL,NULL,NULL,NULL,NULL,8,'盘点修正测试','2026-03-30 21:22:10'),(137,1,3,3,-5.000,109.600,104.600,NULL,NULL,NULL,NULL,NULL,NULL,8,'腐烂损耗','2026-03-30 21:22:10'),(138,1,3,3,-2.000,104.600,102.600,NULL,NULL,NULL,NULL,NULL,NULL,8,'腐烂测试','2026-03-30 21:27:01'),(139,1,4,2,-65.300,65.300,0.000,NULL,NULL,NULL,NULL,NULL,NULL,8,'售罄测试','2026-03-30 21:27:01'),(346,2,32,1,1.000,0.000,1.000,NULL,NULL,'purchase_order',41,NULL,NULL,9,'进货单 PO-20260401-00001','2026-04-01 00:46:12'),(347,2,33,1,1.000,0.000,1.000,NULL,NULL,'purchase_order',41,NULL,NULL,9,'进货单 PO-20260401-00001','2026-04-01 00:46:12'),(348,2,34,1,2.000,0.000,2.000,NULL,NULL,'purchase_order',41,NULL,NULL,9,'进货单 PO-20260401-00001','2026-04-01 00:46:12'),(349,2,9,1,1.000,0.000,1.000,NULL,NULL,'purchase_order',41,NULL,NULL,9,'进货单 PO-20260401-00001','2026-04-01 00:46:12'),(350,2,35,1,1.000,0.000,1.000,NULL,NULL,'purchase_order',41,NULL,NULL,9,'进货单 PO-20260401-00001','2026-04-01 00:46:12'),(351,2,36,1,1.000,0.000,1.000,NULL,NULL,'purchase_order',41,NULL,NULL,9,'进货单 PO-20260401-00001','2026-04-01 00:46:12'),(352,2,37,1,2.000,0.000,2.000,NULL,NULL,'purchase_order',41,NULL,NULL,9,'进货单 PO-20260401-00001','2026-04-01 00:46:12'),(353,2,38,1,2.000,0.000,2.000,NULL,NULL,'purchase_order',41,NULL,NULL,9,'进货单 PO-20260401-00001','2026-04-01 00:46:12'),(354,2,39,1,2.000,0.000,2.000,NULL,NULL,'purchase_order',41,NULL,NULL,9,'进货单 PO-20260401-00001','2026-04-01 00:46:12'),(355,2,40,1,1.000,0.000,1.000,NULL,NULL,'purchase_order',41,NULL,NULL,9,'进货单 PO-20260401-00001','2026-04-01 00:46:12'),(356,2,41,1,0.500,0.000,0.500,NULL,NULL,'purchase_order',41,NULL,NULL,9,'进货单 PO-20260401-00001','2026-04-01 00:46:12'),(357,2,42,1,1.000,0.000,1.000,NULL,NULL,'purchase_order',41,NULL,NULL,9,'进货单 PO-20260401-00001','2026-04-01 00:46:12'),(358,2,43,1,1.000,0.000,1.000,NULL,NULL,'purchase_order',41,NULL,NULL,9,'进货单 PO-20260401-00001','2026-04-01 00:46:12'),(359,2,44,1,1.000,0.000,1.000,NULL,NULL,'purchase_order',41,NULL,NULL,9,'进货单 PO-20260401-00001','2026-04-01 00:46:12'),(360,2,24,1,1.000,0.000,1.000,NULL,NULL,'purchase_order',42,NULL,NULL,9,'进货单 PO-20260401-00002','2026-04-01 00:47:55'),(361,2,25,1,1.000,0.000,1.000,NULL,NULL,'purchase_order',42,NULL,NULL,9,'进货单 PO-20260401-00002','2026-04-01 00:47:55'),(362,2,26,1,1.000,0.000,1.000,NULL,NULL,'purchase_order',42,NULL,NULL,9,'进货单 PO-20260401-00002','2026-04-01 00:47:55'),(363,2,27,1,1.000,0.000,1.000,NULL,NULL,'purchase_order',42,NULL,NULL,9,'进货单 PO-20260401-00002','2026-04-01 00:47:55'),(364,2,28,1,1.000,0.000,1.000,NULL,NULL,'purchase_order',42,NULL,NULL,9,'进货单 PO-20260401-00002','2026-04-01 00:47:55'),(365,2,29,1,1.000,0.000,1.000,NULL,NULL,'purchase_order',42,NULL,NULL,9,'进货单 PO-20260401-00002','2026-04-01 00:47:55'),(366,2,30,1,1.000,0.000,1.000,NULL,NULL,'purchase_order',42,NULL,NULL,9,'进货单 PO-20260401-00002','2026-04-01 00:47:55'),(367,2,31,1,1.000,0.000,1.000,NULL,NULL,'purchase_order',42,NULL,NULL,9,'进货单 PO-20260401-00002','2026-04-01 00:47:55'),(368,2,4,2,-30.000,30.000,0.000,8.5000,NULL,NULL,NULL,NULL,NULL,1,'远程补录售罄','2026-04-03 18:44:59'),(369,2,1,2,-15.000,20.000,5.000,3.5000,NULL,NULL,NULL,NULL,NULL,1,'远程补录售罄','2026-04-03 18:44:59'),(370,2,4,2,-30.000,30.000,0.000,8.5000,NULL,NULL,NULL,NULL,NULL,1,'远程补录售罄','2026-04-03 18:45:37'),(371,2,1,2,-15.000,20.000,5.000,3.5000,NULL,NULL,NULL,NULL,NULL,1,'远程补录售罄','2026-04-03 18:45:37'),(372,2,4,2,-30.000,30.000,0.000,8.5000,NULL,NULL,NULL,NULL,NULL,1,'远程补录销售','2026-04-03 18:47:00'),(373,2,1,2,-25.000,30.000,5.000,3.5000,NULL,NULL,NULL,NULL,NULL,1,'远程补录销售','2026-04-03 18:47:00'),(374,2,3,2,-10.000,0.000,0.000,2.0000,NULL,NULL,NULL,NULL,NULL,1,'远程补录销售','2026-04-03 18:47:00'),(375,3,1,2,-10.000,154.100,144.100,NULL,NULL,NULL,NULL,NULL,NULL,11,'远程补录销售','2026-04-03 23:24:08'),(376,3,7,2,-66.600,66.600,0.000,NULL,NULL,NULL,NULL,NULL,NULL,11,'远程补录销售','2026-04-03 23:25:26'),(377,3,47,1,2.000,0.000,2.000,NULL,NULL,'purchase_order',43,NULL,NULL,11,'进货单 PO-20260404-00001','2026-04-04 00:09:48'),(378,3,48,1,2.000,0.000,2.000,NULL,NULL,'purchase_order',43,NULL,NULL,11,'进货单 PO-20260404-00001','2026-04-04 00:09:48'),(379,3,49,1,2.000,0.000,2.000,NULL,NULL,'purchase_order',43,NULL,NULL,11,'进货单 PO-20260404-00001','2026-04-04 00:09:48'),(380,3,50,1,2.000,0.000,2.000,NULL,NULL,'purchase_order',43,NULL,NULL,11,'进货单 PO-20260404-00001','2026-04-04 00:09:48'),(381,3,51,1,2.000,0.000,2.000,NULL,NULL,'purchase_order',43,NULL,NULL,11,'进货单 PO-20260404-00001','2026-04-04 00:09:48'),(382,3,52,1,2.000,0.000,2.000,NULL,NULL,'purchase_order',43,NULL,NULL,11,'进货单 PO-20260404-00001','2026-04-04 00:09:48'),(383,3,53,1,2.000,0.000,2.000,NULL,NULL,'purchase_order',43,NULL,NULL,11,'进货单 PO-20260404-00001','2026-04-04 00:09:48'),(384,3,54,1,2.000,0.000,2.000,NULL,NULL,'purchase_order',43,NULL,NULL,11,'进货单 PO-20260404-00001','2026-04-04 00:09:48'),(385,3,56,1,72.000,0.000,72.000,5.0000,NULL,'purchase_order',44,NULL,NULL,11,'进货单 PO-20260407-00001','2026-04-06 17:10:59'),(386,3,33,1,38.000,0.000,38.000,9.0000,NULL,'purchase_order',44,NULL,NULL,11,'进货单 PO-20260407-00001','2026-04-06 17:10:59'),(387,3,9,1,26.000,15.200,41.200,6.0000,NULL,'purchase_order',44,NULL,NULL,11,'进货单 PO-20260407-00001','2026-04-06 17:10:59'),(388,3,35,1,19.000,0.000,19.000,8.0000,NULL,'purchase_order',44,NULL,NULL,11,'进货单 PO-20260407-00001','2026-04-06 17:10:59'),(389,3,37,1,36.000,0.000,36.000,15.0000,NULL,'purchase_order',44,NULL,NULL,11,'进货单 PO-20260407-00001','2026-04-06 17:10:59'),(390,3,57,1,20.000,0.000,20.000,45.0000,NULL,'purchase_order',44,NULL,NULL,11,'进货单 PO-20260407-00001','2026-04-06 17:10:59'),(391,3,58,1,20.000,0.000,20.000,12.0000,NULL,'purchase_order',44,NULL,NULL,11,'进货单 PO-20260407-00001','2026-04-06 17:10:59'),(392,3,41,1,10.000,0.000,10.000,10.0000,NULL,'purchase_order',44,NULL,NULL,11,'进货单 PO-20260407-00001','2026-04-06 17:10:59'),(393,3,59,1,72.000,0.000,72.000,5.0000,NULL,'purchase_order',44,NULL,NULL,11,'进货单 PO-20260407-00001','2026-04-06 17:10:59'),(394,3,45,1,20.000,0.000,20.000,10.0000,NULL,'purchase_order',44,NULL,NULL,11,'进货单 PO-20260407-00001','2026-04-06 17:10:59'),(395,3,59,2,-72.000,72.000,0.000,NULL,NULL,NULL,NULL,NULL,NULL,11,'远程补录销售','2026-04-06 22:50:00'),(396,1,60,1,2.000,0.000,2.000,NULL,NULL,'purchase_order',45,NULL,NULL,10,'进货单 PO-20260416-00001','2026-04-16 04:17:46'),(397,1,44,1,1.000,0.000,1.000,NULL,NULL,'purchase_order',45,NULL,NULL,10,'进货单 PO-20260416-00001','2026-04-16 04:17:46'),(398,1,61,1,1.000,0.000,1.000,NULL,NULL,'purchase_order',45,NULL,NULL,10,'进货单 PO-20260416-00001','2026-04-16 04:17:46'),(399,1,45,1,1.000,0.000,1.000,NULL,NULL,'purchase_order',45,NULL,NULL,10,'进货单 PO-20260416-00001','2026-04-16 04:17:46'),(400,1,43,1,1.000,0.000,1.000,NULL,NULL,'purchase_order',45,NULL,NULL,10,'进货单 PO-20260416-00001','2026-04-16 04:17:46'),(401,1,32,1,1.000,0.000,1.000,NULL,NULL,'purchase_order',45,NULL,NULL,10,'进货单 PO-20260416-00001','2026-04-16 04:17:46'),(402,1,1,2,-100.000,100.000,0.000,NULL,NULL,NULL,NULL,NULL,NULL,5,'远程补录销售','2026-04-16 08:00:00'),(403,3,3,2,-223.900,223.900,0.000,NULL,NULL,NULL,NULL,NULL,NULL,11,'远程补录销售','2026-04-16 15:14:36'),(404,3,1,2,-134.100,144.100,10.000,NULL,NULL,NULL,NULL,NULL,NULL,11,'远程补录销售','2026-04-16 15:19:24'),(405,3,3,3,-10.000,0.000,0.000,NULL,NULL,NULL,NULL,NULL,NULL,11,'白菜损耗','2026-04-16 15:32:59'),(406,1,1,2,-10.000,0.000,0.000,NULL,NULL,'ai_message',35,NULL,NULL,12,'胡萝卜 10斤 AI录入','2026-04-27 12:58:36'),(407,1,1,2,-10.000,0.000,0.000,NULL,NULL,'ai_message',37,NULL,NULL,12,'胡萝卜 10斤 AI录入','2026-04-27 13:28:45'),(408,2,4,2,-10.000,50.000,40.000,NULL,NULL,'ai_message',39,NULL,NULL,1,'番茄 10斤 AI录入','2026-04-27 13:56:48'),(409,1,3,2,-22.600,102.600,80.000,NULL,NULL,'ai_message',47,NULL,NULL,12,'白菜 22.6斤 AI录入','2026-04-27 14:26:23'),(410,1,1,1,20.000,0.000,20.000,NULL,NULL,'purchase_order',46,NULL,NULL,13,'进货单 PO-20260428-00001','2026-04-28 04:46:23'),(411,1,38,3,-0.500,0.000,0.000,NULL,NULL,'ai_message',51,NULL,NULL,13,'草莓 0.5斤 AI录入','2026-04-28 05:08:01'),(412,1,8,2,0.000,0.000,20.000,NULL,NULL,'ai_message',55,NULL,NULL,13,'苹果 20斤 AI录入','2026-04-28 05:31:17'),(413,1,8,2,-20.000,20.000,0.000,NULL,NULL,'ai_message',59,NULL,NULL,12,'苹果 AI标记售罄','2026-04-29 00:19:43'),(414,1,4,1,50.000,0.000,50.000,NULL,NULL,'ai_message',61,NULL,NULL,12,'番茄 50斤 AI录入','2026-05-10 21:30:37'),(415,1,1,1,30.000,20.000,50.000,NULL,NULL,'ai_message',61,NULL,NULL,12,'胡萝卜 30斤 AI录入','2026-05-10 21:30:37'),(416,1,4,1,50.000,50.000,100.000,NULL,NULL,'ai_message',67,NULL,NULL,12,'番茄 50斤 AI录入','2026-05-10 21:36:12'),(417,1,1,1,30.000,50.000,80.000,NULL,NULL,'ai_message',67,NULL,NULL,12,'胡萝卜 30斤 AI录入','2026-05-10 21:36:12'),(418,1,4,1,50.000,100.000,150.000,NULL,NULL,'purchase_order',47,NULL,NULL,12,'番茄 50斤 AI录入','2026-05-10 21:41:39'),(419,1,1,1,30.000,80.000,110.000,NULL,NULL,'purchase_order',47,NULL,NULL,12,'胡萝卜 30斤 AI录入','2026-05-10 21:41:39'),(420,1,10,1,10.000,20.900,30.900,NULL,NULL,'purchase_order',48,NULL,NULL,12,'橙子 10斤 AI录入','2026-05-10 23:21:55'),(421,1,3,3,-10.000,80.000,70.000,NULL,NULL,'ai_message',81,NULL,NULL,12,'白菜 10斤 AI录入','2026-05-10 23:24:17'),(422,1,8,3,-1.000,0.000,0.000,NULL,NULL,'ai_message',85,NULL,NULL,12,'苹果 1斤 AI录入','2026-05-11 11:51:10'),(423,1,8,3,-1.000,0.000,0.000,NULL,NULL,'ai_message',87,NULL,NULL,12,'苹果 1斤 AI录入','2026-05-11 11:51:22'),(424,1,1,1,10.000,110.000,120.000,NULL,NULL,'purchase_order',49,NULL,NULL,13,'胡萝卜 10斤 AI录入','2026-05-11 12:00:58'),(425,1,64,1,30.000,0.000,30.000,NULL,NULL,'purchase_order',49,NULL,NULL,13,'猕猴桃 30斤 AI录入','2026-05-11 12:00:58'),(426,1,9,3,-2.000,13.900,11.900,NULL,NULL,'ai_message',91,NULL,NULL,13,'香蕉 2斤 AI录入','2026-05-11 12:01:53'),(427,1,8,2,0.000,0.000,0.000,NULL,NULL,'ai_message',93,NULL,NULL,12,'苹果 AI标记售罄','2026-05-11 12:28:44'),(428,1,10,2,-30.900,30.900,0.000,NULL,NULL,'ai_message',95,NULL,NULL,12,'橙子 AI标记售罄','2026-05-11 12:29:08'),(429,1,37,3,-1.095,0.000,0.000,NULL,NULL,'ai_message',97,NULL,NULL,12,'枇杷 1.095斤 AI录入','2026-05-11 13:02:17'),(430,1,65,3,-1.000,0.000,0.000,NULL,NULL,'ai_message',97,NULL,NULL,12,'辣椒叶300g 1袋 AI录入','2026-05-11 13:02:17'),(431,1,66,3,-1.000,0.000,0.000,NULL,NULL,'ai_message',97,NULL,NULL,12,'地瓜叶300g 1袋 AI录入','2026-05-11 13:02:17'),(432,1,2,3,-2.274,0.000,0.000,NULL,NULL,'ai_message',97,NULL,NULL,12,'西兰花 2.274斤 AI录入','2026-05-11 13:02:17'),(433,1,67,3,-1.000,0.000,0.000,NULL,NULL,'ai_message',97,NULL,NULL,12,'黄豆芽300g 1袋 AI录入','2026-05-11 13:02:17'),(434,1,68,3,-5.982,0.000,0.000,NULL,NULL,'ai_message',97,NULL,NULL,12,'番茄(粉)350g 5.982袋 AI录入','2026-05-11 13:02:17'),(435,1,69,3,-1.000,0.000,0.000,NULL,NULL,'ai_message',97,NULL,NULL,12,'玉露香梨 1个 AI录入','2026-05-11 13:02:17'),(436,1,37,3,-1.410,0.000,0.000,NULL,NULL,'ai_message',99,NULL,NULL,12,'枇杷 1.41斤 AI录入','2026-05-11 13:03:03'),(437,1,70,1,2.000,0.000,2.000,NULL,NULL,'purchase_order',50,NULL,NULL,12,'上海麵350g 2盒 AI录入','2026-05-11 13:04:20'),(438,1,71,1,2.000,0.000,2.000,NULL,NULL,'purchase_order',50,NULL,NULL,12,'蝦米腸粉 2盒 AI录入','2026-05-11 13:04:20'),(439,1,50,1,2.000,0.000,2.000,NULL,NULL,'purchase_order',50,NULL,NULL,12,'白腸粉 2盒 AI录入','2026-05-11 13:04:20'),(440,1,72,1,2.000,0.000,2.000,NULL,NULL,'purchase_order',50,NULL,NULL,12,'油麵350g 2盒 AI录入','2026-05-11 13:04:20'),(441,1,73,1,2.000,0.000,2.000,NULL,NULL,'purchase_order',50,NULL,NULL,12,'雲吞麵 (幼) 350g 2盒 AI录入','2026-05-11 13:04:20'),(442,1,74,1,2.000,0.000,2.000,NULL,NULL,'purchase_order',50,NULL,NULL,12,'雲吞麵 (粗) 350g 2盒 AI录入','2026-05-11 13:04:20'),(443,1,75,1,2.000,0.000,2.000,NULL,NULL,'purchase_order',50,NULL,NULL,12,'河粉 (炒粉) 350g 2盒 AI录入','2026-05-11 13:04:20'),(444,1,76,1,1.000,0.000,1.000,NULL,NULL,'purchase_order',51,NULL,NULL,12,'牛油果 1件 AI录入','2026-05-11 13:04:51'),(445,1,77,1,1.000,0.000,1.000,NULL,NULL,'purchase_order',51,NULL,NULL,12,'榴莲番薯 1件 AI录入','2026-05-11 13:04:51'),(446,1,37,1,1.000,0.000,1.000,NULL,NULL,'purchase_order',51,NULL,NULL,12,'枇杷 1件 AI录入','2026-05-11 13:04:51'),(447,1,78,1,3.000,0.000,3.000,NULL,NULL,'purchase_order',51,NULL,NULL,12,'奇异果 3件 AI录入','2026-05-11 13:04:51'),(448,1,79,1,2.000,0.000,2.000,NULL,NULL,'purchase_order',51,NULL,NULL,12,'番石榴 2件 AI录入','2026-05-11 13:04:51'),(449,2,80,1,6.000,0.000,6.000,NULL,NULL,'purchase_order',52,NULL,NULL,1,'冰鲜清远鸡 6只 AI录入','2026-05-11 13:35:31'),(450,2,81,1,5.000,0.000,5.000,NULL,NULL,'purchase_order',52,NULL,NULL,1,'冰鲜竹丝鸡 5只 AI录入','2026-05-11 13:35:31'),(451,2,82,1,8.000,0.000,8.000,NULL,NULL,'purchase_order',53,NULL,NULL,1,'娃娃菜 8包 AI录入','2026-05-11 13:38:53'),(452,2,83,1,5.000,0.000,5.000,NULL,NULL,'purchase_order',53,NULL,NULL,1,'大白菜 5斤 AI录入','2026-05-11 13:38:53'),(453,2,84,1,8.000,0.000,8.000,NULL,NULL,'purchase_order',53,NULL,NULL,1,'小旺菜 8斤 AI录入','2026-05-11 13:38:53'),(454,2,85,1,12.000,0.000,12.000,NULL,NULL,'purchase_order',53,NULL,NULL,1,'京包 12斤 AI录入','2026-05-11 13:38:53'),(455,2,86,1,6.000,0.000,6.000,NULL,NULL,'purchase_order',53,NULL,NULL,1,'椰菜花 6斤 AI录入','2026-05-11 13:38:53'),(456,2,87,1,15.000,0.000,15.000,NULL,NULL,'purchase_order',53,NULL,NULL,1,'西蘭花 15斤 AI录入','2026-05-11 13:38:53'),(457,2,88,1,2.000,0.000,2.000,NULL,NULL,'purchase_order',53,NULL,NULL,1,'水東芥菜 2包 AI录入','2026-05-11 13:38:53'),(458,2,89,1,5.000,0.000,5.000,NULL,NULL,'purchase_order',53,NULL,NULL,1,'青通 5包 AI录入','2026-05-11 13:38:53'),(459,2,90,1,3.000,0.000,3.000,NULL,NULL,'purchase_order',53,NULL,NULL,1,'上海青苗 3包 AI录入','2026-05-11 13:38:53'),(460,2,91,1,3.000,0.000,3.000,NULL,NULL,'purchase_order',53,NULL,NULL,1,'菜心 3包 AI录入','2026-05-11 13:38:53'),(461,2,92,1,20.000,0.000,20.000,NULL,NULL,'purchase_order',53,NULL,NULL,1,'冬瓜 20斤 AI录入','2026-05-11 13:38:53'),(462,2,93,1,5.000,0.000,5.000,NULL,NULL,'purchase_order',53,NULL,NULL,1,'苦瓜 5斤 AI录入','2026-05-11 13:38:53'),(463,2,94,1,6.000,0.000,6.000,NULL,NULL,'purchase_order',53,NULL,NULL,1,'南瓜 6斤 AI录入','2026-05-11 13:38:53'),(464,2,95,1,3.000,0.000,3.000,NULL,NULL,'purchase_order',53,NULL,NULL,1,'西葫蘆瓜 3斤 AI录入','2026-05-11 13:38:53'),(465,2,96,1,6.000,0.000,6.000,NULL,NULL,'purchase_order',53,NULL,NULL,1,'茄子 6斤 AI录入','2026-05-11 13:38:53'),(466,2,97,1,2.000,0.000,2.000,NULL,NULL,'purchase_order',53,NULL,NULL,1,'長水瓜 2斤 AI录入','2026-05-11 13:38:53'),(467,2,98,1,8.000,0.000,8.000,NULL,NULL,'purchase_order',53,NULL,NULL,1,'甜玉米 8包 AI录入','2026-05-11 13:38:53'),(468,2,99,1,3.000,0.000,3.000,NULL,NULL,'purchase_order',53,NULL,NULL,1,'白白菜 3包 AI录入','2026-05-11 13:38:53'),(469,2,100,1,2.000,0.000,2.000,NULL,NULL,'purchase_order',53,NULL,NULL,1,'荷蘭豆 2碟 AI录入','2026-05-11 13:38:53'),(470,2,101,1,2.000,0.000,2.000,NULL,NULL,'purchase_order',53,NULL,NULL,1,'板栗肉 2碟 AI录入','2026-05-11 13:38:53'),(471,2,102,1,2.000,0.000,2.000,NULL,NULL,'purchase_order',53,NULL,NULL,1,'甜豆(盒) 2盒 AI录入','2026-05-11 13:38:53'),(472,2,102,1,4.000,2.000,6.000,NULL,NULL,'purchase_order',53,NULL,NULL,1,'甜豆 4斤 AI录入','2026-05-11 13:38:53'),(473,2,103,1,2.000,0.000,2.000,NULL,NULL,'purchase_order',53,NULL,NULL,1,'青蘿蔔 2斤 AI录入','2026-05-11 13:38:53'),(474,2,104,1,5.000,0.000,5.000,NULL,NULL,'purchase_order',53,NULL,NULL,1,'白蘿蔔 5斤 AI录入','2026-05-11 13:38:53'),(475,2,105,1,10.000,0.000,10.000,NULL,NULL,'purchase_order',53,NULL,NULL,1,'泥紅蘿蔔 10斤 AI录入','2026-05-11 13:38:53'),(476,2,105,1,12.000,10.000,22.000,NULL,NULL,'purchase_order',53,NULL,NULL,1,'紅蘿蔔 12斤 AI录入','2026-05-11 13:38:53'),(477,2,106,1,2.000,0.000,2.000,NULL,NULL,'purchase_order',53,NULL,NULL,1,'紅菜頭 2斤 AI录入','2026-05-11 13:38:53'),(478,2,107,1,3.000,0.000,3.000,NULL,NULL,'purchase_order',53,NULL,NULL,1,'鮮鐵棍淮山 3包 AI录入','2026-05-11 13:38:53'),(479,2,108,1,7.000,0.000,7.000,NULL,NULL,'purchase_order',53,NULL,NULL,1,'馬鈴薯 7斤 AI录入','2026-05-11 13:38:53'),(480,2,109,1,3.000,0.000,3.000,NULL,NULL,'purchase_order',53,NULL,NULL,1,'芋頭 3斤 AI录入','2026-05-11 13:38:53'),(481,2,110,1,8.000,0.000,8.000,NULL,NULL,'purchase_order',53,NULL,NULL,1,'綠豆芽 8盒 AI录入','2026-05-11 13:38:53'),(482,2,111,1,6.000,0.000,6.000,NULL,NULL,'purchase_order',53,NULL,NULL,1,'黃豆芽 6盒 AI录入','2026-05-11 13:38:53'),(483,2,112,1,2.000,0.000,2.000,NULL,NULL,'purchase_order',53,NULL,NULL,1,'鮮黑木耳 2斤 AI录入','2026-05-11 13:38:53'),(484,2,113,1,5.000,0.000,5.000,NULL,NULL,'purchase_order',53,NULL,NULL,1,'白蘑菇 5碟 AI录入','2026-05-11 13:38:53'),(485,2,112,1,5.000,2.000,7.000,NULL,NULL,'purchase_order',53,NULL,NULL,1,'木耳 5碟 AI录入','2026-05-11 13:38:53'),(486,2,114,1,2.000,0.000,2.000,NULL,NULL,'purchase_order',53,NULL,NULL,1,'螺絲椒 2包 AI录入','2026-05-11 13:38:54'),(487,2,115,1,2.000,0.000,2.000,NULL,NULL,'purchase_order',53,NULL,NULL,1,'湖南椒 2包 AI录入','2026-05-11 13:38:54'),(488,2,116,1,2.000,0.000,2.000,NULL,NULL,'purchase_order',53,NULL,NULL,1,'大蔥 2斤 AI录入','2026-05-11 13:38:54'),(489,2,117,1,7.000,0.000,7.000,NULL,NULL,'purchase_order',53,NULL,NULL,1,'西芹 7斤 AI录入','2026-05-11 13:38:54'),(490,2,118,1,5.000,0.000,5.000,NULL,NULL,'purchase_order',53,NULL,NULL,1,'韭王 5包 AI录入','2026-05-11 13:38:54'),(491,2,119,1,5.000,0.000,5.000,NULL,NULL,'purchase_order',53,NULL,NULL,1,'韭菜 5包 AI录入','2026-05-11 13:38:54'),(492,2,120,1,5.000,0.000,5.000,NULL,NULL,'purchase_order',53,NULL,NULL,1,'白洋蔥 5斤 AI录入','2026-05-11 13:38:54'),(493,2,121,1,2.000,0.000,2.000,NULL,NULL,'purchase_order',53,NULL,NULL,1,'紅洋蔥 2斤 AI录入','2026-05-11 13:38:54'),(494,2,122,1,4.000,0.000,4.000,NULL,NULL,'purchase_order',53,NULL,NULL,1,'沙律菜 4盒 AI录入','2026-05-11 13:38:54'),(495,2,123,1,2.000,0.000,2.000,NULL,NULL,'purchase_order',53,NULL,NULL,1,'杭白菜 2包 AI录入','2026-05-11 13:38:54'),(496,2,124,1,10.000,0.000,10.000,NULL,NULL,'purchase_order',53,NULL,NULL,1,'菠菜 10包 AI录入','2026-05-11 13:38:54'),(497,2,125,1,4.000,0.000,4.000,NULL,NULL,'purchase_order',53,NULL,NULL,1,'枸杞葉 4包 AI录入','2026-05-11 13:38:54'),(498,2,126,1,3.000,0.000,3.000,NULL,NULL,'purchase_order',53,NULL,NULL,1,'毛瓜 3斤 AI录入','2026-05-11 13:38:54'),(499,2,127,1,5.000,0.000,5.000,NULL,NULL,'purchase_order',53,NULL,NULL,1,'青瓜 5斤 AI录入','2026-05-11 13:38:54'),(500,2,128,1,3.000,0.000,3.000,NULL,NULL,'purchase_order',53,NULL,NULL,1,'黃秋葵 3包 AI录入','2026-05-11 13:38:54'),(501,2,129,1,3.000,0.000,3.000,NULL,NULL,'purchase_order',53,NULL,NULL,1,'蓮藕 3斤 AI录入','2026-05-11 13:38:54'),(502,2,130,1,5.000,0.000,5.000,NULL,NULL,'purchase_order',53,NULL,NULL,1,'小土豆 5袋 AI录入','2026-05-11 13:38:54'),(503,2,131,1,2.000,0.000,2.000,NULL,NULL,'purchase_order',53,NULL,NULL,1,'芋仔 2袋 AI录入','2026-05-11 13:38:54'),(504,2,132,1,3.000,0.000,3.000,NULL,NULL,'purchase_order',53,NULL,NULL,1,'金針菇 3包 AI录入','2026-05-11 13:38:54'),(505,2,133,1,5.000,0.000,5.000,NULL,NULL,'purchase_order',53,NULL,NULL,1,'冬菇 5碟 AI录入','2026-05-11 13:38:54'),(506,2,134,1,3.000,0.000,3.000,NULL,NULL,'purchase_order',53,NULL,NULL,1,'杏鮑菇 3盒 AI录入','2026-05-11 13:38:54'),(507,2,135,1,2.000,0.000,2.000,NULL,NULL,'purchase_order',53,NULL,NULL,1,'蟹味菇 2盒 AI录入','2026-05-11 13:38:54'),(508,2,136,1,3.000,0.000,3.000,NULL,NULL,'purchase_order',53,NULL,NULL,1,'白玉菇 3盒 AI录入','2026-05-11 13:38:54'),(509,2,137,1,2.000,0.000,2.000,NULL,NULL,'purchase_order',53,NULL,NULL,1,'水果椒 2盒 AI录入','2026-05-11 13:38:54'),(510,2,138,1,2.000,0.000,2.000,NULL,NULL,'purchase_order',53,NULL,NULL,1,'指天椒 2盒 AI录入','2026-05-11 13:38:54'),(511,2,139,1,2.000,0.000,2.000,NULL,NULL,'purchase_order',53,NULL,NULL,1,'三色彩椒 2包 AI录入','2026-05-11 13:38:54'),(512,2,140,1,2.000,0.000,2.000,NULL,NULL,'purchase_order',53,NULL,NULL,1,'生薑 2袋 AI录入','2026-05-11 13:38:54'),(513,2,141,1,3.000,0.000,3.000,NULL,NULL,'purchase_order',53,NULL,NULL,1,'蒜頭 3袋 AI录入','2026-05-11 13:38:54'),(514,2,142,1,5.000,0.000,5.000,NULL,NULL,'purchase_order',53,NULL,NULL,1,'芹菜 5包 AI录入','2026-05-11 13:38:54'),(515,2,143,1,5.000,0.000,5.000,NULL,NULL,'purchase_order',53,NULL,NULL,1,'紅蔥 5包 AI录入','2026-05-11 13:38:54'),(516,2,144,1,5.000,0.000,5.000,NULL,NULL,'purchase_order',53,NULL,NULL,1,'芫茜 5包 AI录入','2026-05-11 13:38:54'),(517,2,145,1,2.000,0.000,2.000,NULL,NULL,'purchase_order',53,NULL,NULL,1,'真空淮山肉 2包 AI录入','2026-05-11 13:38:54'),(518,2,146,1,2.000,0.000,2.000,NULL,NULL,'purchase_order',53,NULL,NULL,1,'秀珍菇 2碟 AI录入','2026-05-11 13:38:54'),(519,2,147,1,2.000,0.000,2.000,NULL,NULL,'purchase_order',53,NULL,NULL,1,'萵筍 2斤 AI录入','2026-05-11 13:38:54'),(520,2,148,1,2.000,0.000,2.000,NULL,NULL,'purchase_order',53,NULL,NULL,1,'雞毛菜 2包 AI录入','2026-05-11 13:38:54'),(521,2,149,1,4.000,0.000,4.000,NULL,NULL,'purchase_order',53,NULL,NULL,1,'百合四頭 4包 AI录入','2026-05-11 13:38:54'),(522,2,150,1,3.000,0.000,3.000,NULL,NULL,'purchase_order',53,NULL,NULL,1,'毛豆仁 3碟 AI录入','2026-05-11 13:38:54'),(523,2,151,1,2.000,0.000,2.000,NULL,NULL,'purchase_order',53,NULL,NULL,1,'豌豆仁 2碟 AI录入','2026-05-11 13:38:54'),(524,2,152,1,2.000,0.000,2.000,NULL,NULL,'purchase_order',53,NULL,NULL,1,'青木瓜 2个 AI录入','2026-05-11 13:38:54'),(525,2,153,1,2.000,0.000,2.000,NULL,NULL,'purchase_order',53,NULL,NULL,1,'人參白薯 2包 AI录入','2026-05-11 13:38:54');
/*!40000 ALTER TABLE `inventory_transactions` ENABLE KEYS */;
UNLOCK TABLES;

--
-- Table structure for table `job_batches`
--

DROP TABLE IF EXISTS `job_batches`;
/*!40101 SET @saved_cs_client     = @@character_set_client */;
/*!50503 SET character_set_client = utf8mb4 */;
CREATE TABLE `job_batches` (
  `id` varchar(255) CHARACTER SET utf8mb4 COLLATE utf8mb4_unicode_ci NOT NULL,
  `name` varchar(255) CHARACTER SET utf8mb4 COLLATE utf8mb4_unicode_ci NOT NULL,
  `total_jobs` int NOT NULL,
  `pending_jobs` int NOT NULL,
  `failed_jobs` int NOT NULL,
  `failed_job_ids` longtext CHARACTER SET utf8mb4 COLLATE utf8mb4_unicode_ci NOT NULL,
  `options` mediumtext CHARACTER SET utf8mb4 COLLATE utf8mb4_unicode_ci,
  `cancelled_at` int DEFAULT NULL,
  `created_at` int NOT NULL,
  `finished_at` int DEFAULT NULL,
  PRIMARY KEY (`id`)
) ENGINE=InnoDB DEFAULT CHARSET=utf8mb4 COLLATE=utf8mb4_unicode_ci;
/*!40101 SET character_set_client = @saved_cs_client */;

--
-- Dumping data for table `job_batches`
--

LOCK TABLES `job_batches` WRITE;
/*!40000 ALTER TABLE `job_batches` DISABLE KEYS */;
/*!40000 ALTER TABLE `job_batches` ENABLE KEYS */;
UNLOCK TABLES;

--
-- Table structure for table `jobs`
--

DROP TABLE IF EXISTS `jobs`;
/*!40101 SET @saved_cs_client     = @@character_set_client */;
/*!50503 SET character_set_client = utf8mb4 */;
CREATE TABLE `jobs` (
  `id` bigint unsigned NOT NULL AUTO_INCREMENT,
  `queue` varchar(255) CHARACTER SET utf8mb4 COLLATE utf8mb4_unicode_ci NOT NULL,
  `payload` longtext CHARACTER SET utf8mb4 COLLATE utf8mb4_unicode_ci NOT NULL,
  `attempts` tinyint unsigned NOT NULL,
  `reserved_at` int unsigned DEFAULT NULL,
  `available_at` int unsigned NOT NULL,
  `created_at` int unsigned NOT NULL,
  PRIMARY KEY (`id`),
  KEY `jobs_queue_index` (`queue`)
) ENGINE=InnoDB DEFAULT CHARSET=utf8mb4 COLLATE=utf8mb4_unicode_ci;
/*!40101 SET character_set_client = @saved_cs_client */;

--
-- Dumping data for table `jobs`
--

LOCK TABLES `jobs` WRITE;
/*!40000 ALTER TABLE `jobs` DISABLE KEYS */;
/*!40000 ALTER TABLE `jobs` ENABLE KEYS */;
UNLOCK TABLES;

--
-- Table structure for table `leave_requests`
--

DROP TABLE IF EXISTS `leave_requests`;
/*!40101 SET @saved_cs_client     = @@character_set_client */;
/*!50503 SET character_set_client = utf8mb4 */;
CREATE TABLE `leave_requests` (
  `id` bigint unsigned NOT NULL AUTO_INCREMENT,
  `employee_id` bigint unsigned NOT NULL,
  `store_id` bigint unsigned NOT NULL,
  `leave_type` tinyint NOT NULL COMMENT '1:事假 2:病假 3:年假 4:婚假 5:产假/陪产假 6:其他',
  `start_date` date NOT NULL,
  `end_date` date NOT NULL,
  `total_days` decimal(4,1) NOT NULL,
  `reason` text CHARACTER SET utf8mb4 COLLATE utf8mb4_unicode_ci,
  `status` tinyint NOT NULL DEFAULT '1' COMMENT '1:待审批 2:已批准 3:已拒绝 4:已撤销',
  `approved_by` bigint unsigned DEFAULT NULL,
  `approved_at` timestamp NULL DEFAULT NULL,
  `reject_reason` text CHARACTER SET utf8mb4 COLLATE utf8mb4_unicode_ci,
  `created_at` timestamp NULL DEFAULT NULL,
  `updated_at` timestamp NULL DEFAULT NULL,
  `deleted_at` timestamp NULL DEFAULT NULL,
  PRIMARY KEY (`id`),
  KEY `leave_requests_approved_by_foreign` (`approved_by`),
  KEY `leave_requests_employee_id_status_index` (`employee_id`,`status`),
  KEY `leave_requests_store_id_start_date_index` (`store_id`,`start_date`),
  CONSTRAINT `leave_requests_approved_by_foreign` FOREIGN KEY (`approved_by`) REFERENCES `users` (`id`) ON DELETE SET NULL,
  CONSTRAINT `leave_requests_employee_id_foreign` FOREIGN KEY (`employee_id`) REFERENCES `employees` (`id`) ON DELETE CASCADE,
  CONSTRAINT `leave_requests_store_id_foreign` FOREIGN KEY (`store_id`) REFERENCES `stores` (`id`) ON DELETE CASCADE
) ENGINE=InnoDB DEFAULT CHARSET=utf8mb4 COLLATE=utf8mb4_unicode_ci;
/*!40101 SET character_set_client = @saved_cs_client */;

--
-- Dumping data for table `leave_requests`
--

LOCK TABLES `leave_requests` WRITE;
/*!40000 ALTER TABLE `leave_requests` DISABLE KEYS */;
/*!40000 ALTER TABLE `leave_requests` ENABLE KEYS */;
UNLOCK TABLES;

--
-- Table structure for table `migrations`
--

DROP TABLE IF EXISTS `migrations`;
/*!40101 SET @saved_cs_client     = @@character_set_client */;
/*!50503 SET character_set_client = utf8mb4 */;
CREATE TABLE `migrations` (
  `id` int unsigned NOT NULL AUTO_INCREMENT,
  `migration` varchar(255) CHARACTER SET utf8mb4 COLLATE utf8mb4_unicode_ci NOT NULL,
  `batch` int NOT NULL,
  PRIMARY KEY (`id`)
) ENGINE=InnoDB AUTO_INCREMENT=46 DEFAULT CHARSET=utf8mb4 COLLATE=utf8mb4_unicode_ci;
/*!40101 SET character_set_client = @saved_cs_client */;

--
-- Dumping data for table `migrations`
--

LOCK TABLES `migrations` WRITE;
/*!40000 ALTER TABLE `migrations` DISABLE KEYS */;
INSERT INTO `migrations` VALUES (1,'0001_01_01_000000_create_users_table',1),(2,'0001_01_01_000001_create_cache_table',1),(3,'0001_01_01_000002_create_jobs_table',1),(4,'2025_11_29_220023_create_personal_access_tokens_table',1),(5,'2025_11_29_220222_create_posts_table',1),(6,'2026_03_16_000001_create_organizations_table',2),(7,'2026_03_16_000002_create_regions_table',2),(8,'2026_03_16_000003_create_stores_table',2),(9,'2026_03_16_000004_create_roles_permissions_tables',2),(10,'2026_03_16_000005_create_saas_integrations_tables',2),(11,'2026_03_16_000006_create_product_categories_table',2),(12,'2026_03_16_000007_create_products_tables',2),(14,'2026_03_16_000008_create_suppliers_tables',3),(15,'2026_03_16_000009_create_inventory_tables',3),(16,'2026_03_16_000010_create_ai_assistant_tables',3),(17,'2026_03_16_000011_create_ai_forecast_tables',3),(18,'2026_03_16_000012_create_promotion_tables',3),(19,'2026_03_16_000013_create_competitor_tables',4),(20,'2026_03_16_000014_create_finance_tables',4),(21,'2026_03_16_000015_create_hr_tables',4),(22,'2026_03_16_000016_create_dashboard_report_tables',4),(23,'2026_03_22_070800_add_is_admin_to_users_table',5),(24,'2026_03_22_100000_create_resumes_table',6),(25,'2026_03_22_082441_add_supplier_id_to_products_table',7),(26,'2026_03_22_111908_alter_purchase_orders_move_supplier_to_items',8),(27,'2026_03_30_224524_create_sales_orders_tables',9),(28,'2026_03_30_225348_add_last_sold_out_at_to_inventory_table',10),(29,'2026_03_30_225639_create_product_sellout_logs_table',11),(30,'2026_03_30_230102_rename_last_sold_out_at_and_drop_sellout_logs',12),(31,'2026_03_31_000816_create_inventory_daily_snapshots_table',13),(32,'2026_03_31_004600_create_daily_operation_logs_table',14),(33,'2026_03_31_012733_create_sales_daily_summaries_table',15),(34,'2026_03_31_013104_drop_unused_inventory_sales_tables',16),(35,'2026_03_31_022259_drop_store_products_table',17),(36,'2026_03_31_022902_add_sold_out_at_to_inventory_daily_snapshots',18),(37,'2026_03_31_022902_drop_unused_supplier_finance_tables',18),(38,'2026_03_31_215717_create_sales_uploads_table',19),(39,'2026_04_04_022128_add_username_to_users_table',20),(40,'2026_04_04_025507_add_source_columns_to_sales_daily_summaries',21),(41,'2026_04_07_000001_create_chat_logs_table',22),(42,'2026_04_15_214504_add_failure_fields_to_daily_operation_logs',23),(43,'2026_04_17_000309_create_weather_logs_table',24),(44,'2026_04_29_070457_create_damage_records_table',25),(45,'2026_04_29_070458_create_supplier_refund_claims_tables',25);
/*!40000 ALTER TABLE `migrations` ENABLE KEYS */;
UNLOCK TABLES;

--
-- Table structure for table `organizations`
--

DROP TABLE IF EXISTS `organizations`;
/*!40101 SET @saved_cs_client     = @@character_set_client */;
/*!50503 SET character_set_client = utf8mb4 */;
CREATE TABLE `organizations` (
  `id` bigint unsigned NOT NULL AUTO_INCREMENT,
  `name` varchar(100) CHARACTER SET utf8mb4 COLLATE utf8mb4_unicode_ci NOT NULL,
  `code` varchar(50) CHARACTER SET utf8mb4 COLLATE utf8mb4_unicode_ci NOT NULL,
  `logo_url` varchar(500) CHARACTER SET utf8mb4 COLLATE utf8mb4_unicode_ci DEFAULT NULL,
  `contact_phone` varchar(20) CHARACTER SET utf8mb4 COLLATE utf8mb4_unicode_ci DEFAULT NULL,
  `settings` json DEFAULT NULL COMMENT '系统配置：功能开关、AI参数全局默认值',
  `created_at` timestamp NULL DEFAULT NULL,
  `updated_at` timestamp NULL DEFAULT NULL,
  `deleted_at` timestamp NULL DEFAULT NULL,
  PRIMARY KEY (`id`),
  UNIQUE KEY `organizations_code_unique` (`code`)
) ENGINE=InnoDB AUTO_INCREMENT=2 DEFAULT CHARSET=utf8mb4 COLLATE=utf8mb4_unicode_ci;
/*!40101 SET character_set_client = @saved_cs_client */;

--
-- Dumping data for table `organizations`
--

LOCK TABLES `organizations` WRITE;
/*!40000 ALTER TABLE `organizations` DISABLE KEYS */;
INSERT INTO `organizations` VALUES (1,'舌尖香港','STJXG',NULL,NULL,NULL,'2026-03-22 06:54:14','2026-03-22 06:54:14',NULL);
/*!40000 ALTER TABLE `organizations` ENABLE KEYS */;
UNLOCK TABLES;

--
-- Table structure for table `password_reset_tokens`
--

DROP TABLE IF EXISTS `password_reset_tokens`;
/*!40101 SET @saved_cs_client     = @@character_set_client */;
/*!50503 SET character_set_client = utf8mb4 */;
CREATE TABLE `password_reset_tokens` (
  `email` varchar(255) CHARACTER SET utf8mb4 COLLATE utf8mb4_unicode_ci NOT NULL,
  `token` varchar(255) CHARACTER SET utf8mb4 COLLATE utf8mb4_unicode_ci NOT NULL,
  `created_at` timestamp NULL DEFAULT NULL,
  PRIMARY KEY (`email`)
) ENGINE=InnoDB DEFAULT CHARSET=utf8mb4 COLLATE=utf8mb4_unicode_ci;
/*!40101 SET character_set_client = @saved_cs_client */;

--
-- Dumping data for table `password_reset_tokens`
--

LOCK TABLES `password_reset_tokens` WRITE;
/*!40000 ALTER TABLE `password_reset_tokens` DISABLE KEYS */;
/*!40000 ALTER TABLE `password_reset_tokens` ENABLE KEYS */;
UNLOCK TABLES;

--
-- Table structure for table `permissions`
--

DROP TABLE IF EXISTS `permissions`;
/*!40101 SET @saved_cs_client     = @@character_set_client */;
/*!50503 SET character_set_client = utf8mb4 */;
CREATE TABLE `permissions` (
  `id` bigint unsigned NOT NULL AUTO_INCREMENT,
  `module` varchar(50) CHARACTER SET utf8mb4 COLLATE utf8mb4_unicode_ci NOT NULL COMMENT '模块标识',
  `code` varchar(100) CHARACTER SET utf8mb4 COLLATE utf8mb4_unicode_ci NOT NULL COMMENT '如 inventory.product.create',
  `name` varchar(100) CHARACTER SET utf8mb4 COLLATE utf8mb4_unicode_ci NOT NULL,
  `type` tinyint NOT NULL DEFAULT '2' COMMENT '1:菜单 2:操作 3:数据',
  `created_at` timestamp NULL DEFAULT NULL,
  `updated_at` timestamp NULL DEFAULT NULL,
  PRIMARY KEY (`id`),
  UNIQUE KEY `permissions_code_unique` (`code`),
  KEY `permissions_module_index` (`module`)
) ENGINE=InnoDB AUTO_INCREMENT=44 DEFAULT CHARSET=utf8mb4 COLLATE=utf8mb4_unicode_ci;
/*!40101 SET character_set_client = @saved_cs_client */;

--
-- Dumping data for table `permissions`
--

LOCK TABLES `permissions` WRITE;
/*!40000 ALTER TABLE `permissions` DISABLE KEYS */;
INSERT INTO `permissions` VALUES (1,'dashboard','dashboard.view','查看工作台',1,'2026-03-22 03:50:15','2026-03-22 03:50:15'),(2,'inventory','inventory.view','查看库存',2,'2026-03-22 03:50:15','2026-03-22 03:50:15'),(3,'inventory','inventory.edit','手动修改库存',2,'2026-03-22 03:50:15','2026-03-22 03:50:15'),(4,'inventory','inventory.adjust','盘点调整',2,'2026-03-22 03:50:15','2026-03-22 03:50:15'),(5,'purchase','purchase.view','查看进货单',2,'2026-03-22 03:50:15','2026-03-22 03:50:15'),(6,'purchase','purchase.create','新建进货单',2,'2026-03-22 03:50:15','2026-03-22 03:50:15'),(7,'purchase','purchase.edit','编辑进货单',2,'2026-03-22 03:50:15','2026-03-22 03:50:15'),(8,'purchase','purchase.receive','确认收货',2,'2026-03-22 03:50:15','2026-03-22 03:50:15'),(9,'purchase','purchase.delete','删除进货单',2,'2026-03-22 03:50:15','2026-03-22 03:50:15'),(10,'products','products.view','查看商品',2,'2026-03-22 03:50:15','2026-03-22 03:50:15'),(11,'products','products.create','新增商品',2,'2026-03-22 03:50:15','2026-03-22 03:50:15'),(12,'products','products.edit','编辑商品',2,'2026-03-22 03:50:15','2026-03-22 03:50:15'),(13,'products','products.delete','删除商品',2,'2026-03-22 03:50:15','2026-03-22 03:50:15'),(14,'suppliers','suppliers.view','查看供应商',2,'2026-03-22 03:50:15','2026-03-22 03:50:15'),(15,'suppliers','suppliers.create','新增供应商',2,'2026-03-22 03:50:15','2026-03-22 03:50:15'),(16,'suppliers','suppliers.edit','编辑供应商',2,'2026-03-22 03:50:15','2026-03-22 03:50:15'),(17,'suppliers','suppliers.delete','删除供应商',2,'2026-03-22 03:50:15','2026-03-22 03:50:15'),(18,'expenses','expenses.view','查看支出记录',2,'2026-03-22 03:50:15','2026-03-22 03:50:15'),(19,'expenses','expenses.create','新建支出记录',2,'2026-03-22 03:50:15','2026-03-22 03:50:15'),(20,'expenses','expenses.edit','编辑支出记录',2,'2026-03-22 03:50:15','2026-03-22 03:50:15'),(21,'expenses','expenses.delete','删除支出记录',2,'2026-03-22 03:50:15','2026-03-22 03:50:15'),(22,'expenses','expenses.upload_receipt','上传支付凭证',2,'2026-03-22 03:50:15','2026-03-22 03:50:15'),(23,'expenses','expenses.export','导出财务数据',2,'2026-03-22 03:50:15','2026-03-22 03:50:15'),(24,'resumes','resumes.view','查看简历库',2,'2026-03-22 03:50:15','2026-03-22 03:50:15'),(25,'resumes','resumes.create','新增简历',2,'2026-03-22 03:50:15','2026-03-22 03:50:15'),(26,'resumes','resumes.edit','编辑简历',2,'2026-03-22 03:50:15','2026-03-22 03:50:15'),(27,'resumes','resumes.delete','删除简历',2,'2026-03-22 03:50:15','2026-03-22 03:50:15'),(28,'resumes','resumes.upload','批量上传简历',2,'2026-03-22 03:50:15','2026-03-22 03:50:15'),(29,'ai_assistant','ai_assistant.use','使用 AI 助手',2,'2026-03-22 03:50:15','2026-03-22 03:50:15'),(30,'ai_assistant','ai_assistant.report','实况上报',2,'2026-03-22 03:50:15','2026-03-22 03:50:15'),(31,'reports','reports.view','查看报表',1,'2026-03-22 03:50:15','2026-03-22 03:50:15'),(32,'reports','reports.export','导出报表',2,'2026-03-22 03:50:15','2026-03-22 03:50:15'),(33,'competitor','competitor.view','查看竞品数据',2,'2026-03-22 03:50:15','2026-03-22 03:50:15'),(34,'competitor','competitor.upload','上传竞品情报',2,'2026-03-22 03:50:15','2026-03-22 03:50:15'),(35,'competitor','competitor.edit','维护竞品数据',2,'2026-03-22 03:50:15','2026-03-22 03:50:15'),(36,'users','users.view','查看用户',2,'2026-03-22 03:50:15','2026-03-22 03:50:15'),(37,'users','users.create','新增用户',2,'2026-03-22 03:50:15','2026-03-22 03:50:15'),(38,'users','users.edit','编辑用户',2,'2026-03-22 03:50:15','2026-03-22 03:50:15'),(39,'users','users.delete','删除用户',2,'2026-03-22 03:50:15','2026-03-22 03:50:15'),(40,'roles','roles.view','查看角色',2,'2026-03-22 03:50:15','2026-03-22 03:50:15'),(41,'roles','roles.create','新建角色',2,'2026-03-22 03:50:15','2026-03-22 03:50:15'),(42,'roles','roles.edit','编辑角色',2,'2026-03-22 03:50:15','2026-03-22 03:50:15'),(43,'roles','roles.delete','删除角色',2,'2026-03-22 03:50:15','2026-03-22 03:50:15');
/*!40000 ALTER TABLE `permissions` ENABLE KEYS */;
UNLOCK TABLES;

--
-- Table structure for table `personal_access_tokens`
--

DROP TABLE IF EXISTS `personal_access_tokens`;
/*!40101 SET @saved_cs_client     = @@character_set_client */;
/*!50503 SET character_set_client = utf8mb4 */;
CREATE TABLE `personal_access_tokens` (
  `id` bigint unsigned NOT NULL AUTO_INCREMENT,
  `tokenable_type` varchar(255) CHARACTER SET utf8mb4 COLLATE utf8mb4_unicode_ci NOT NULL,
  `tokenable_id` bigint unsigned NOT NULL,
  `name` text CHARACTER SET utf8mb4 COLLATE utf8mb4_unicode_ci NOT NULL,
  `token` varchar(64) CHARACTER SET utf8mb4 COLLATE utf8mb4_unicode_ci NOT NULL,
  `abilities` text CHARACTER SET utf8mb4 COLLATE utf8mb4_unicode_ci,
  `last_used_at` timestamp NULL DEFAULT NULL,
  `expires_at` timestamp NULL DEFAULT NULL,
  `created_at` timestamp NULL DEFAULT NULL,
  `updated_at` timestamp NULL DEFAULT NULL,
  PRIMARY KEY (`id`),
  UNIQUE KEY `personal_access_tokens_token_unique` (`token`),
  KEY `personal_access_tokens_tokenable_type_tokenable_id_index` (`tokenable_type`,`tokenable_id`),
  KEY `personal_access_tokens_expires_at_index` (`expires_at`)
) ENGINE=InnoDB AUTO_INCREMENT=91 DEFAULT CHARSET=utf8mb4 COLLATE=utf8mb4_unicode_ci;
/*!40101 SET character_set_client = @saved_cs_client */;

--
-- Dumping data for table `personal_access_tokens`
--

LOCK TABLES `personal_access_tokens` WRITE;
/*!40000 ALTER TABLE `personal_access_tokens` DISABLE KEYS */;
INSERT INTO `personal_access_tokens` VALUES (1,'App\\Models\\User',1,'auth_token','7ccc1389d66d4a7d19ee1c1caf974060542d7809a3e68e3a222bb76f44653445','[\"*\"]','2026-03-21 22:59:53',NULL,'2026-03-21 22:59:53','2026-03-21 22:59:53'),(2,'App\\Models\\User',1,'auth_token','a644b61170ca3ba215bbc804dc4ff27859aa781b24f9e63bfa14f0c74e90e8c9','[\"*\"]','2026-03-21 23:00:01',NULL,'2026-03-21 23:00:01','2026-03-21 23:00:01'),(3,'App\\Models\\User',1,'auth_token','edebd19e13681dad4e64c468b7bf89a4ce853cbc0c12ae2d9c1e4d829395dab0','[\"*\"]','2026-03-30 20:22:35',NULL,'2026-03-30 20:22:08','2026-03-30 20:22:35'),(4,'App\\Models\\User',8,'auth_token','399e32286dd14371799c470fc314a054fc04b0168d5885bbe33a9b6713839a5d','[\"*\"]','2026-03-30 20:22:14',NULL,'2026-03-30 20:22:10','2026-03-30 20:22:14'),(5,'App\\Models\\User',8,'auth_token','57a8ecbb6ac862c8c24367b3d521de65ba88fc9e27a41f5b3cec18327c1e0541','[\"*\"]','2026-03-30 20:23:07',NULL,'2026-03-30 20:22:12','2026-03-30 20:23:07'),(6,'App\\Models\\User',8,'auth_token','351a03336de9f3b40789733bfcdfb4935b208036e0d74868b4cd11787b957441','[\"*\"]','2026-03-30 20:22:20',NULL,'2026-03-30 20:22:13','2026-03-30 20:22:20'),(7,'App\\Models\\User',8,'auth_token','45b3ff2439e32155ec4957bcfcaaa776b1c46423928456ffe54dc6fd023c7ae0','[\"*\"]','2026-03-30 20:22:48',NULL,'2026-03-30 20:22:13','2026-03-30 20:22:48'),(8,'App\\Models\\User',8,'auth_token','9d1c8c081b06c2119ac577152a94996c73934e89d427a53cd31065c29ca576e6','[\"*\"]','2026-03-30 20:22:37',NULL,'2026-03-30 20:22:26','2026-03-30 20:22:37'),(9,'App\\Models\\User',8,'auth_token','6dfac3cf31759b1387101c998a10c27bf341422feacc4571d978b36e956ba7a0','[\"*\"]','2026-03-30 20:34:27',NULL,'2026-03-30 20:34:27','2026-03-30 20:34:27'),(10,'App\\Models\\User',8,'auth_token','f252079aefa1eff21fb9cf64da16d79e34b36aea721908714c7087625f60f80a','[\"*\"]','2026-03-30 20:43:14',NULL,'2026-03-30 20:43:14','2026-03-30 20:43:14'),(11,'App\\Models\\User',8,'auth_token','66c346a2752d3ba00c46e4aa8ec898bd62f04bcce6a587e2743f9ae48ad56c1d','[\"*\"]','2026-03-30 21:22:10',NULL,'2026-03-30 21:20:41','2026-03-30 21:22:10'),(12,'App\\Models\\User',8,'auth_token','cb70b36c6686e9513c2e4eaf76cebbe304064c544de5ea6c14e61bb661e479c1','[\"*\"]','2026-03-30 21:27:01',NULL,'2026-03-30 21:27:01','2026-03-30 21:27:01'),(13,'App\\Models\\User',8,'auth_token','a54344d8953b5775aa6751cdc602feb19f9c93cebcb86ad9d9a684f0281a2092','[\"*\"]','2026-03-30 21:27:34',NULL,'2026-03-30 21:27:34','2026-03-30 21:27:34'),(14,'App\\Models\\User',8,'auth_token','be90e08b3c67c72aa7b17e842656f9cbb1f646b22f193ee69000acc68aa3ab3f','[\"*\"]','2026-03-30 21:43:45',NULL,'2026-03-30 21:43:45','2026-03-30 21:43:45'),(15,'App\\Models\\User',9,'skill-token','dc47e2339c73300bf03d2ad33ae54f5836789d94377175c2588c55c142925873','[\"*\"]','2026-04-01 01:27:04',NULL,'2026-03-30 22:25:46','2026-04-01 01:27:04'),(16,'App\\Models\\User',8,'auth_token','8e021ce3d1ee562284305cbc8de2164c2899dfbb8a16bdcded52dc61901bbe23','[\"*\"]','2026-03-30 22:26:05',NULL,'2026-03-30 22:26:05','2026-03-30 22:26:05'),(17,'App\\Models\\User',8,'auth_token','de198f7c3a34fb6ed4838a8364c74f1e0271d7a142bc75ea3b3ce1e3fe7400ef','[\"*\"]','2026-03-31 22:00:55',NULL,'2026-03-31 21:59:50','2026-03-31 22:00:55'),(18,'App\\Models\\User',1,'debug','c310ac2399e61ba3e64780c301ef6ae2ad488baa54ef95069c102ea5fc01467d','[\"*\"]','2026-04-03 13:48:34',NULL,'2026-04-03 13:48:10','2026-04-03 13:48:34'),(19,'App\\Models\\User',8,'debug','6fc2aaa582ecbf5e653e613c6dd65c65bfdddc36d48862f42558194d0f0cef77','[\"*\"]','2026-04-03 13:48:43',NULL,'2026-04-03 13:48:40','2026-04-03 13:48:43'),(20,'App\\Models\\User',9,'debug','f1246d668d9ecacbc16b9433ecf70eb88390b34c28354ad9b8346debdebbfdf3','[\"store:2\"]','2026-04-03 13:49:30',NULL,'2026-04-03 13:49:27','2026-04-03 13:49:30'),(21,'App\\Models\\User',10,'auth_token','e7bc10d766b0422b5aa35aad337f1a69ccf875eb3e3b9e2c7d6b80502577ea26','[\"store:1\"]','2026-04-03 13:58:58',NULL,'2026-04-03 13:54:08','2026-04-03 13:58:58'),(22,'App\\Models\\User',1,'auth_token','a730987954c054821b492c19d2cdf708470427ced9ff32318fafa8c6e5a39377','[\"store:2\"]',NULL,NULL,'2026-04-03 18:19:47','2026-04-03 18:19:47'),(23,'App\\Models\\User',1,'auth_token','de38735ee503e46018978a43f3d63edb152ffc3a46c26158a9d8176a1aaa5417','[\"store:2\"]',NULL,NULL,'2026-04-03 18:22:10','2026-04-03 18:22:10'),(24,'App\\Models\\User',1,'auth_token','4cb740e1221b7db932eddcb35c757aeda9f265ca8d97368afb2095069182bd69','[\"store:2\"]',NULL,NULL,'2026-04-03 18:22:13','2026-04-03 18:22:13'),(25,'App\\Models\\User',1,'auth_token','e5eb3ea2bdfcf9b593f37783ad1851270709dd79656df380a224c34bb36ea430','[\"store:2\"]',NULL,NULL,'2026-04-03 18:40:27','2026-04-03 18:40:27'),(26,'App\\Models\\User',1,'auth_token','1702f632aa07147551290c464490db7822e3c536a3786a1495dfbfaa045bb4f5','[\"store:2\"]',NULL,NULL,'2026-04-03 18:44:34','2026-04-03 18:44:34'),(27,'App\\Models\\User',1,'auth_token','b78ea413c2721eef45564c8169975e11361a7d2a06faca69a7e0a026800698dd','[\"store:2\"]',NULL,NULL,'2026-04-03 18:44:59','2026-04-03 18:44:59'),(28,'App\\Models\\User',1,'auth_token','8b7cac307e03cfc5fa2b2f3ba8f5ecdf98a55e55c1441b0b8d2d4dfe466a7c72','[\"store:2\"]',NULL,NULL,'2026-04-03 18:45:06','2026-04-03 18:45:06'),(29,'App\\Models\\User',1,'auth_token','1c745d59953062b00534f8100e1451928e15fd0e2b25a7f660bf504cefbf70cb','[\"store:2\"]',NULL,NULL,'2026-04-03 18:45:37','2026-04-03 18:45:37'),(30,'App\\Models\\User',1,'auth_token','cdd1b6bb55677696cf5ee5cb780c2d40cd18ce0dd3d8eef53930370e98f04fcd','[\"store:2\"]',NULL,NULL,'2026-04-03 18:47:00','2026-04-03 18:47:00'),(31,'App\\Models\\User',1,'auth_token','dd9a2e29abc2c3a14a6d5de569b4ea7cfb965c55e1831e1a9676c0852fac3100','[\"store:2\"]',NULL,NULL,'2026-04-03 18:47:14','2026-04-03 18:47:14'),(32,'App\\Models\\User',1,'auth_token','fd6d090a7b93c1e8c8ef87ea353a06c2d4172b6de31727896eddf39bc535048e','[\"store:2\"]',NULL,NULL,'2026-04-03 19:35:21','2026-04-03 19:35:21'),(33,'App\\Models\\User',1,'auth_token','aa45ed24cfacec23ca76b14611febc174f509d6d982ceeccbe4bf091ec35ef7b','[\"store:2\"]',NULL,NULL,'2026-04-03 19:58:41','2026-04-03 19:58:41'),(34,'App\\Models\\User',11,'auth_token','5bf5f8575dd87d8d88cf54340b7457d00a57033fe189abce35347f18fb79148c','[\"store:3\"]',NULL,NULL,'2026-04-03 22:20:56','2026-04-03 22:20:56'),(35,'App\\Models\\User',11,'auth_token','fd1d25c7e8541a699e5c5cc8d24d7eba8200fcc1a351fb24333f389ba80b642b','[\"store:3\"]',NULL,NULL,'2026-04-03 22:25:36','2026-04-03 22:25:36'),(36,'App\\Models\\User',11,'auth_token','b371e885fa2016321e6fe0daf51139e4145ace19dc6ff9d1a039163f5113195c','[\"store:3\"]',NULL,NULL,'2026-04-04 09:32:28','2026-04-04 09:32:28'),(37,'App\\Models\\User',11,'auth_token','3e797489f56441315e08d741344b205246256afde3d8a82715ff141187cacef9','[\"store:3\"]',NULL,NULL,'2026-04-06 17:06:04','2026-04-06 17:06:04'),(38,'App\\Models\\User',1,'openclaw','4c276ea6f36714a385fc6b45abbdecf2cdff192d58458b1c54d5ce747e0384da','[\"*\"]',NULL,NULL,'2026-04-06 23:45:53','2026-04-06 23:45:53'),(39,'App\\Models\\User',1,'auth_token','f158a61f216c9ccc30db7adb371501d77084ff328c75b584983a38025c4e8aa1','[\"store:2\"]',NULL,NULL,'2026-04-06 23:47:25','2026-04-06 23:47:25'),(40,'App\\Models\\User',1,'api:Demo User','f431bec6ee1887999063ea6e8bf533e67718a28e9ea809aa0486536be662988f','[\"*\"]',NULL,NULL,'2026-04-11 05:06:50','2026-04-11 05:06:50'),(41,'App\\Models\\User',2,'api:Mr. Erick Stracke DDS','2c04679ab4358ded95a553d8e115f98db323cd170241f4d60f1e3f83175fc440','[\"*\"]',NULL,NULL,'2026-04-11 05:06:50','2026-04-11 05:06:50'),(42,'App\\Models\\User',3,'api:郑志远','94f605169af394ca62ea3dcf3565add3e56bca0e29f4d7173afb734555ce1ee5','[\"*\"]',NULL,NULL,'2026-04-11 05:06:50','2026-04-11 05:06:50'),(43,'App\\Models\\User',4,'api:Isidro Kuhic','6e69a2ca8a14a1bda5f50f2d92034b8f09eba7b767af1356f7e653fc95879f96','[\"*\"]',NULL,NULL,'2026-04-11 05:06:50','2026-04-11 05:06:50'),(44,'App\\Models\\User',5,'api:Ernest Ryan','d5b2b1b533ad9d0ec4308a5dcb3a5863309d8c8e39c45e6a027db3fa3d83bc2e','[\"*\"]',NULL,NULL,'2026-04-11 05:06:50','2026-04-11 05:06:50'),(45,'App\\Models\\User',6,'api:Marina Mraz','76ea477111bfa9464da346a6e3a0b73fe19a3be46cba6eaa9a2533af823380df','[\"*\"]',NULL,NULL,'2026-04-11 05:06:50','2026-04-11 05:06:50'),(46,'App\\Models\\User',8,'api:超级管理员','b655a1486c40d0b0cf8113b967ce78cead06d4ba72ca4416a6d74f850cf12bc2','[\"*\"]',NULL,NULL,'2026-04-11 05:06:50','2026-04-11 05:06:50'),(47,'App\\Models\\User',9,'api:西湾河店员','d9c16372d6f8ff85a0c84425005762e26709bb1ab928e8f3ed5a1a2593e78b67','[\"*\"]',NULL,NULL,'2026-04-11 05:06:50','2026-04-11 05:06:50'),(48,'App\\Models\\User',10,'api:测试用户','6a71e4e4853de0a9d3233568a58dc6091481afeb077b5309c9e503c82184a166','[\"*\"]',NULL,NULL,'2026-04-11 05:06:50','2026-04-11 05:06:50'),(49,'App\\Models\\User',11,'api:david','7721d5e94c1460b85e5b0d62e5298aa8167bc457fce4aa46d839818c18309303','[\"*\"]',NULL,NULL,'2026-04-11 05:06:50','2026-04-11 05:06:50'),(50,'App\\Models\\User',1,'api:new','d9a6d3576c353ad7f01fc2124f14dabcd0a853ef841192edabbee74bc1c160bc','[\"*\"]',NULL,NULL,'2026-04-11 12:57:50','2026-04-11 12:57:50'),(51,'App\\Models\\User',1,'api:1','a5886d734eee83b7e2abaa174b2a01aea42bed082523644fa2c67842dbc26485','[\"*\"]',NULL,NULL,'2026-04-11 12:58:16','2026-04-11 12:58:16'),(52,'App\\Models\\User',1,'api:2','e09562289d17c94b7ac1c13207e46338df4b3f63afd8989d1db724519680c348','[\"*\"]','2026-04-11 14:02:44',NULL,'2026-04-11 12:58:28','2026-04-11 14:02:44'),(53,'App\\Models\\User',1,'api:1','4ec7962e39f5171f5b7e48356aa6654df24904ad8509293d43524fdbcef3ecda','[\"*\"]','2026-04-15 15:48:14',NULL,'2026-04-15 13:34:32','2026-04-15 15:48:14'),(54,'App\\Models\\User',11,'api:2','0564953d9b33e94973e0807f3c17f64793ee2fc227cbeb8a23abe73313ac4b89','[\"*\"]','2026-04-15 15:11:18',NULL,'2026-04-15 14:48:48','2026-04-15 15:11:18'),(55,'App\\Models\\User',10,'api:3','d1e72cc9cb3e673b8eb154b6c3a5ce0415256270c56039b25ab633c270f05111','[\"*\"]','2026-04-16 04:37:18',NULL,'2026-04-15 15:52:29','2026-04-16 04:37:18'),(56,'App\\Models\\User',11,'api:333','7f16b43c2e0cd4e0b8e9ea0aa2136874618e02d75f238db2779a7597abd59e4d','[\"*\"]','2026-04-16 02:11:15',NULL,'2026-04-15 17:00:22','2026-04-16 02:11:15'),(57,'App\\Models\\User',11,'api:david','208c094169cb25e8a24a55b43b708739a53453135da69c0db65ce3f265fda9a8','[\"*\"]','2026-04-16 05:45:31',NULL,'2026-04-16 04:50:32','2026-04-16 05:45:31'),(58,'App\\Models\\User',11,'api:米','686ac67dc1113e13de49f396a3b8e2a2859174f1d7212f822b51a6175155e16e','[\"*\"]','2026-04-16 23:04:08',NULL,'2026-04-16 06:16:42','2026-04-16 23:04:08'),(59,'App\\Models\\User',5,'api:12','8bb592b0370b1f8a2802ec200737ee8d0cca379fe5519ada003af03684fc7180','[\"*\"]',NULL,NULL,'2026-04-16 06:26:39','2026-04-16 06:26:39'),(60,'App\\Models\\User',11,'api:peter','320ea110a05c576c407e2efedaa07b2b7e0a88f93ac3bcb79115f9bed999aafe','[\"*\"]',NULL,NULL,'2026-04-16 14:33:35','2026-04-16 14:33:35'),(61,'App\\Models\\User',5,'api:KT','dfa7b448f02ccace38ac330e85917efec50e10305d5cb4b7e03e59745112ca64','[\"*\"]','2026-04-16 14:45:32',NULL,'2026-04-16 14:34:04','2026-04-16 14:45:32'),(62,'App\\Models\\User',8,'auth_token','fb069541a7fe9d98329eb8af56209e7b961c343d564e9e14b4523728d50583d7','[\"store:3\"]','2026-04-16 16:05:33','2026-05-16 15:57:03','2026-04-16 15:57:03','2026-04-16 16:05:33'),(63,'App\\Models\\User',1,'auth_token','5892f7a75f0716ac52a347612a59ea12818e14af772d586029829f373e3b985a','[\"store:2\"]',NULL,'2026-05-26 10:13:38','2026-04-26 10:13:38','2026-04-26 10:13:38'),(66,'App\\Models\\User',1,'auth_token','f52311ced3498c8eaa69f0d1ffc20e68fbcb49d914dde527a1577f53c6767705','[\"store:2\"]',NULL,'2026-05-26 10:21:23','2026-04-26 10:21:23','2026-04-26 10:21:23'),(67,'App\\Models\\User',1,'auth_token','6f3d8c761c730ae817d7a9643f31227a3956ac4f8d168fc877052d784a3f27e8','[\"store:2\"]',NULL,'2026-05-26 10:25:25','2026-04-26 10:25:25','2026-04-26 10:25:25'),(68,'App\\Models\\User',12,'auth_token','1df0bdf92ced3499f22bdc08b20a759fc4e6392ea407e0b3f6058c379be44851','[\"store:1\"]','2026-04-26 11:57:55','2026-05-26 11:25:27','2026-04-26 11:25:27','2026-04-26 11:57:55'),(69,'App\\Models\\User',12,'auth_token','4edf0197e0fc37f5c724fc602661ffc879952f4045765c4ae08eb02a4ad76385','[\"store:1\"]','2026-04-27 14:42:13','2026-05-27 06:44:52','2026-04-27 06:44:52','2026-04-27 14:42:13'),(70,'App\\Models\\User',12,'auth_token','bd8adcc507299605435240b93aae10e630e411050da3f39800202f5ecc0bb596','[\"store:1\"]','2026-05-11 12:29:00','2026-05-27 08:10:58','2026-04-27 08:10:58','2026-05-11 12:29:00'),(71,'App\\Models\\User',12,'auth_token','852647b6a71eaac8e6d04cca5f5cf289a5a728514c21d11e6105ac3759d1011b','[\"store:1\"]','2026-04-27 13:33:04','2026-05-27 13:28:27','2026-04-27 13:28:27','2026-04-27 13:33:04'),(72,'App\\Models\\User',1,'test','3e7faa88d7240e58ddb2c3d54774575ecae839617733309573c84714a21ed633','[\"*\"]',NULL,NULL,'2026-04-27 13:29:57','2026-04-27 13:29:57'),(73,'App\\Models\\User',1,'test','996e1db327488cfcb4d2896cfd690b6d4f6f960208f82598a524b116109ee057','[\"*\"]','2026-04-27 13:55:55',NULL,'2026-04-27 13:36:35','2026-04-27 13:55:55'),(74,'App\\Models\\User',12,'auth_token','eac63c6ac10e7b25bedc449eb343616607c7ae01a837e2770170efbae13807a9','[\"store:1\"]','2026-04-27 13:53:50','2026-05-27 13:36:41','2026-04-27 13:36:41','2026-04-27 13:53:50'),(75,'App\\Models\\User',1,'test','5b52248145f0c9fb053f5ec4ca2abe979867e17f8775a64c9706103685bffdab','[\"*\"]','2026-04-27 13:57:51',NULL,'2026-04-27 13:56:41','2026-04-27 13:57:51'),(76,'App\\Models\\User',12,'auth_token','15980e03d8f1de6ba1bf9cec83cafe5550e8e4f6d922a5cdb07f6c4a0256f06d','[\"store:1\"]','2026-04-27 14:59:03','2026-05-27 14:58:40','2026-04-27 14:58:40','2026-04-27 14:59:03'),(77,'App\\Models\\User',1,'auth_token','a533ff6af8a683841106c546fc934cda77efc7e38362996b64c5dbea40913f37','[\"store:2\"]','2026-05-11 13:48:37','2026-05-28 00:48:32','2026-04-28 00:48:32','2026-05-11 13:48:37'),(78,'App\\Models\\User',13,'auth_token','36bab91df317c46f6b0a9c37eead0175906ef16db4e924a5da0dc7786f72cc8f','[\"store:1\"]','2026-05-11 12:17:09','2026-05-28 04:45:31','2026-04-28 04:45:31','2026-05-11 12:17:09'),(79,'App\\Models\\User',12,'auth_token','1cd729766e44240901ab9b62984707ccdd1fbf629a3bb5770b853a896cc8137d','[\"store:1\"]','2026-04-28 23:52:39','2026-05-28 22:06:00','2026-04-28 22:06:00','2026-04-28 23:52:39'),(80,'App\\Models\\User',14,'api:tom','63aa5b6ca7028a74c6f55645c7be096b51b00912f0531fd61c932e8c35a36ca5','[\"*\"]',NULL,NULL,'2026-05-10 21:19:26','2026-05-10 21:19:26'),(82,'App\\Models\\User',12,'auth_token','44ea6fdb0208e66ce5c1d0be6acbb05edfa30a76e5891fd3417fd7ce9906b7f4','[\"store:1\"]','2026-05-10 21:43:30','2026-06-09 21:43:30','2026-05-10 21:43:30','2026-05-10 21:43:30'),(84,'App\\Models\\User',12,'auth_token','3e71b5cb69b10f58f5423c650a3a436a098161671b65c5216e69fc85b9e81690','[\"store:1\"]','2026-05-11 01:04:31','2026-06-09 23:52:21','2026-05-10 23:52:21','2026-05-11 01:04:31'),(85,'App\\Models\\User',12,'auth_token','70c93b75661591be2eafb5a7f2283907fb37d9929cd7846b9c2851fdde78480f','[\"store:1\"]','2026-05-10 23:53:46','2026-06-09 23:53:41','2026-05-10 23:53:41','2026-05-10 23:53:46'),(86,'App\\Models\\User',12,'auth_token','07dea6da52423266f4a478a342da4681db7026d0c63c48eb63cde41d2b0ce0c1','[\"store:1\"]','2026-05-11 11:55:27','2026-06-10 11:43:45','2026-05-11 11:43:45','2026-05-11 11:55:27'),(87,'App\\Models\\User',12,'auth_token','d7aadd57c20c3a5339ae18c04563a7792f0806b97c475d4ded4009921788a4fd','[\"store:1\"]','2026-05-11 11:51:45','2026-06-10 11:49:55','2026-05-11 11:49:55','2026-05-11 11:51:45'),(88,'App\\Models\\User',12,'auth_token','e0ba2cdc263c8e3d6f9f46384db63f42afde8788475241aa685b80052fb945dd','[\"store:1\"]','2026-05-11 12:17:36','2026-06-10 12:16:56','2026-05-11 12:16:56','2026-05-11 12:17:36'),(89,'App\\Models\\User',12,'auth_token','1c76a07d764ffdaa3e495c6c9e6b35911e3d703a0a3aa63e06b11b74cbb1828a','[\"store:1\"]','2026-05-11 13:09:07','2026-06-10 12:58:31','2026-05-11 12:58:31','2026-05-11 13:09:07'),(90,'App\\Models\\User',12,'auth_token','d76c90e32c8f9a614d11449c755fae82729fcb2e3b47a3ff6ba4d0aa72348457','[\"store:1\"]','2026-05-11 13:26:14','2026-06-10 13:22:45','2026-05-11 13:22:45','2026-05-11 13:26:14');
/*!40000 ALTER TABLE `personal_access_tokens` ENABLE KEYS */;
UNLOCK TABLES;

--
-- Table structure for table `posts`
--

DROP TABLE IF EXISTS `posts`;
/*!40101 SET @saved_cs_client     = @@character_set_client */;
/*!50503 SET character_set_client = utf8mb4 */;
CREATE TABLE `posts` (
  `id` bigint unsigned NOT NULL AUTO_INCREMENT,
  `user_id` bigint unsigned NOT NULL,
  `title` varchar(255) CHARACTER SET utf8mb4 COLLATE utf8mb4_unicode_ci NOT NULL,
  `content` text CHARACTER SET utf8mb4 COLLATE utf8mb4_unicode_ci NOT NULL,
  `published` tinyint(1) NOT NULL DEFAULT '0',
  `created_at` timestamp NULL DEFAULT NULL,
  `updated_at` timestamp NULL DEFAULT NULL,
  PRIMARY KEY (`id`),
  KEY `posts_user_id_foreign` (`user_id`),
  CONSTRAINT `posts_user_id_foreign` FOREIGN KEY (`user_id`) REFERENCES `users` (`id`) ON DELETE CASCADE
) ENGINE=InnoDB AUTO_INCREMENT=19 DEFAULT CHARSET=utf8mb4 COLLATE=utf8mb4_unicode_ci;
/*!40101 SET character_set_client = @saved_cs_client */;

--
-- Dumping data for table `posts`
--

LOCK TABLES `posts` WRITE;
/*!40000 ALTER TABLE `posts` DISABLE KEYS */;
INSERT INTO `posts` VALUES (1,1,'Eos et optio ea earum.','Dolor consequatur voluptatem deserunt reprehenderit et officiis. Eum dignissimos architecto sapiente saepe veniam rerum et.\n\nUt ducimus dolorem sed soluta veniam. Ullam sint asperiores qui ullam occaecati magni enim qui. Iure quos fuga et omnis exercitationem repellat maiores impedit.\n\nEt quis quo laboriosam magni et cumque et rerum. Magni ut excepturi minus aut non dicta. Distinctio aut et aut cum.',1,'2026-03-15 07:56:52','2026-03-15 07:56:52'),(2,1,'Aut harum eum nisi voluptatibus explicabo.','Deserunt dolor nihil dolorum temporibus quas. Blanditiis amet suscipit cupiditate autem. Atque ut perferendis quasi sit ipsa ab in omnis. Vel incidunt eos et numquam fuga omnis accusamus.\n\nIn doloribus quaerat quia minima necessitatibus fugiat. Officiis occaecati deleniti qui incidunt. Quas veniam voluptas ex ut magnam. Iste illo rem officia porro eveniet aut.\n\nAdipisci blanditiis soluta eos quidem dolorem consequuntur. Deserunt molestiae voluptatibus aut nam eaque. Velit veritatis harum dolorum quaerat repudiandae.',1,'2026-03-15 07:56:52','2026-03-15 07:56:52'),(3,1,'Est vitae placeat quia iusto magni facilis quia.','Tempora sint nam sunt id nostrum autem ducimus. Consectetur aperiam quam consequatur laborum aut asperiores qui. Laboriosam ipsa laboriosam rerum et et quia dignissimos error. Ullam eum distinctio ullam maiores sunt fuga quam ratione. Amet voluptatibus repellat tempora voluptatem explicabo iusto.\n\nCulpa autem a aperiam aspernatur dolorem eligendi. Veritatis ea non facilis.\n\nEsse repellat soluta autem a placeat rerum. Sed nemo nihil voluptates sunt natus consequatur enim. Rerum voluptas tempore in veritatis et.',0,'2026-03-15 07:56:52','2026-03-15 07:56:52'),(4,1,'Nihil veniam repellat enim dicta rem.','Et fugit autem quasi vel aut asperiores. Omnis eum ut in sint. Beatae quidem et optio expedita assumenda id in. Tempora minus rem dolores eos.\n\nEt voluptas minima qui non vitae rem hic qui. Consequuntur laborum eligendi voluptatem qui. Quia quisquam qui facilis saepe nam. Laboriosam sit quia quis nostrum est sequi.\n\nEt sed voluptatem quis impedit non dolorem eos. Aut deserunt ipsa quia necessitatibus. Voluptate sit repellat aut perspiciatis ut voluptatem laboriosam. Itaque sunt qui eos amet.',0,'2026-03-15 07:56:52','2026-03-15 07:56:52'),(5,1,'Laborum optio quia cupiditate aut magni quasi aliquam.','Distinctio hic accusantium consequatur soluta illo libero. Voluptatum pariatur nisi qui quo sed aperiam quia. Quisquam sit occaecati perspiciatis non temporibus ea.\n\nDoloremque consequatur omnis soluta voluptas. Atque cupiditate et quis enim optio et autem. Quam esse perspiciatis consectetur possimus facilis est asperiores ea. Voluptatum natus quis velit cupiditate.\n\nItaque culpa necessitatibus doloribus architecto. Ab sunt libero numquam assumenda. Voluptas fuga omnis ea itaque.',0,'2026-03-15 07:56:52','2026-03-15 07:56:52'),(6,2,'Porro impedit magnam placeat molestiae rerum molestiae omnis.','Voluptatibus non possimus quasi sunt maxime aut reiciendis. Dolor est placeat et similique. Facilis officiis vel vel iste at consequatur.\n\nExercitationem sit quia itaque voluptatem sit ea laudantium. Quibusdam similique est itaque et quasi dicta. Eos error sint repellat nihil occaecati soluta.\n\nVoluptatem facere cumque voluptatem suscipit dolore assumenda. Suscipit corporis cum enim. Voluptas ex eligendi id et qui enim. Magnam sunt et qui. Ea error perferendis est qui.',1,'2026-03-15 07:56:52','2026-03-15 07:56:52'),(7,2,'Eligendi qui nihil ullam repellat incidunt quos.','Blanditiis a aut cumque optio ut repellendus explicabo neque. Tenetur quo esse quia consequuntur. Nisi laudantium quia ut quasi dolorem aut eveniet. Voluptatem et quia voluptatibus.\n\nIpsam eius velit iste repellendus unde ut aut. Beatae vero dolor quia itaque fugiat facilis et doloribus. Culpa optio eius id nulla deserunt corrupti animi. Non porro quos animi.\n\nConsequatur deleniti atque porro. Occaecati magni dolores architecto labore saepe. Repellat omnis perspiciatis et veritatis nesciunt facere ea.',0,'2026-03-15 07:56:52','2026-03-15 07:56:52'),(8,2,'Ducimus molestiae voluptatem quibusdam quis et quasi officia.','Pariatur sit optio perferendis. Ut aliquid dignissimos aut sint aut. Reiciendis fuga quia earum error accusamus impedit. Natus facere nesciunt in corrupti tempora fugiat.\n\nIure corporis error in. Dolores quis et consectetur iusto. Numquam sequi sit consectetur voluptas voluptatum possimus.\n\nAccusantium id non in pariatur totam. Recusandae est quisquam aperiam totam quas magni ut et. Nisi eius ipsum corrupti accusantium cum amet. Aut praesentium tempore sequi eaque. Tenetur laborum ex culpa et consequatur.',1,'2026-03-15 07:56:52','2026-03-15 07:56:52'),(9,3,'Quibusdam consequatur consectetur corporis.','Rerum iusto nihil sit sunt qui fugit. Dolore maiores est distinctio.\n\nQuia officia atque error ad ea. Laudantium alias totam voluptas. Voluptate earum provident non maxime tempora voluptas ducimus.\n\nSint est recusandae voluptas hic quia consequatur. Sed suscipit nisi eligendi aspernatur molestiae et aut. Quasi alias et odio ipsa placeat labore amet. Repellat sit temporibus odio et aliquid iusto sed excepturi.',1,'2026-03-15 07:56:52','2026-03-15 07:56:52'),(10,3,'Numquam nam voluptatem esse veniam nemo at et.','Sed voluptatem et illo corporis et eaque inventore. Esse possimus libero repellendus libero. Eaque quisquam quod rerum temporibus ipsam veniam in.\n\nPerferendis est assumenda omnis in quo excepturi. A natus odit quia facilis. Officiis architecto vel vitae nihil sunt.\n\nNumquam expedita deserunt aut illum quo totam rerum. Iste eveniet vel mollitia enim. Et et facere quidem. Tenetur et dolorum repellendus quo dolor dolores. Quas ea qui quibusdam alias modi consequatur ut.',1,'2026-03-15 07:56:52','2026-03-15 07:56:52'),(11,4,'Voluptas et distinctio aperiam quos eligendi dolore.','Consequatur quisquam fugiat dolor aliquid. Quos labore molestias cumque voluptas eaque. Voluptas aut doloremque accusantium. Cupiditate ullam voluptates id et ullam.\n\nAut repellat et accusamus dicta. Dicta et et aliquid illo. Est quasi rerum rerum aliquid aliquam.\n\nConsequatur provident et autem omnis aut dignissimos incidunt ut. Dicta consequuntur quisquam quam nostrum dolorum magni aliquid adipisci. Similique et et eos iusto aut. Possimus voluptatem et eos qui soluta.',0,'2026-03-15 07:56:52','2026-03-15 07:56:52'),(12,4,'Voluptatum quos repudiandae corporis laboriosam dolores sed voluptatem rem.','Pariatur eaque non dolores iure. Nihil et vitae enim rem sint.\n\nVoluptatem cupiditate tempore ea aut amet earum. A sequi architecto fuga voluptate. Recusandae labore sapiente repudiandae ducimus.\n\nQuisquam architecto deserunt tenetur ipsa eum. Quam id corrupti ipsum assumenda totam repellendus. Velit minus sunt sequi aut voluptatibus. Id eum eius sit inventore.',0,'2026-03-15 07:56:52','2026-03-15 07:56:52'),(13,5,'Velit molestiae dolorem adipisci impedit illo nisi vel.','Aut iusto cum alias sapiente. Nostrum quaerat ipsum inventore est magnam. Mollitia facere unde aut at et sunt. Rerum quasi aut repudiandae omnis impedit voluptatem.\n\nAmet delectus eum voluptas rerum fugiat aspernatur. Sint perferendis a reiciendis adipisci dolorem beatae. Qui pariatur iusto explicabo voluptas unde est.\n\nError maxime quae est quos porro qui. Quis laudantium odit temporibus corporis explicabo aliquam expedita quis.',1,'2026-03-15 07:56:52','2026-03-15 07:56:52'),(14,5,'Quia nisi ut sit reprehenderit qui non distinctio.','Error nihil dolorem rerum et necessitatibus veritatis porro voluptates. Aspernatur ipsum et esse inventore et repudiandae sunt. Id doloribus laboriosam expedita dolore esse.\n\nRepellat ab eius voluptas. Qui reiciendis temporibus numquam dignissimos. Quia labore eveniet voluptatem molestias. Quisquam praesentium hic nobis dignissimos qui.\n\nEos sed doloremque consequuntur neque ab quia. Natus eaque et voluptatem atque assumenda. Voluptas et ab aut sapiente temporibus non. Cupiditate et accusantium quaerat corporis non.',1,'2026-03-15 07:56:52','2026-03-15 07:56:52'),(15,5,'Eum ab rerum est iure quia officia.','Qui nulla porro est laborum accusantium sint. Maiores perspiciatis et laudantium error. Officiis odit magni hic repellat. Ipsa est aliquid eos sequi quae fugit odio.\n\nCum et enim incidunt dignissimos earum sunt. Nesciunt sint occaecati est quo eveniet nostrum sunt. Voluptatem vero similique eius rerum omnis suscipit atque. Fugiat iste autem neque illum omnis accusamus alias voluptatem.\n\nDolorem nam impedit omnis nam aut est. Rem eaque qui deleniti ex. At magni quidem tempora quos.',1,'2026-03-15 07:56:52','2026-03-15 07:56:52'),(16,5,'Dolore rerum provident consequatur eius ratione amet.','Amet excepturi ut consequatur eligendi ut sint. Ratione odit non eum deleniti. Sed possimus eius quisquam.\n\nEst nisi quod non quia sapiente. Totam minima deserunt repellat quos et perspiciatis. Totam earum sunt omnis ut iusto et. Voluptate qui neque id sequi.\n\nQuae sunt vel aperiam ex laudantium esse qui. Nobis explicabo qui fuga. Quam neque quas et quidem ut eum rem vero. Quae ullam quia nam itaque.',0,'2026-03-15 07:56:52','2026-03-15 07:56:52'),(17,6,'Ducimus saepe aut occaecati facilis doloremque.','Repudiandae minus aspernatur voluptatem natus perspiciatis enim non dolor. Laudantium dolore ut necessitatibus in quis provident. Molestiae qui sed ut dolor est similique porro. Earum eos vel est corrupti.\n\nPossimus ea sint rerum vero animi quaerat quibusdam. Sed animi nostrum atque sit molestiae quaerat dolorum. Nostrum omnis dolorem temporibus voluptate rerum.\n\nVoluptatem consequatur consectetur culpa est dolore. Qui officiis excepturi explicabo eveniet placeat error aspernatur.',1,'2026-03-15 07:56:52','2026-03-15 07:56:52'),(18,6,'Sunt delectus molestiae quae suscipit.','Qui aut quo a eligendi dolorem illum excepturi beatae. Vero magni dolor accusantium veritatis dolorem sed.\n\nAut nulla ipsum eligendi debitis. Reprehenderit voluptatibus labore nisi eligendi sunt sit consequatur. Natus natus expedita beatae odio. Illum qui exercitationem qui.\n\nAut veniam reiciendis totam. Et soluta distinctio libero. Nostrum quos ea est quaerat repellat. Ullam inventore quis sed quos quasi adipisci.',0,'2026-03-15 07:56:52','2026-03-15 07:56:52');
/*!40000 ALTER TABLE `posts` ENABLE KEYS */;
UNLOCK TABLES;

--
-- Table structure for table `product_categories`
--

DROP TABLE IF EXISTS `product_categories`;
/*!40101 SET @saved_cs_client     = @@character_set_client */;
/*!50503 SET character_set_client = utf8mb4 */;
CREATE TABLE `product_categories` (
  `id` bigint unsigned NOT NULL AUTO_INCREMENT,
  `organization_id` bigint unsigned NOT NULL,
  `parent_id` bigint unsigned DEFAULT NULL,
  `name` varchar(100) CHARACTER SET utf8mb4 COLLATE utf8mb4_unicode_ci NOT NULL,
  `code` varchar(50) CHARACTER SET utf8mb4 COLLATE utf8mb4_unicode_ci DEFAULT NULL,
  `sort_order` int NOT NULL DEFAULT '0',
  `icon_url` varchar(500) CHARACTER SET utf8mb4 COLLATE utf8mb4_unicode_ci DEFAULT NULL,
  `created_at` timestamp NULL DEFAULT NULL,
  `updated_at` timestamp NULL DEFAULT NULL,
  `deleted_at` timestamp NULL DEFAULT NULL,
  PRIMARY KEY (`id`),
  KEY `product_categories_parent_id_foreign` (`parent_id`),
  KEY `product_categories_organization_id_parent_id_index` (`organization_id`,`parent_id`),
  CONSTRAINT `product_categories_organization_id_foreign` FOREIGN KEY (`organization_id`) REFERENCES `organizations` (`id`) ON DELETE CASCADE,
  CONSTRAINT `product_categories_parent_id_foreign` FOREIGN KEY (`parent_id`) REFERENCES `product_categories` (`id`) ON DELETE SET NULL
) ENGINE=InnoDB AUTO_INCREMENT=7 DEFAULT CHARSET=utf8mb4 COLLATE=utf8mb4_unicode_ci;
/*!40101 SET character_set_client = @saved_cs_client */;

--
-- Dumping data for table `product_categories`
--

LOCK TABLES `product_categories` WRITE;
/*!40000 ALTER TABLE `product_categories` DISABLE KEYS */;
INSERT INTO `product_categories` VALUES (1,1,NULL,'蔬菜','VEG',1,NULL,'2026-03-22 00:02:05','2026-03-22 00:02:05',NULL),(2,1,NULL,'水果','FRT',2,NULL,'2026-03-22 00:02:05','2026-03-22 00:02:05',NULL),(3,1,NULL,'肉类','MEAT',3,NULL,'2026-03-22 00:02:05','2026-03-22 00:02:05',NULL),(4,1,NULL,'水产','SEA',4,NULL,'2026-03-22 00:02:05','2026-03-22 00:02:05',NULL),(5,1,NULL,'豆制品','TOFU',5,NULL,'2026-03-22 00:02:05','2026-03-22 00:02:05',NULL),(6,1,NULL,'干货','DRY',6,NULL,'2026-03-22 00:02:05','2026-03-22 00:02:05',NULL);
/*!40000 ALTER TABLE `product_categories` ENABLE KEYS */;
UNLOCK TABLES;

--
-- Table structure for table `products`
--

DROP TABLE IF EXISTS `products`;
/*!40101 SET @saved_cs_client     = @@character_set_client */;
/*!50503 SET character_set_client = utf8mb4 */;
CREATE TABLE `products` (
  `id` bigint unsigned NOT NULL AUTO_INCREMENT,
  `organization_id` bigint unsigned NOT NULL,
  `category_id` bigint unsigned DEFAULT NULL,
  `supplier_id` bigint unsigned DEFAULT NULL,
  `name` varchar(200) CHARACTER SET utf8mb4 COLLATE utf8mb4_unicode_ci NOT NULL,
  `code` varchar(100) CHARACTER SET utf8mb4 COLLATE utf8mb4_unicode_ci DEFAULT NULL COMMENT 'SKU编码',
  `barcode` varchar(100) CHARACTER SET utf8mb4 COLLATE utf8mb4_unicode_ci DEFAULT NULL,
  `brand` varchar(100) CHARACTER SET utf8mb4 COLLATE utf8mb4_unicode_ci DEFAULT NULL,
  `unit` varchar(20) CHARACTER SET utf8mb4 COLLATE utf8mb4_unicode_ci NOT NULL COMMENT '基本单位：斤/个/箱',
  `spec` varchar(200) CHARACTER SET utf8mb4 COLLATE utf8mb4_unicode_ci DEFAULT NULL COMMENT '规格描述：500g/袋',
  `image_urls` json DEFAULT NULL,
  `description` text CHARACTER SET utf8mb4 COLLATE utf8mb4_unicode_ci,
  `shelf_life_days` int DEFAULT NULL COMMENT '保质期天数',
  `storage_condition` tinyint NOT NULL DEFAULT '1' COMMENT '1:常温 2:冷藏 3:冷冻',
  `is_fresh` tinyint(1) NOT NULL DEFAULT '0' COMMENT '是否生鲜品',
  `min_order_qty` decimal(10,3) NOT NULL DEFAULT '1.000' COMMENT '最小采购量',
  `purchase_unit` varchar(20) CHARACTER SET utf8mb4 COLLATE utf8mb4_unicode_ci DEFAULT NULL COMMENT '采购单位：箱',
  `purchase_unit_qty` decimal(10,3) DEFAULT NULL COMMENT '采购单位含基本单位数量',
  `status` tinyint NOT NULL DEFAULT '1' COMMENT '0:下架 1:正常 2:待审核',
  `created_by` bigint unsigned DEFAULT NULL,
  `created_at` timestamp NULL DEFAULT NULL,
  `updated_at` timestamp NULL DEFAULT NULL,
  `deleted_at` timestamp NULL DEFAULT NULL,
  PRIMARY KEY (`id`),
  KEY `products_created_by_foreign` (`created_by`),
  KEY `products_organization_id_status_index` (`organization_id`,`status`),
  KEY `products_category_id_index` (`category_id`),
  KEY `products_barcode_index` (`barcode`),
  KEY `products_code_index` (`code`),
  KEY `products_supplier_id_foreign` (`supplier_id`),
  CONSTRAINT `products_category_id_foreign` FOREIGN KEY (`category_id`) REFERENCES `product_categories` (`id`) ON DELETE SET NULL,
  CONSTRAINT `products_created_by_foreign` FOREIGN KEY (`created_by`) REFERENCES `users` (`id`) ON DELETE SET NULL,
  CONSTRAINT `products_organization_id_foreign` FOREIGN KEY (`organization_id`) REFERENCES `organizations` (`id`) ON DELETE CASCADE,
  CONSTRAINT `products_supplier_id_foreign` FOREIGN KEY (`supplier_id`) REFERENCES `suppliers` (`id`) ON DELETE SET NULL
) ENGINE=InnoDB AUTO_INCREMENT=154 DEFAULT CHARSET=utf8mb4 COLLATE=utf8mb4_unicode_ci;
/*!40101 SET character_set_client = @saved_cs_client */;

--
-- Dumping data for table `products`
--

LOCK TABLES `products` WRITE;
/*!40000 ALTER TABLE `products` DISABLE KEYS */;
INSERT INTO `products` VALUES (1,1,1,1,'胡萝卜',NULL,NULL,NULL,'斤',NULL,NULL,NULL,14,1,1,1.000,NULL,NULL,1,NULL,'2026-03-22 00:02:05','2026-03-22 00:25:36',NULL),(2,1,1,1,'西兰花',NULL,NULL,NULL,'斤',NULL,NULL,NULL,5,2,1,1.000,NULL,NULL,1,NULL,'2026-03-22 00:02:05','2026-03-22 00:25:36',NULL),(3,1,1,1,'白菜',NULL,NULL,NULL,'斤',NULL,NULL,NULL,7,1,1,1.000,NULL,NULL,1,NULL,'2026-03-22 00:02:05','2026-03-22 00:25:36',NULL),(4,1,1,1,'番茄',NULL,NULL,NULL,'斤',NULL,NULL,NULL,7,1,1,1.000,NULL,NULL,1,NULL,'2026-03-22 00:02:05','2026-03-22 00:25:36',NULL),(5,1,1,1,'青椒',NULL,NULL,NULL,'斤',NULL,NULL,NULL,7,1,1,1.000,NULL,NULL,1,NULL,'2026-03-22 00:02:05','2026-03-22 00:25:36',NULL),(6,1,1,1,'土豆',NULL,NULL,NULL,'斤',NULL,NULL,NULL,30,1,1,1.000,NULL,NULL,1,NULL,'2026-03-22 00:02:05','2026-03-22 00:25:36',NULL),(7,1,1,1,'洋葱',NULL,NULL,NULL,'斤',NULL,NULL,NULL,30,1,1,1.000,NULL,NULL,1,NULL,'2026-03-22 00:02:05','2026-03-22 00:25:36',NULL),(8,1,2,1,'苹果',NULL,NULL,NULL,'斤',NULL,NULL,NULL,14,2,1,1.000,NULL,NULL,1,NULL,'2026-03-22 00:02:05','2026-03-22 00:25:36',NULL),(9,1,2,1,'香蕉',NULL,NULL,NULL,'斤',NULL,NULL,NULL,5,1,1,1.000,NULL,NULL,1,NULL,'2026-03-22 00:02:05','2026-03-22 00:25:36',NULL),(10,1,2,1,'橙子',NULL,NULL,NULL,'斤',NULL,NULL,NULL,14,1,1,1.000,NULL,NULL,1,NULL,'2026-03-22 00:02:05','2026-03-22 00:25:36',NULL),(11,1,3,2,'猪五花肉',NULL,NULL,NULL,'斤',NULL,NULL,NULL,3,2,1,1.000,NULL,NULL,1,NULL,'2026-03-22 00:02:05','2026-03-22 00:25:36',NULL),(12,1,3,2,'鸡胸肉',NULL,NULL,NULL,'斤',NULL,NULL,NULL,3,2,1,1.000,NULL,NULL,1,NULL,'2026-03-22 00:02:05','2026-03-22 00:25:36',NULL),(13,1,3,2,'牛腩',NULL,NULL,NULL,'斤',NULL,NULL,NULL,3,2,1,1.000,NULL,NULL,1,NULL,'2026-03-22 00:02:05','2026-03-22 00:25:36',NULL),(14,1,3,2,'猪排骨',NULL,NULL,NULL,'斤',NULL,NULL,NULL,3,2,1,1.000,NULL,NULL,1,NULL,'2026-03-22 00:02:05','2026-03-22 00:25:36',NULL),(15,1,4,3,'鲈鱼',NULL,NULL,NULL,'斤',NULL,NULL,NULL,1,2,1,1.000,NULL,NULL,1,NULL,'2026-03-22 00:02:05','2026-03-22 00:25:36',NULL),(16,1,4,3,'基围虾',NULL,NULL,NULL,'斤',NULL,NULL,NULL,1,2,1,1.000,NULL,NULL,1,NULL,'2026-03-22 00:02:06','2026-03-22 00:25:36',NULL),(17,1,4,3,'花蛤',NULL,NULL,NULL,'斤',NULL,NULL,NULL,1,2,1,1.000,NULL,NULL,1,NULL,'2026-03-22 00:02:06','2026-03-22 00:25:36',NULL),(18,1,5,1,'豆腐',NULL,NULL,NULL,'块',NULL,NULL,NULL,3,2,1,1.000,NULL,NULL,1,NULL,'2026-03-22 00:02:06','2026-03-22 00:25:36',NULL),(19,1,5,1,'豆芽',NULL,NULL,NULL,'斤',NULL,NULL,NULL,2,2,1,1.000,NULL,NULL,1,NULL,'2026-03-22 00:02:06','2026-03-22 00:25:36',NULL),(20,1,6,1,'大米',NULL,NULL,NULL,'斤',NULL,NULL,NULL,365,1,0,1.000,NULL,NULL,1,NULL,'2026-03-22 00:02:06','2026-03-22 00:25:36',NULL),(21,1,6,1,'食用油',NULL,NULL,NULL,'桶',NULL,NULL,NULL,540,1,0,1.000,NULL,NULL,1,NULL,'2026-03-22 00:02:06','2026-03-22 00:25:36',NULL),(22,1,NULL,NULL,'龙眼',NULL,NULL,NULL,'斤',NULL,NULL,NULL,NULL,1,1,1.000,NULL,NULL,1,NULL,'2026-03-30 22:44:27','2026-03-30 22:44:27',NULL),(23,1,NULL,NULL,'荔枝',NULL,NULL,NULL,'斤',NULL,NULL,NULL,NULL,1,1,1.000,NULL,NULL,1,NULL,'2026-03-30 22:44:27','2026-03-30 22:44:27',NULL),(24,1,NULL,NULL,'170g炸鱼蛋',NULL,NULL,NULL,'斤',NULL,NULL,NULL,NULL,1,1,1.000,NULL,NULL,1,NULL,'2026-03-31 20:49:29','2026-03-31 20:49:29',NULL),(25,1,NULL,NULL,'170g墨鱼味鱼丸',NULL,NULL,NULL,'斤',NULL,NULL,NULL,NULL,1,1,1.000,NULL,NULL,1,NULL,'2026-03-31 20:49:29','2026-03-31 20:49:29',NULL),(26,1,NULL,NULL,'170g八爪鱼味鱼球',NULL,NULL,NULL,'斤',NULL,NULL,NULL,NULL,1,1,1.000,NULL,NULL,1,NULL,'2026-03-31 20:49:29','2026-03-31 20:49:29',NULL),(27,1,NULL,NULL,'170g鱼肉春卷',NULL,NULL,NULL,'斤',NULL,NULL,NULL,NULL,1,1,1.000,NULL,NULL,1,NULL,'2026-03-31 20:49:29','2026-03-31 20:49:29',NULL),(28,1,NULL,NULL,'170g顺德鱼腐',NULL,NULL,NULL,'斤',NULL,NULL,NULL,NULL,1,1,1.000,NULL,NULL,1,NULL,'2026-03-31 20:49:29','2026-03-31 20:49:29',NULL),(29,1,NULL,NULL,'170g黄金片头',NULL,NULL,NULL,'斤',NULL,NULL,NULL,NULL,1,1,1.000,NULL,NULL,1,NULL,'2026-03-31 20:49:29','2026-03-31 20:49:29',NULL),(30,1,NULL,NULL,'170g牛肉丸',NULL,NULL,NULL,'斤',NULL,NULL,NULL,NULL,1,1,1.000,NULL,NULL,1,NULL,'2026-03-31 20:49:29','2026-03-31 20:49:29',NULL),(31,1,NULL,NULL,'170g黑椒牛肉丸',NULL,NULL,NULL,'斤',NULL,NULL,NULL,NULL,1,1,1.000,NULL,NULL,1,NULL,'2026-03-31 20:49:29','2026-03-31 20:49:29',NULL),(32,1,NULL,NULL,'野生苹果',NULL,NULL,NULL,'斤',NULL,NULL,NULL,NULL,1,1,1.000,NULL,NULL,1,NULL,'2026-03-31 20:56:43','2026-03-31 20:56:43',NULL),(33,1,NULL,NULL,'小台芒',NULL,NULL,NULL,'斤',NULL,NULL,NULL,NULL,1,1,1.000,NULL,NULL,1,NULL,'2026-03-31 20:56:43','2026-03-31 20:56:43',NULL),(34,1,NULL,NULL,'耙耙柑',NULL,NULL,NULL,'斤',NULL,NULL,NULL,NULL,1,1,1.000,NULL,NULL,1,NULL,'2026-03-31 20:56:43','2026-03-31 20:56:43',NULL),(35,1,NULL,NULL,'牛奶蕉',NULL,NULL,NULL,'斤',NULL,NULL,NULL,NULL,1,1,1.000,NULL,NULL,1,NULL,'2026-03-31 20:56:43','2026-03-31 20:56:43',NULL),(36,1,NULL,NULL,'赣南脐橙',NULL,NULL,NULL,'斤',NULL,NULL,NULL,NULL,1,1,1.000,NULL,NULL,1,NULL,'2026-03-31 20:56:43','2026-03-31 20:56:43',NULL),(37,1,NULL,NULL,'散装枇杷',NULL,NULL,NULL,'件',NULL,NULL,NULL,NULL,1,1,1.000,NULL,NULL,1,NULL,'2026-03-31 20:56:43','2026-05-11 13:04:51',NULL),(38,1,NULL,NULL,'精品草莓',NULL,NULL,NULL,'斤',NULL,NULL,NULL,NULL,1,1,1.000,NULL,NULL,1,NULL,'2026-03-31 20:56:43','2026-03-31 20:56:43',NULL),(39,1,NULL,NULL,'袋装金桔',NULL,NULL,NULL,'斤',NULL,NULL,NULL,NULL,1,1,1.000,NULL,NULL,1,NULL,'2026-03-31 20:56:43','2026-03-31 20:56:43',NULL),(40,1,NULL,NULL,'油柑',NULL,NULL,NULL,'斤',NULL,NULL,NULL,NULL,1,1,1.000,NULL,NULL,1,NULL,'2026-03-31 20:56:43','2026-03-31 20:56:43',NULL),(41,1,NULL,NULL,'小青橘',NULL,NULL,NULL,'斤',NULL,NULL,NULL,NULL,1,1,1.000,NULL,NULL,1,NULL,'2026-03-31 20:56:43','2026-03-31 20:56:43',NULL),(42,1,NULL,NULL,'带叶沃柑',NULL,NULL,NULL,'斤',NULL,NULL,NULL,NULL,1,1,1.000,NULL,NULL,1,NULL,'2026-03-31 20:56:43','2026-03-31 20:56:43',NULL),(43,1,NULL,NULL,'菠萝',NULL,NULL,NULL,'斤',NULL,NULL,NULL,NULL,1,1,1.000,NULL,NULL,1,NULL,'2026-03-31 20:56:43','2026-03-31 20:56:43',NULL),(44,1,NULL,NULL,'大木瓜',NULL,NULL,NULL,'斤',NULL,NULL,NULL,NULL,1,1,1.000,NULL,NULL,1,NULL,'2026-03-31 20:56:43','2026-03-31 20:56:43',NULL),(45,1,NULL,NULL,'菠萝蜜',NULL,NULL,NULL,'斤',NULL,NULL,NULL,NULL,1,1,1.000,NULL,NULL,1,NULL,'2026-03-31 20:56:43','2026-03-31 20:56:43',NULL),(46,1,NULL,NULL,'蓝莓',NULL,NULL,NULL,'斤',NULL,NULL,NULL,NULL,1,1,1.000,NULL,NULL,1,NULL,'2026-03-31 20:56:43','2026-03-31 20:56:43',NULL),(47,1,NULL,NULL,'上海麵 350g',NULL,NULL,NULL,'斤',NULL,NULL,NULL,NULL,1,1,1.000,NULL,NULL,1,NULL,'2026-04-04 00:09:48','2026-04-04 00:09:48',NULL),(48,1,NULL,NULL,'拉麵 350g',NULL,NULL,NULL,'斤',NULL,NULL,NULL,NULL,1,1,1.000,NULL,NULL,1,NULL,'2026-04-04 00:09:48','2026-04-04 00:09:48',NULL),(49,1,NULL,NULL,'虾米腸粉（6條）',NULL,NULL,NULL,'斤',NULL,NULL,NULL,NULL,1,1,1.000,NULL,NULL,1,NULL,'2026-04-04 00:09:48','2026-04-04 00:09:48',NULL),(50,1,NULL,NULL,'白腸粉（6條）',NULL,NULL,NULL,'盒',NULL,NULL,NULL,NULL,1,1,1.000,NULL,NULL,1,NULL,'2026-04-04 00:09:48','2026-05-11 13:04:20',NULL),(51,1,NULL,NULL,'油麵 350g',NULL,NULL,NULL,'斤',NULL,NULL,NULL,NULL,1,1,1.000,NULL,NULL,1,NULL,'2026-04-04 00:09:48','2026-04-04 00:09:48',NULL),(52,1,NULL,NULL,'云吞麵（幼）350g',NULL,NULL,NULL,'斤',NULL,NULL,NULL,NULL,1,1,1.000,NULL,NULL,1,NULL,'2026-04-04 00:09:48','2026-04-04 00:09:48',NULL),(53,1,NULL,NULL,'云吞麵（粗）350g',NULL,NULL,NULL,'斤',NULL,NULL,NULL,NULL,1,1,1.000,NULL,NULL,1,NULL,'2026-04-04 00:09:48','2026-04-04 00:09:48',NULL),(54,1,NULL,NULL,'河粉（炒粉）350g',NULL,NULL,NULL,'斤',NULL,NULL,NULL,NULL,1,1,1.000,NULL,NULL,1,NULL,'2026-04-04 00:09:48','2026-04-04 00:09:48',NULL),(55,1,NULL,NULL,'云吞面（粗）350g',NULL,NULL,NULL,'斤',NULL,NULL,NULL,NULL,1,1,1.000,NULL,NULL,1,NULL,'2026-04-04 21:33:08','2026-04-04 21:33:08',NULL),(56,1,NULL,NULL,'野生苹果 72',NULL,NULL,NULL,'斤',NULL,NULL,NULL,NULL,1,1,1.000,NULL,NULL,1,NULL,'2026-04-06 17:10:59','2026-04-06 17:10:59',NULL),(57,1,NULL,NULL,'鸡蛋王 (小一号)',NULL,NULL,NULL,'斤',NULL,NULL,NULL,NULL,1,1,1.000,NULL,NULL,1,NULL,'2026-04-06 17:10:59','2026-04-06 17:10:59',NULL),(58,1,NULL,NULL,'橄榄',NULL,NULL,NULL,'斤',NULL,NULL,NULL,NULL,1,1,1.000,NULL,NULL,1,NULL,'2026-04-06 17:10:59','2026-04-06 17:10:59',NULL),(59,1,NULL,NULL,'小木瓜',NULL,NULL,NULL,'斤',NULL,NULL,NULL,NULL,1,1,1.000,NULL,NULL,1,NULL,'2026-04-06 17:10:59','2026-04-06 17:10:59',NULL),(60,1,NULL,NULL,'赣南橙',NULL,NULL,NULL,'斤',NULL,NULL,NULL,NULL,1,1,1.000,NULL,NULL,1,NULL,'2026-04-16 04:17:46','2026-04-16 04:17:46',NULL),(61,1,NULL,NULL,'散装串茄',NULL,NULL,NULL,'斤',NULL,NULL,NULL,NULL,1,1,1.000,NULL,NULL,1,NULL,'2026-04-16 04:17:46','2026-04-16 04:17:46',NULL),(62,1,NULL,NULL,'水蜜桃',NULL,NULL,NULL,'斤',NULL,NULL,NULL,NULL,1,1,1.000,NULL,NULL,1,NULL,'2026-04-16 14:45:20','2026-04-16 14:45:20',NULL),(63,1,NULL,NULL,'12',NULL,NULL,NULL,'斤',NULL,NULL,NULL,NULL,1,1,1.000,NULL,NULL,1,NULL,'2026-04-27 12:56:40','2026-04-27 12:56:40',NULL),(64,1,NULL,NULL,'猕猴桃',NULL,NULL,NULL,'斤',NULL,NULL,NULL,NULL,1,1,1.000,NULL,NULL,1,NULL,'2026-05-11 12:00:58','2026-05-11 12:00:58',NULL),(65,1,NULL,NULL,'辣椒叶300g',NULL,NULL,NULL,'袋',NULL,NULL,NULL,NULL,1,1,1.000,NULL,NULL,1,NULL,'2026-05-11 13:02:17','2026-05-11 13:02:17',NULL),(66,1,NULL,NULL,'地瓜叶300g',NULL,NULL,NULL,'袋',NULL,NULL,NULL,NULL,1,1,1.000,NULL,NULL,1,NULL,'2026-05-11 13:02:17','2026-05-11 13:02:17',NULL),(67,1,NULL,NULL,'黄豆芽300g',NULL,NULL,NULL,'袋',NULL,NULL,NULL,NULL,1,1,1.000,NULL,NULL,1,NULL,'2026-05-11 13:02:17','2026-05-11 13:02:17',NULL),(68,1,NULL,NULL,'番茄(粉)350g',NULL,NULL,NULL,'袋',NULL,NULL,NULL,NULL,1,1,1.000,NULL,NULL,1,NULL,'2026-05-11 13:02:17','2026-05-11 13:02:17',NULL),(69,1,NULL,NULL,'玉露香梨',NULL,NULL,NULL,'个',NULL,NULL,NULL,NULL,1,1,1.000,NULL,NULL,1,NULL,'2026-05-11 13:02:17','2026-05-11 13:02:17',NULL),(70,1,NULL,NULL,'上海麵350g',NULL,NULL,NULL,'盒',NULL,NULL,NULL,NULL,1,1,1.000,NULL,NULL,1,NULL,'2026-05-11 13:04:20','2026-05-11 13:04:20',NULL),(71,1,NULL,NULL,'蝦米腸粉',NULL,NULL,NULL,'盒',NULL,NULL,NULL,NULL,1,1,1.000,NULL,NULL,1,NULL,'2026-05-11 13:04:20','2026-05-11 13:04:20',NULL),(72,1,NULL,NULL,'油麵350g',NULL,NULL,NULL,'盒',NULL,NULL,NULL,NULL,1,1,1.000,NULL,NULL,1,NULL,'2026-05-11 13:04:20','2026-05-11 13:04:20',NULL),(73,1,NULL,NULL,'雲吞麵 (幼) 350g',NULL,NULL,NULL,'盒',NULL,NULL,NULL,NULL,1,1,1.000,NULL,NULL,1,NULL,'2026-05-11 13:04:20','2026-05-11 13:04:20',NULL),(74,1,NULL,NULL,'雲吞麵 (粗) 350g',NULL,NULL,NULL,'盒',NULL,NULL,NULL,NULL,1,1,1.000,NULL,NULL,1,NULL,'2026-05-11 13:04:20','2026-05-11 13:04:20',NULL),(75,1,NULL,NULL,'河粉 (炒粉) 350g',NULL,NULL,NULL,'盒',NULL,NULL,NULL,NULL,1,1,1.000,NULL,NULL,1,NULL,'2026-05-11 13:04:20','2026-05-11 13:04:20',NULL),(76,1,NULL,NULL,'牛油果',NULL,NULL,NULL,'件',NULL,NULL,NULL,NULL,1,1,1.000,NULL,NULL,1,NULL,'2026-05-11 13:04:51','2026-05-11 13:04:51',NULL),(77,1,NULL,NULL,'榴莲番薯',NULL,NULL,NULL,'件',NULL,NULL,NULL,NULL,1,1,1.000,NULL,NULL,1,NULL,'2026-05-11 13:04:51','2026-05-11 13:04:51',NULL),(78,1,NULL,NULL,'奇异果',NULL,NULL,NULL,'件',NULL,NULL,NULL,NULL,1,1,1.000,NULL,NULL,1,NULL,'2026-05-11 13:04:51','2026-05-11 13:04:51',NULL),(79,1,NULL,NULL,'番石榴',NULL,NULL,NULL,'件',NULL,NULL,NULL,NULL,1,1,1.000,NULL,NULL,1,NULL,'2026-05-11 13:04:51','2026-05-11 13:04:51',NULL),(80,1,NULL,NULL,'冰鲜清远鸡',NULL,NULL,NULL,'只',NULL,NULL,NULL,NULL,1,1,1.000,NULL,NULL,1,NULL,'2026-05-11 13:35:31','2026-05-11 13:35:31',NULL),(81,1,NULL,NULL,'冰鲜竹丝鸡',NULL,NULL,NULL,'只',NULL,NULL,NULL,NULL,1,1,1.000,NULL,NULL,1,NULL,'2026-05-11 13:35:31','2026-05-11 13:35:31',NULL),(82,1,NULL,NULL,'娃娃菜',NULL,NULL,NULL,'包',NULL,NULL,NULL,NULL,1,1,1.000,NULL,NULL,1,NULL,'2026-05-11 13:38:53','2026-05-11 13:38:53',NULL),(83,1,NULL,NULL,'大白菜',NULL,NULL,NULL,'斤',NULL,NULL,NULL,NULL,1,1,1.000,NULL,NULL,1,NULL,'2026-05-11 13:38:53','2026-05-11 13:38:53',NULL),(84,1,NULL,NULL,'小旺菜',NULL,NULL,NULL,'斤',NULL,NULL,NULL,NULL,1,1,1.000,NULL,NULL,1,NULL,'2026-05-11 13:38:53','2026-05-11 13:38:53',NULL),(85,1,NULL,NULL,'京包',NULL,NULL,NULL,'斤',NULL,NULL,NULL,NULL,1,1,1.000,NULL,NULL,1,NULL,'2026-05-11 13:38:53','2026-05-11 13:38:53',NULL),(86,1,NULL,NULL,'椰菜花',NULL,NULL,NULL,'斤',NULL,NULL,NULL,NULL,1,1,1.000,NULL,NULL,1,NULL,'2026-05-11 13:38:53','2026-05-11 13:38:53',NULL),(87,1,NULL,NULL,'西蘭花',NULL,NULL,NULL,'斤',NULL,NULL,NULL,NULL,1,1,1.000,NULL,NULL,1,NULL,'2026-05-11 13:38:53','2026-05-11 13:38:53',NULL),(88,1,NULL,NULL,'水東芥菜',NULL,NULL,NULL,'包',NULL,NULL,NULL,NULL,1,1,1.000,NULL,NULL,1,NULL,'2026-05-11 13:38:53','2026-05-11 13:38:53',NULL),(89,1,NULL,NULL,'青通',NULL,NULL,NULL,'包',NULL,NULL,NULL,NULL,1,1,1.000,NULL,NULL,1,NULL,'2026-05-11 13:38:53','2026-05-11 13:38:53',NULL),(90,1,NULL,NULL,'上海青苗',NULL,NULL,NULL,'包',NULL,NULL,NULL,NULL,1,1,1.000,NULL,NULL,1,NULL,'2026-05-11 13:38:53','2026-05-11 13:38:53',NULL),(91,1,NULL,NULL,'菜心',NULL,NULL,NULL,'包',NULL,NULL,NULL,NULL,1,1,1.000,NULL,NULL,1,NULL,'2026-05-11 13:38:53','2026-05-11 13:38:53',NULL),(92,1,NULL,NULL,'冬瓜',NULL,NULL,NULL,'斤',NULL,NULL,NULL,NULL,1,1,1.000,NULL,NULL,1,NULL,'2026-05-11 13:38:53','2026-05-11 13:38:53',NULL),(93,1,NULL,NULL,'苦瓜',NULL,NULL,NULL,'斤',NULL,NULL,NULL,NULL,1,1,1.000,NULL,NULL,1,NULL,'2026-05-11 13:38:53','2026-05-11 13:38:53',NULL),(94,1,NULL,NULL,'南瓜',NULL,NULL,NULL,'斤',NULL,NULL,NULL,NULL,1,1,1.000,NULL,NULL,1,NULL,'2026-05-11 13:38:53','2026-05-11 13:38:53',NULL),(95,1,NULL,NULL,'西葫蘆瓜',NULL,NULL,NULL,'斤',NULL,NULL,NULL,NULL,1,1,1.000,NULL,NULL,1,NULL,'2026-05-11 13:38:53','2026-05-11 13:38:53',NULL),(96,1,NULL,NULL,'茄子',NULL,NULL,NULL,'斤',NULL,NULL,NULL,NULL,1,1,1.000,NULL,NULL,1,NULL,'2026-05-11 13:38:53','2026-05-11 13:38:53',NULL),(97,1,NULL,NULL,'長水瓜',NULL,NULL,NULL,'斤',NULL,NULL,NULL,NULL,1,1,1.000,NULL,NULL,1,NULL,'2026-05-11 13:38:53','2026-05-11 13:38:53',NULL),(98,1,NULL,NULL,'甜玉米',NULL,NULL,NULL,'包',NULL,NULL,NULL,NULL,1,1,1.000,NULL,NULL,1,NULL,'2026-05-11 13:38:53','2026-05-11 13:38:53',NULL),(99,1,NULL,NULL,'白白菜',NULL,NULL,NULL,'包',NULL,NULL,NULL,NULL,1,1,1.000,NULL,NULL,1,NULL,'2026-05-11 13:38:53','2026-05-11 13:38:53',NULL),(100,1,NULL,NULL,'荷蘭豆',NULL,NULL,NULL,'碟',NULL,NULL,NULL,NULL,1,1,1.000,NULL,NULL,1,NULL,'2026-05-11 13:38:53','2026-05-11 13:38:53',NULL),(101,1,NULL,NULL,'板栗肉',NULL,NULL,NULL,'碟',NULL,NULL,NULL,NULL,1,1,1.000,NULL,NULL,1,NULL,'2026-05-11 13:38:53','2026-05-11 13:38:53',NULL),(102,1,NULL,NULL,'甜豆(盒)',NULL,NULL,NULL,'盒',NULL,NULL,NULL,NULL,1,1,1.000,NULL,NULL,1,NULL,'2026-05-11 13:38:53','2026-05-11 13:38:53',NULL),(103,1,NULL,NULL,'青蘿蔔',NULL,NULL,NULL,'斤',NULL,NULL,NULL,NULL,1,1,1.000,NULL,NULL,1,NULL,'2026-05-11 13:38:53','2026-05-11 13:38:53',NULL),(104,1,NULL,NULL,'白蘿蔔',NULL,NULL,NULL,'斤',NULL,NULL,NULL,NULL,1,1,1.000,NULL,NULL,1,NULL,'2026-05-11 13:38:53','2026-05-11 13:38:53',NULL),(105,1,NULL,NULL,'泥紅蘿蔔',NULL,NULL,NULL,'斤',NULL,NULL,NULL,NULL,1,1,1.000,NULL,NULL,1,NULL,'2026-05-11 13:38:53','2026-05-11 13:38:53',NULL),(106,1,NULL,NULL,'紅菜頭',NULL,NULL,NULL,'斤',NULL,NULL,NULL,NULL,1,1,1.000,NULL,NULL,1,NULL,'2026-05-11 13:38:53','2026-05-11 13:38:53',NULL),(107,1,NULL,NULL,'鮮鐵棍淮山',NULL,NULL,NULL,'包',NULL,NULL,NULL,NULL,1,1,1.000,NULL,NULL,1,NULL,'2026-05-11 13:38:53','2026-05-11 13:38:53',NULL),(108,1,NULL,NULL,'馬鈴薯',NULL,NULL,NULL,'斤',NULL,NULL,NULL,NULL,1,1,1.000,NULL,NULL,1,NULL,'2026-05-11 13:38:53','2026-05-11 13:38:53',NULL),(109,1,NULL,NULL,'芋頭',NULL,NULL,NULL,'斤',NULL,NULL,NULL,NULL,1,1,1.000,NULL,NULL,1,NULL,'2026-05-11 13:38:53','2026-05-11 13:38:53',NULL),(110,1,NULL,NULL,'綠豆芽',NULL,NULL,NULL,'盒',NULL,NULL,NULL,NULL,1,1,1.000,NULL,NULL,1,NULL,'2026-05-11 13:38:53','2026-05-11 13:38:53',NULL),(111,1,NULL,NULL,'黃豆芽',NULL,NULL,NULL,'盒',NULL,NULL,NULL,NULL,1,1,1.000,NULL,NULL,1,NULL,'2026-05-11 13:38:53','2026-05-11 13:38:53',NULL),(112,1,NULL,NULL,'鮮黑木耳',NULL,NULL,NULL,'碟',NULL,NULL,NULL,NULL,1,1,1.000,NULL,NULL,1,NULL,'2026-05-11 13:38:53','2026-05-11 13:38:53',NULL),(113,1,NULL,NULL,'白蘑菇',NULL,NULL,NULL,'碟',NULL,NULL,NULL,NULL,1,1,1.000,NULL,NULL,1,NULL,'2026-05-11 13:38:53','2026-05-11 13:38:53',NULL),(114,1,NULL,NULL,'螺絲椒',NULL,NULL,NULL,'包',NULL,NULL,NULL,NULL,1,1,1.000,NULL,NULL,1,NULL,'2026-05-11 13:38:53','2026-05-11 13:38:53',NULL),(115,1,NULL,NULL,'湖南椒',NULL,NULL,NULL,'包',NULL,NULL,NULL,NULL,1,1,1.000,NULL,NULL,1,NULL,'2026-05-11 13:38:54','2026-05-11 13:38:54',NULL),(116,1,NULL,NULL,'大蔥',NULL,NULL,NULL,'斤',NULL,NULL,NULL,NULL,1,1,1.000,NULL,NULL,1,NULL,'2026-05-11 13:38:54','2026-05-11 13:38:54',NULL),(117,1,NULL,NULL,'西芹',NULL,NULL,NULL,'斤',NULL,NULL,NULL,NULL,1,1,1.000,NULL,NULL,1,NULL,'2026-05-11 13:38:54','2026-05-11 13:38:54',NULL),(118,1,NULL,NULL,'韭王',NULL,NULL,NULL,'包',NULL,NULL,NULL,NULL,1,1,1.000,NULL,NULL,1,NULL,'2026-05-11 13:38:54','2026-05-11 13:38:54',NULL),(119,1,NULL,NULL,'韭菜',NULL,NULL,NULL,'包',NULL,NULL,NULL,NULL,1,1,1.000,NULL,NULL,1,NULL,'2026-05-11 13:38:54','2026-05-11 13:38:54',NULL),(120,1,NULL,NULL,'白洋蔥',NULL,NULL,NULL,'斤',NULL,NULL,NULL,NULL,1,1,1.000,NULL,NULL,1,NULL,'2026-05-11 13:38:54','2026-05-11 13:38:54',NULL),(121,1,NULL,NULL,'紅洋蔥',NULL,NULL,NULL,'斤',NULL,NULL,NULL,NULL,1,1,1.000,NULL,NULL,1,NULL,'2026-05-11 13:38:54','2026-05-11 13:38:54',NULL),(122,1,NULL,NULL,'沙律菜',NULL,NULL,NULL,'盒',NULL,NULL,NULL,NULL,1,1,1.000,NULL,NULL,1,NULL,'2026-05-11 13:38:54','2026-05-11 13:38:54',NULL),(123,1,NULL,NULL,'杭白菜',NULL,NULL,NULL,'包',NULL,NULL,NULL,NULL,1,1,1.000,NULL,NULL,1,NULL,'2026-05-11 13:38:54','2026-05-11 13:38:54',NULL),(124,1,NULL,NULL,'菠菜',NULL,NULL,NULL,'包',NULL,NULL,NULL,NULL,1,1,1.000,NULL,NULL,1,NULL,'2026-05-11 13:38:54','2026-05-11 13:38:54',NULL),(125,1,NULL,NULL,'枸杞葉',NULL,NULL,NULL,'包',NULL,NULL,NULL,NULL,1,1,1.000,NULL,NULL,1,NULL,'2026-05-11 13:38:54','2026-05-11 13:38:54',NULL),(126,1,NULL,NULL,'毛瓜',NULL,NULL,NULL,'斤',NULL,NULL,NULL,NULL,1,1,1.000,NULL,NULL,1,NULL,'2026-05-11 13:38:54','2026-05-11 13:38:54',NULL),(127,1,NULL,NULL,'青瓜',NULL,NULL,NULL,'斤',NULL,NULL,NULL,NULL,1,1,1.000,NULL,NULL,1,NULL,'2026-05-11 13:38:54','2026-05-11 13:38:54',NULL),(128,1,NULL,NULL,'黃秋葵',NULL,NULL,NULL,'包',NULL,NULL,NULL,NULL,1,1,1.000,NULL,NULL,1,NULL,'2026-05-11 13:38:54','2026-05-11 13:38:54',NULL),(129,1,NULL,NULL,'蓮藕',NULL,NULL,NULL,'斤',NULL,NULL,NULL,NULL,1,1,1.000,NULL,NULL,1,NULL,'2026-05-11 13:38:54','2026-05-11 13:38:54',NULL),(130,1,NULL,NULL,'小土豆',NULL,NULL,NULL,'袋',NULL,NULL,NULL,NULL,1,1,1.000,NULL,NULL,1,NULL,'2026-05-11 13:38:54','2026-05-11 13:38:54',NULL),(131,1,NULL,NULL,'芋仔',NULL,NULL,NULL,'袋',NULL,NULL,NULL,NULL,1,1,1.000,NULL,NULL,1,NULL,'2026-05-11 13:38:54','2026-05-11 13:38:54',NULL),(132,1,NULL,NULL,'金針菇',NULL,NULL,NULL,'包',NULL,NULL,NULL,NULL,1,1,1.000,NULL,NULL,1,NULL,'2026-05-11 13:38:54','2026-05-11 13:38:54',NULL),(133,1,NULL,NULL,'冬菇',NULL,NULL,NULL,'碟',NULL,NULL,NULL,NULL,1,1,1.000,NULL,NULL,1,NULL,'2026-05-11 13:38:54','2026-05-11 13:38:54',NULL),(134,1,NULL,NULL,'杏鮑菇',NULL,NULL,NULL,'盒',NULL,NULL,NULL,NULL,1,1,1.000,NULL,NULL,1,NULL,'2026-05-11 13:38:54','2026-05-11 13:38:54',NULL),(135,1,NULL,NULL,'蟹味菇',NULL,NULL,NULL,'盒',NULL,NULL,NULL,NULL,1,1,1.000,NULL,NULL,1,NULL,'2026-05-11 13:38:54','2026-05-11 13:38:54',NULL),(136,1,NULL,NULL,'白玉菇',NULL,NULL,NULL,'盒',NULL,NULL,NULL,NULL,1,1,1.000,NULL,NULL,1,NULL,'2026-05-11 13:38:54','2026-05-11 13:38:54',NULL),(137,1,NULL,NULL,'水果椒',NULL,NULL,NULL,'盒',NULL,NULL,NULL,NULL,1,1,1.000,NULL,NULL,1,NULL,'2026-05-11 13:38:54','2026-05-11 13:38:54',NULL),(138,1,NULL,NULL,'指天椒',NULL,NULL,NULL,'盒',NULL,NULL,NULL,NULL,1,1,1.000,NULL,NULL,1,NULL,'2026-05-11 13:38:54','2026-05-11 13:38:54',NULL),(139,1,NULL,NULL,'三色彩椒',NULL,NULL,NULL,'包',NULL,NULL,NULL,NULL,1,1,1.000,NULL,NULL,1,NULL,'2026-05-11 13:38:54','2026-05-11 13:38:54',NULL),(140,1,NULL,NULL,'生薑',NULL,NULL,NULL,'袋',NULL,NULL,NULL,NULL,1,1,1.000,NULL,NULL,1,NULL,'2026-05-11 13:38:54','2026-05-11 13:38:54',NULL),(141,1,NULL,NULL,'蒜頭',NULL,NULL,NULL,'袋',NULL,NULL,NULL,NULL,1,1,1.000,NULL,NULL,1,NULL,'2026-05-11 13:38:54','2026-05-11 13:38:54',NULL),(142,1,NULL,NULL,'芹菜',NULL,NULL,NULL,'包',NULL,NULL,NULL,NULL,1,1,1.000,NULL,NULL,1,NULL,'2026-05-11 13:38:54','2026-05-11 13:38:54',NULL),(143,1,NULL,NULL,'紅蔥',NULL,NULL,NULL,'包',NULL,NULL,NULL,NULL,1,1,1.000,NULL,NULL,1,NULL,'2026-05-11 13:38:54','2026-05-11 13:38:54',NULL),(144,1,NULL,NULL,'芫茜',NULL,NULL,NULL,'包',NULL,NULL,NULL,NULL,1,1,1.000,NULL,NULL,1,NULL,'2026-05-11 13:38:54','2026-05-11 13:38:54',NULL),(145,1,NULL,NULL,'真空淮山肉',NULL,NULL,NULL,'包',NULL,NULL,NULL,NULL,1,1,1.000,NULL,NULL,1,NULL,'2026-05-11 13:38:54','2026-05-11 13:38:54',NULL),(146,1,NULL,NULL,'秀珍菇',NULL,NULL,NULL,'碟',NULL,NULL,NULL,NULL,1,1,1.000,NULL,NULL,1,NULL,'2026-05-11 13:38:54','2026-05-11 13:38:54',NULL),(147,1,NULL,NULL,'萵筍',NULL,NULL,NULL,'斤',NULL,NULL,NULL,NULL,1,1,1.000,NULL,NULL,1,NULL,'2026-05-11 13:38:54','2026-05-11 13:38:54',NULL),(148,1,NULL,NULL,'雞毛菜',NULL,NULL,NULL,'包',NULL,NULL,NULL,NULL,1,1,1.000,NULL,NULL,1,NULL,'2026-05-11 13:38:54','2026-05-11 13:38:54',NULL),(149,1,NULL,NULL,'百合四頭',NULL,NULL,NULL,'包',NULL,NULL,NULL,NULL,1,1,1.000,NULL,NULL,1,NULL,'2026-05-11 13:38:54','2026-05-11 13:38:54',NULL),(150,1,NULL,NULL,'毛豆仁',NULL,NULL,NULL,'碟',NULL,NULL,NULL,NULL,1,1,1.000,NULL,NULL,1,NULL,'2026-05-11 13:38:54','2026-05-11 13:38:54',NULL),(151,1,NULL,NULL,'豌豆仁',NULL,NULL,NULL,'碟',NULL,NULL,NULL,NULL,1,1,1.000,NULL,NULL,1,NULL,'2026-05-11 13:38:54','2026-05-11 13:38:54',NULL),(152,1,NULL,NULL,'青木瓜',NULL,NULL,NULL,'个',NULL,NULL,NULL,NULL,1,1,1.000,NULL,NULL,1,NULL,'2026-05-11 13:38:54','2026-05-11 13:38:54',NULL),(153,1,NULL,NULL,'人參白薯',NULL,NULL,NULL,'包',NULL,NULL,NULL,NULL,1,1,1.000,NULL,NULL,1,NULL,'2026-05-11 13:38:54','2026-05-11 13:38:54',NULL);
/*!40000 ALTER TABLE `products` ENABLE KEYS */;
UNLOCK TABLES;

--
-- Table structure for table `promotion_items`
--

DROP TABLE IF EXISTS `promotion_items`;
/*!40101 SET @saved_cs_client     = @@character_set_client */;
/*!50503 SET character_set_client = utf8mb4 */;
CREATE TABLE `promotion_items` (
  `id` bigint unsigned NOT NULL AUTO_INCREMENT,
  `promotion_id` bigint unsigned NOT NULL,
  `product_id` bigint unsigned NOT NULL,
  `original_price` decimal(12,2) NOT NULL,
  `promotion_price` decimal(12,2) NOT NULL,
  `discount_rate` decimal(5,4) DEFAULT NULL,
  `ai_suggested_price` decimal(12,2) DEFAULT NULL,
  `cost_price` decimal(12,2) DEFAULT NULL COMMENT '成本价（防止亏本）',
  `stock_qty_at_start` decimal(10,3) DEFAULT NULL,
  `target_clear_qty` decimal(10,3) DEFAULT NULL,
  `actual_sold_qty` decimal(10,3) NOT NULL DEFAULT '0.000',
  `created_at` timestamp NULL DEFAULT NULL,
  `updated_at` timestamp NULL DEFAULT NULL,
  PRIMARY KEY (`id`),
  KEY `promotion_items_product_id_foreign` (`product_id`),
  KEY `promotion_items_promotion_id_index` (`promotion_id`),
  CONSTRAINT `promotion_items_product_id_foreign` FOREIGN KEY (`product_id`) REFERENCES `products` (`id`) ON DELETE CASCADE,
  CONSTRAINT `promotion_items_promotion_id_foreign` FOREIGN KEY (`promotion_id`) REFERENCES `promotions` (`id`) ON DELETE CASCADE
) ENGINE=InnoDB DEFAULT CHARSET=utf8mb4 COLLATE=utf8mb4_unicode_ci;
/*!40101 SET character_set_client = @saved_cs_client */;

--
-- Dumping data for table `promotion_items`
--

LOCK TABLES `promotion_items` WRITE;
/*!40000 ALTER TABLE `promotion_items` DISABLE KEYS */;
/*!40000 ALTER TABLE `promotion_items` ENABLE KEYS */;
UNLOCK TABLES;

--
-- Table structure for table `promotion_reviews`
--

DROP TABLE IF EXISTS `promotion_reviews`;
/*!40101 SET @saved_cs_client     = @@character_set_client */;
/*!50503 SET character_set_client = utf8mb4 */;
CREATE TABLE `promotion_reviews` (
  `id` bigint unsigned NOT NULL AUTO_INCREMENT,
  `promotion_id` bigint unsigned NOT NULL,
  `store_id` bigint unsigned NOT NULL,
  `total_revenue` decimal(12,2) NOT NULL DEFAULT '0.00',
  `total_cost` decimal(12,2) NOT NULL DEFAULT '0.00',
  `gross_profit` decimal(12,2) NOT NULL DEFAULT '0.00',
  `gross_profit_rate` decimal(6,4) DEFAULT NULL,
  `clear_rate` decimal(5,4) DEFAULT NULL COMMENT '清货率',
  `waste_amount_prevented` decimal(12,2) NOT NULL DEFAULT '0.00',
  `customer_traffic_change` decimal(6,4) DEFAULT NULL COMMENT '客流变化率',
  `ai_effectiveness_score` decimal(5,2) DEFAULT NULL,
  `lessons_learned` text CHARACTER SET utf8mb4 COLLATE utf8mb4_unicode_ci,
  `recommendations` json DEFAULT NULL,
  `generated_at` timestamp NOT NULL DEFAULT CURRENT_TIMESTAMP,
  PRIMARY KEY (`id`),
  KEY `promotion_reviews_promotion_id_foreign` (`promotion_id`),
  KEY `promotion_reviews_store_id_index` (`store_id`),
  CONSTRAINT `promotion_reviews_promotion_id_foreign` FOREIGN KEY (`promotion_id`) REFERENCES `promotions` (`id`) ON DELETE CASCADE,
  CONSTRAINT `promotion_reviews_store_id_foreign` FOREIGN KEY (`store_id`) REFERENCES `stores` (`id`) ON DELETE CASCADE
) ENGINE=InnoDB DEFAULT CHARSET=utf8mb4 COLLATE=utf8mb4_unicode_ci;
/*!40101 SET character_set_client = @saved_cs_client */;

--
-- Dumping data for table `promotion_reviews`
--

LOCK TABLES `promotion_reviews` WRITE;
/*!40000 ALTER TABLE `promotion_reviews` DISABLE KEYS */;
/*!40000 ALTER TABLE `promotion_reviews` ENABLE KEYS */;
UNLOCK TABLES;

--
-- Table structure for table `promotion_rules`
--

DROP TABLE IF EXISTS `promotion_rules`;
/*!40101 SET @saved_cs_client     = @@character_set_client */;
/*!50503 SET character_set_client = utf8mb4 */;
CREATE TABLE `promotion_rules` (
  `id` bigint unsigned NOT NULL AUTO_INCREMENT,
  `organization_id` bigint unsigned NOT NULL,
  `name` varchar(200) CHARACTER SET utf8mb4 COLLATE utf8mb4_unicode_ci NOT NULL,
  `trigger_type` tinyint NOT NULL COMMENT '1:库存阈值 2:临期天数 3:滞销天数 4:手动触发 5:节假日',
  `trigger_condition` json DEFAULT NULL COMMENT '触发条件参数',
  `promotion_type` tinyint NOT NULL COMMENT '1:折扣 2:满减 3:买赠 4:捆绑销售 5:限时特价',
  `pricing_strategy` tinyint NOT NULL DEFAULT '1' COMMENT '1:固定折扣 2:AI动态定价 3:清零定价',
  `max_discount_rate` decimal(5,4) DEFAULT NULL COMMENT '最大折扣率下限',
  `apply_to` tinyint NOT NULL DEFAULT '1' COMMENT '1:全品类 2:指定分类 3:指定商品',
  `apply_target_ids` json DEFAULT NULL,
  `auto_execute` tinyint(1) NOT NULL DEFAULT '0' COMMENT '是否自动执行',
  `is_active` tinyint(1) NOT NULL DEFAULT '1',
  `created_at` timestamp NULL DEFAULT NULL,
  `updated_at` timestamp NULL DEFAULT NULL,
  `deleted_at` timestamp NULL DEFAULT NULL,
  PRIMARY KEY (`id`),
  KEY `promotion_rules_organization_id_is_active_index` (`organization_id`,`is_active`),
  CONSTRAINT `promotion_rules_organization_id_foreign` FOREIGN KEY (`organization_id`) REFERENCES `organizations` (`id`) ON DELETE CASCADE
) ENGINE=InnoDB DEFAULT CHARSET=utf8mb4 COLLATE=utf8mb4_unicode_ci;
/*!40101 SET character_set_client = @saved_cs_client */;

--
-- Dumping data for table `promotion_rules`
--

LOCK TABLES `promotion_rules` WRITE;
/*!40000 ALTER TABLE `promotion_rules` DISABLE KEYS */;
/*!40000 ALTER TABLE `promotion_rules` ENABLE KEYS */;
UNLOCK TABLES;

--
-- Table structure for table `promotions`
--

DROP TABLE IF EXISTS `promotions`;
/*!40101 SET @saved_cs_client     = @@character_set_client */;
/*!50503 SET character_set_client = utf8mb4 */;
CREATE TABLE `promotions` (
  `id` bigint unsigned NOT NULL AUTO_INCREMENT,
  `store_id` bigint unsigned NOT NULL,
  `rule_id` bigint unsigned DEFAULT NULL,
  `name` varchar(200) CHARACTER SET utf8mb4 COLLATE utf8mb4_unicode_ci NOT NULL,
  `trigger_source` tinyint NOT NULL DEFAULT '1' COMMENT '1:AI自动触发 2:店长手动 3:总部下发',
  `status` tinyint NOT NULL DEFAULT '1' COMMENT '1:待审核 2:进行中 3:已暂停 4:已结束 5:已取消',
  `started_at` timestamp NULL DEFAULT NULL,
  `ended_at` timestamp NULL DEFAULT NULL,
  `ai_analysis` json DEFAULT NULL COMMENT 'AI触发时的分析快照',
  `total_sales_qty` decimal(10,3) NOT NULL DEFAULT '0.000',
  `total_sales_amount` decimal(12,2) NOT NULL DEFAULT '0.00',
  `total_saved_waste_amount` decimal(12,2) NOT NULL DEFAULT '0.00',
  `created_by` bigint unsigned DEFAULT NULL,
  `approved_by` bigint unsigned DEFAULT NULL,
  `created_at` timestamp NULL DEFAULT NULL,
  `updated_at` timestamp NULL DEFAULT NULL,
  `deleted_at` timestamp NULL DEFAULT NULL,
  PRIMARY KEY (`id`),
  KEY `promotions_rule_id_foreign` (`rule_id`),
  KEY `promotions_created_by_foreign` (`created_by`),
  KEY `promotions_approved_by_foreign` (`approved_by`),
  KEY `promotions_store_id_status_index` (`store_id`,`status`),
  KEY `promotions_store_id_started_at_ended_at_index` (`store_id`,`started_at`,`ended_at`),
  CONSTRAINT `promotions_approved_by_foreign` FOREIGN KEY (`approved_by`) REFERENCES `users` (`id`) ON DELETE SET NULL,
  CONSTRAINT `promotions_created_by_foreign` FOREIGN KEY (`created_by`) REFERENCES `users` (`id`) ON DELETE SET NULL,
  CONSTRAINT `promotions_rule_id_foreign` FOREIGN KEY (`rule_id`) REFERENCES `promotion_rules` (`id`) ON DELETE SET NULL,
  CONSTRAINT `promotions_store_id_foreign` FOREIGN KEY (`store_id`) REFERENCES `stores` (`id`) ON DELETE CASCADE
) ENGINE=InnoDB DEFAULT CHARSET=utf8mb4 COLLATE=utf8mb4_unicode_ci;
/*!40101 SET character_set_client = @saved_cs_client */;

--
-- Dumping data for table `promotions`
--

LOCK TABLES `promotions` WRITE;
/*!40000 ALTER TABLE `promotions` DISABLE KEYS */;
/*!40000 ALTER TABLE `promotions` ENABLE KEYS */;
UNLOCK TABLES;

--
-- Table structure for table `purchase_order_items`
--

DROP TABLE IF EXISTS `purchase_order_items`;
/*!40101 SET @saved_cs_client     = @@character_set_client */;
/*!50503 SET character_set_client = utf8mb4 */;
CREATE TABLE `purchase_order_items` (
  `id` bigint unsigned NOT NULL AUTO_INCREMENT,
  `purchase_order_id` bigint unsigned NOT NULL,
  `product_id` bigint unsigned NOT NULL,
  `supplier_id` bigint unsigned DEFAULT NULL,
  `ordered_qty` decimal(10,3) NOT NULL,
  `received_qty` decimal(10,3) NOT NULL DEFAULT '0.000',
  `unit_price` decimal(12,4) NOT NULL,
  `total_price` decimal(12,2) NOT NULL,
  `created_at` timestamp NULL DEFAULT NULL,
  `updated_at` timestamp NULL DEFAULT NULL,
  PRIMARY KEY (`id`),
  KEY `purchase_order_items_purchase_order_id_index` (`purchase_order_id`),
  KEY `purchase_order_items_product_id_index` (`product_id`),
  KEY `purchase_order_items_supplier_id_foreign` (`supplier_id`),
  CONSTRAINT `purchase_order_items_product_id_foreign` FOREIGN KEY (`product_id`) REFERENCES `products` (`id`) ON DELETE CASCADE,
  CONSTRAINT `purchase_order_items_purchase_order_id_foreign` FOREIGN KEY (`purchase_order_id`) REFERENCES `purchase_orders` (`id`) ON DELETE CASCADE,
  CONSTRAINT `purchase_order_items_supplier_id_foreign` FOREIGN KEY (`supplier_id`) REFERENCES `suppliers` (`id`) ON DELETE SET NULL
) ENGINE=InnoDB AUTO_INCREMENT=319 DEFAULT CHARSET=utf8mb4 COLLATE=utf8mb4_unicode_ci;
/*!40101 SET character_set_client = @saved_cs_client */;

--
-- Dumping data for table `purchase_order_items`
--

LOCK TABLES `purchase_order_items` WRITE;
/*!40000 ALTER TABLE `purchase_order_items` DISABLE KEYS */;
INSERT INTO `purchase_order_items` VALUES (1,1,1,1,26.200,26.200,1.2000,31.44,'2026-03-22 03:24:49','2026-03-22 03:24:49'),(2,1,3,1,43.700,43.700,0.8000,34.96,'2026-03-22 03:24:49','2026-03-22 03:24:49'),(3,1,4,1,22.800,22.800,2.5000,57.00,'2026-03-22 03:24:49','2026-03-22 03:24:49'),(4,1,6,1,33.700,33.700,1.0000,33.70,'2026-03-22 03:24:49','2026-03-22 03:24:49'),(5,1,11,2,11.500,11.500,18.0000,207.00,'2026-03-22 03:24:49','2026-03-22 03:24:49'),(6,1,12,2,9.300,9.300,12.5000,116.25,'2026-03-22 03:24:49','2026-03-22 03:24:49'),(7,1,15,3,6.500,6.500,28.0000,182.00,'2026-03-22 03:24:49','2026-03-22 03:24:49'),(8,1,18,1,16.900,16.900,2.5000,42.25,'2026-03-22 03:24:49','2026-03-22 03:24:49'),(9,1,19,1,18.700,18.700,1.8000,33.66,'2026-03-22 03:24:49','2026-03-22 03:24:49'),(10,1,17,3,11.700,11.700,12.0000,140.40,'2026-03-22 03:24:49','2026-03-22 03:24:49'),(21,3,1,1,34.700,34.700,1.2000,41.64,'2026-03-22 03:24:49','2026-03-22 03:24:49'),(22,3,3,1,44.500,44.500,0.8000,35.60,'2026-03-22 03:24:49','2026-03-22 03:24:49'),(23,3,4,1,28.900,28.900,2.5000,72.25,'2026-03-22 03:24:49','2026-03-22 03:24:49'),(24,3,6,1,37.200,37.200,1.0000,37.20,'2026-03-22 03:24:49','2026-03-22 03:24:49'),(25,3,11,2,10.600,10.600,18.0000,190.80,'2026-03-22 03:24:49','2026-03-22 03:24:49'),(26,3,12,2,8.700,8.700,12.5000,108.75,'2026-03-22 03:24:49','2026-03-22 03:24:49'),(27,3,15,3,9.800,9.800,28.0000,274.40,'2026-03-22 03:24:49','2026-03-22 03:24:49'),(28,3,18,1,25.700,25.700,2.5000,64.25,'2026-03-22 03:24:49','2026-03-22 03:24:49'),(29,3,19,1,24.700,24.700,1.8000,44.46,'2026-03-22 03:24:49','2026-03-22 03:24:49'),(30,3,17,3,13.400,13.400,12.0000,160.80,'2026-03-22 03:24:49','2026-03-22 03:24:49'),(31,4,1,1,37.400,37.400,1.2000,44.88,'2026-03-22 03:24:49','2026-03-22 03:24:49'),(32,4,3,1,28.300,28.300,0.8000,22.64,'2026-03-22 03:24:49','2026-03-22 03:24:49'),(33,4,4,1,20.800,20.800,2.5000,52.00,'2026-03-22 03:24:49','2026-03-22 03:24:49'),(34,4,6,1,37.300,37.300,1.0000,37.30,'2026-03-22 03:24:49','2026-03-22 03:24:49'),(35,4,11,2,12.100,12.100,18.0000,217.80,'2026-03-22 03:24:49','2026-03-22 03:24:49'),(36,4,12,2,9.000,9.000,12.5000,112.50,'2026-03-22 03:24:49','2026-03-22 03:24:49'),(37,4,15,3,7.200,7.200,28.0000,201.60,'2026-03-22 03:24:49','2026-03-22 03:24:49'),(38,4,18,1,19.800,19.800,2.5000,49.50,'2026-03-22 03:24:49','2026-03-22 03:24:49'),(39,4,10,1,20.900,20.900,3.8000,79.42,'2026-03-22 03:24:49','2026-03-22 03:24:49'),(40,4,14,2,7.100,7.100,22.0000,156.20,'2026-03-22 03:24:49','2026-03-22 03:24:49'),(51,6,1,1,22.700,22.700,1.2000,27.24,'2026-03-22 03:24:49','2026-03-22 03:24:49'),(52,6,3,1,48.900,48.900,0.8000,39.12,'2026-03-22 03:24:49','2026-03-22 03:24:49'),(53,6,4,1,18.000,18.000,2.5000,45.00,'2026-03-22 03:24:49','2026-03-22 03:24:49'),(54,6,6,1,27.200,27.200,1.0000,27.20,'2026-03-22 03:24:50','2026-03-22 03:24:50'),(55,6,11,2,13.000,13.000,18.0000,234.00,'2026-03-22 03:24:50','2026-03-22 03:24:50'),(56,6,12,2,12.200,12.200,12.5000,152.50,'2026-03-22 03:24:50','2026-03-22 03:24:50'),(57,6,15,3,10.400,10.400,28.0000,291.20,'2026-03-22 03:24:50','2026-03-22 03:24:50'),(58,6,18,1,22.600,22.600,2.5000,56.50,'2026-03-22 03:24:50','2026-03-22 03:24:50'),(59,6,10,1,12.800,12.800,3.8000,48.64,'2026-03-22 03:24:50','2026-03-22 03:24:50'),(60,6,14,2,7.600,7.600,22.0000,167.20,'2026-03-22 03:24:50','2026-03-22 03:24:50'),(61,7,1,1,32.500,32.500,1.2000,39.00,'2026-03-22 03:24:50','2026-03-22 03:24:50'),(62,7,3,1,37.600,37.600,0.8000,30.08,'2026-03-22 03:24:50','2026-03-22 03:24:50'),(63,7,4,1,21.700,21.700,2.5000,54.25,'2026-03-22 03:24:50','2026-03-22 03:24:50'),(64,7,6,1,41.800,41.800,1.0000,41.80,'2026-03-22 03:24:50','2026-03-22 03:24:50'),(65,7,11,2,9.600,9.600,18.0000,172.80,'2026-03-22 03:24:50','2026-03-22 03:24:50'),(66,7,12,2,10.300,10.300,12.5000,128.75,'2026-03-22 03:24:50','2026-03-22 03:24:50'),(67,7,15,3,8.800,8.800,28.0000,246.40,'2026-03-22 03:24:50','2026-03-22 03:24:50'),(68,7,18,1,24.500,24.500,2.5000,61.25,'2026-03-22 03:24:50','2026-03-22 03:24:50'),(69,7,7,1,19.800,19.800,1.5000,29.70,'2026-03-22 03:24:50','2026-03-22 03:24:50'),(70,7,9,1,13.900,13.900,3.2000,44.48,'2026-03-22 03:24:50','2026-03-22 03:24:50'),(81,9,1,1,36.700,36.700,1.2000,44.04,'2026-03-22 03:24:50','2026-03-22 03:24:50'),(82,9,3,1,40.500,40.500,0.8000,32.40,'2026-03-22 03:24:50','2026-03-22 03:24:50'),(83,9,4,1,31.700,31.700,2.5000,79.25,'2026-03-22 03:24:50','2026-03-22 03:24:50'),(84,9,6,1,26.700,26.700,1.0000,26.70,'2026-03-22 03:24:50','2026-03-22 03:24:50'),(85,9,11,2,8.100,8.100,18.0000,145.80,'2026-03-22 03:24:50','2026-03-22 03:24:50'),(86,9,12,2,13.000,13.000,12.5000,162.50,'2026-03-22 03:24:50','2026-03-22 03:24:50'),(87,9,15,3,5.800,5.800,28.0000,162.40,'2026-03-22 03:24:50','2026-03-22 03:24:50'),(88,9,18,1,21.000,21.000,2.5000,52.50,'2026-03-22 03:24:50','2026-03-22 03:24:50'),(89,9,7,1,16.600,16.600,1.5000,24.90,'2026-03-22 03:24:50','2026-03-22 03:24:50'),(90,9,9,1,12.200,12.200,3.2000,39.04,'2026-03-22 03:24:50','2026-03-22 03:24:50'),(91,10,1,1,27.400,0.000,1.2000,32.88,'2026-03-22 03:24:50','2026-03-22 03:24:50'),(92,10,3,1,29.200,0.000,0.8000,23.36,'2026-03-22 03:24:50','2026-03-22 03:24:50'),(93,10,4,1,27.300,0.000,2.5000,68.25,'2026-03-22 03:24:50','2026-03-22 03:24:50'),(94,10,6,1,26.400,0.000,1.0000,26.40,'2026-03-22 03:24:50','2026-03-22 03:24:50'),(95,10,11,2,7.000,0.000,18.0000,126.00,'2026-03-22 03:24:50','2026-03-22 03:24:50'),(96,10,12,2,8.600,0.000,12.5000,107.50,'2026-03-22 03:24:50','2026-03-22 03:24:50'),(97,10,15,3,9.900,0.000,28.0000,277.20,'2026-03-22 03:24:50','2026-03-22 03:24:50'),(98,10,18,1,22.800,0.000,2.5000,57.00,'2026-03-22 03:24:50','2026-03-22 03:24:50'),(99,10,5,1,17.700,0.000,2.8000,49.56,'2026-03-22 03:24:50','2026-03-22 03:24:50'),(100,10,8,1,22.100,0.000,4.5000,99.45,'2026-03-22 03:24:50','2026-03-22 03:24:50'),(111,12,1,1,36.900,0.000,1.2000,44.28,'2026-03-22 03:24:50','2026-03-22 03:24:50'),(112,12,3,1,32.300,0.000,0.8000,25.84,'2026-03-22 03:24:50','2026-03-22 03:24:50'),(113,12,4,1,31.900,0.000,2.5000,79.75,'2026-03-22 03:24:50','2026-03-22 03:24:50'),(114,12,6,1,25.900,0.000,1.0000,25.90,'2026-03-22 03:24:50','2026-03-22 03:24:50'),(115,12,11,2,9.500,0.000,18.0000,171.00,'2026-03-22 03:24:50','2026-03-22 03:24:50'),(116,12,12,2,13.100,0.000,12.5000,163.75,'2026-03-22 03:24:50','2026-03-22 03:24:50'),(117,12,15,3,9.700,0.000,28.0000,271.60,'2026-03-22 03:24:50','2026-03-22 03:24:50'),(118,12,18,1,17.300,0.000,2.5000,43.25,'2026-03-22 03:24:50','2026-03-22 03:24:50'),(119,12,5,1,14.200,0.000,2.8000,39.76,'2026-03-22 03:24:50','2026-03-22 03:24:50'),(120,12,8,1,21.400,0.000,4.5000,96.30,'2026-03-22 03:24:50','2026-03-22 03:24:50'),(121,13,1,1,25.400,0.000,1.2000,30.48,'2026-03-22 03:24:50','2026-03-22 03:24:50'),(122,13,3,1,36.800,0.000,0.8000,29.44,'2026-03-22 03:24:50','2026-03-22 03:24:50'),(123,13,4,1,31.300,0.000,2.5000,78.25,'2026-03-22 03:24:50','2026-03-22 03:24:50'),(124,13,6,1,37.100,0.000,1.0000,37.10,'2026-03-22 03:24:50','2026-03-22 03:24:50'),(125,13,11,2,8.400,0.000,18.0000,151.20,'2026-03-22 03:24:50','2026-03-22 03:24:50'),(126,13,12,2,12.400,0.000,12.5000,155.00,'2026-03-22 03:24:50','2026-03-22 03:24:50'),(127,13,15,3,7.900,0.000,28.0000,221.20,'2026-03-22 03:24:50','2026-03-22 03:24:50'),(128,13,18,1,22.600,0.000,2.5000,56.50,'2026-03-22 03:24:50','2026-03-22 03:24:50'),(129,13,2,1,14.300,0.000,3.5000,50.05,'2026-03-22 03:24:50','2026-03-22 03:24:50'),(130,13,16,3,6.200,0.000,65.0000,403.00,'2026-03-22 03:24:50','2026-03-22 03:24:50'),(141,15,1,1,33.200,0.000,1.2000,39.84,'2026-03-22 03:24:50','2026-03-22 03:24:50'),(142,15,3,1,44.300,0.000,0.8000,35.44,'2026-03-22 03:24:50','2026-03-22 03:24:50'),(143,15,4,1,28.000,0.000,2.5000,70.00,'2026-03-22 03:24:50','2026-03-22 03:24:50'),(144,15,6,1,38.900,0.000,1.0000,38.90,'2026-03-22 03:24:50','2026-03-22 03:24:50'),(145,15,11,2,10.800,0.000,18.0000,194.40,'2026-03-22 03:24:50','2026-03-22 03:24:50'),(146,15,12,2,11.700,0.000,12.5000,146.25,'2026-03-22 03:24:50','2026-03-22 03:24:50'),(147,15,15,3,9.000,0.000,28.0000,252.00,'2026-03-22 03:24:50','2026-03-22 03:24:50'),(148,15,18,1,15.300,0.000,2.5000,38.25,'2026-03-22 03:24:50','2026-03-22 03:24:50'),(149,15,2,1,15.000,0.000,3.5000,52.50,'2026-03-22 03:24:50','2026-03-22 03:24:50'),(150,15,16,3,4.400,0.000,65.0000,286.00,'2026-03-22 03:24:50','2026-03-22 03:24:50'),(178,41,32,NULL,1.000,1.000,0.0000,0.00,'2026-04-01 00:46:12','2026-04-01 00:46:12'),(179,41,33,NULL,1.000,1.000,0.0000,0.00,'2026-04-01 00:46:12','2026-04-01 00:46:12'),(180,41,34,NULL,2.000,2.000,0.0000,0.00,'2026-04-01 00:46:12','2026-04-01 00:46:12'),(181,41,9,NULL,1.000,1.000,0.0000,0.00,'2026-04-01 00:46:12','2026-04-01 00:46:12'),(182,41,35,NULL,1.000,1.000,0.0000,0.00,'2026-04-01 00:46:12','2026-04-01 00:46:12'),(183,41,36,NULL,1.000,1.000,0.0000,0.00,'2026-04-01 00:46:12','2026-04-01 00:46:12'),(184,41,37,NULL,2.000,2.000,0.0000,0.00,'2026-04-01 00:46:12','2026-04-01 00:46:12'),(185,41,38,NULL,2.000,2.000,0.0000,0.00,'2026-04-01 00:46:12','2026-04-01 00:46:12'),(186,41,39,NULL,2.000,2.000,0.0000,0.00,'2026-04-01 00:46:12','2026-04-01 00:46:12'),(187,41,40,NULL,1.000,1.000,0.0000,0.00,'2026-04-01 00:46:12','2026-04-01 00:46:12'),(188,41,41,NULL,0.500,0.500,0.0000,0.00,'2026-04-01 00:46:12','2026-04-01 00:46:12'),(189,41,42,NULL,1.000,1.000,0.0000,0.00,'2026-04-01 00:46:12','2026-04-01 00:46:12'),(190,41,43,NULL,1.000,1.000,0.0000,0.00,'2026-04-01 00:46:12','2026-04-01 00:46:12'),(191,41,44,NULL,1.000,1.000,0.0000,0.00,'2026-04-01 00:46:12','2026-04-01 00:46:12'),(192,42,24,NULL,1.000,1.000,0.0000,0.00,'2026-04-01 00:47:55','2026-04-01 00:47:55'),(193,42,25,NULL,1.000,1.000,0.0000,0.00,'2026-04-01 00:47:55','2026-04-01 00:47:55'),(194,42,26,NULL,1.000,1.000,0.0000,0.00,'2026-04-01 00:47:55','2026-04-01 00:47:55'),(195,42,27,NULL,1.000,1.000,0.0000,0.00,'2026-04-01 00:47:55','2026-04-01 00:47:55'),(196,42,28,NULL,1.000,1.000,0.0000,0.00,'2026-04-01 00:47:55','2026-04-01 00:47:55'),(197,42,29,NULL,1.000,1.000,0.0000,0.00,'2026-04-01 00:47:55','2026-04-01 00:47:55'),(198,42,30,NULL,1.000,1.000,0.0000,0.00,'2026-04-01 00:47:55','2026-04-01 00:47:55'),(199,42,31,NULL,1.000,1.000,0.0000,0.00,'2026-04-01 00:47:55','2026-04-01 00:47:55'),(200,43,47,NULL,2.000,2.000,0.0000,0.00,'2026-04-04 00:09:48','2026-04-04 00:09:48'),(201,43,48,NULL,2.000,2.000,0.0000,0.00,'2026-04-04 00:09:48','2026-04-04 00:09:48'),(202,43,49,NULL,2.000,2.000,0.0000,0.00,'2026-04-04 00:09:48','2026-04-04 00:09:48'),(203,43,50,NULL,2.000,2.000,0.0000,0.00,'2026-04-04 00:09:48','2026-04-04 00:09:48'),(204,43,51,NULL,2.000,2.000,0.0000,0.00,'2026-04-04 00:09:48','2026-04-04 00:09:48'),(205,43,52,NULL,2.000,2.000,0.0000,0.00,'2026-04-04 00:09:48','2026-04-04 00:09:48'),(206,43,53,NULL,2.000,2.000,0.0000,0.00,'2026-04-04 00:09:48','2026-04-04 00:09:48'),(207,43,54,NULL,2.000,2.000,0.0000,0.00,'2026-04-04 00:09:48','2026-04-04 00:09:48'),(208,44,56,NULL,72.000,72.000,5.0000,360.00,'2026-04-06 17:10:59','2026-04-06 17:10:59'),(209,44,33,NULL,38.000,38.000,9.0000,342.00,'2026-04-06 17:10:59','2026-04-06 17:10:59'),(210,44,9,NULL,26.000,26.000,6.0000,156.00,'2026-04-06 17:10:59','2026-04-06 17:10:59'),(211,44,35,NULL,19.000,19.000,8.0000,152.00,'2026-04-06 17:10:59','2026-04-06 17:10:59'),(212,44,37,NULL,36.000,36.000,15.0000,540.00,'2026-04-06 17:10:59','2026-04-06 17:10:59'),(213,44,57,NULL,20.000,20.000,45.0000,900.00,'2026-04-06 17:10:59','2026-04-06 17:10:59'),(214,44,58,NULL,20.000,20.000,12.0000,240.00,'2026-04-06 17:10:59','2026-04-06 17:10:59'),(215,44,41,NULL,10.000,10.000,10.0000,100.00,'2026-04-06 17:10:59','2026-04-06 17:10:59'),(216,44,59,NULL,72.000,72.000,5.0000,360.00,'2026-04-06 17:10:59','2026-04-06 17:10:59'),(217,44,45,NULL,20.000,20.000,10.0000,200.00,'2026-04-06 17:10:59','2026-04-06 17:10:59'),(218,45,60,NULL,2.000,2.000,0.0000,0.00,'2026-04-16 04:17:46','2026-04-16 04:17:46'),(219,45,44,NULL,1.000,1.000,0.0000,0.00,'2026-04-16 04:17:46','2026-04-16 04:17:46'),(220,45,61,NULL,1.000,1.000,0.0000,0.00,'2026-04-16 04:17:46','2026-04-16 04:17:46'),(221,45,45,NULL,1.000,1.000,0.0000,0.00,'2026-04-16 04:17:46','2026-04-16 04:17:46'),(222,45,43,NULL,1.000,1.000,0.0000,0.00,'2026-04-16 04:17:46','2026-04-16 04:17:46'),(223,45,32,NULL,1.000,1.000,0.0000,0.00,'2026-04-16 04:17:46','2026-04-16 04:17:46'),(224,46,1,NULL,20.000,20.000,0.0000,0.00,'2026-04-28 04:46:23','2026-04-28 04:46:23'),(225,47,4,NULL,50.000,50.000,0.0000,0.00,'2026-05-10 21:41:39','2026-05-10 21:41:39'),(226,47,1,NULL,30.000,30.000,0.0000,0.00,'2026-05-10 21:41:39','2026-05-10 21:41:39'),(227,48,10,NULL,10.000,10.000,0.0000,0.00,'2026-05-10 23:21:55','2026-05-10 23:21:55'),(228,49,1,NULL,10.000,10.000,0.0000,0.00,'2026-05-11 12:00:58','2026-05-11 12:00:58'),(229,49,64,NULL,30.000,30.000,0.0000,0.00,'2026-05-11 12:00:58','2026-05-11 12:00:58'),(230,50,70,NULL,2.000,2.000,0.0000,0.00,'2026-05-11 13:04:20','2026-05-11 13:04:20'),(231,50,71,NULL,2.000,2.000,0.0000,0.00,'2026-05-11 13:04:20','2026-05-11 13:04:20'),(232,50,50,NULL,2.000,2.000,0.0000,0.00,'2026-05-11 13:04:20','2026-05-11 13:04:20'),(233,50,72,NULL,2.000,2.000,0.0000,0.00,'2026-05-11 13:04:20','2026-05-11 13:04:20'),(234,50,73,NULL,2.000,2.000,0.0000,0.00,'2026-05-11 13:04:20','2026-05-11 13:04:20'),(235,50,74,NULL,2.000,2.000,0.0000,0.00,'2026-05-11 13:04:20','2026-05-11 13:04:20'),(236,50,75,NULL,2.000,2.000,0.0000,0.00,'2026-05-11 13:04:20','2026-05-11 13:04:20'),(237,51,76,NULL,1.000,1.000,0.0000,0.00,'2026-05-11 13:04:51','2026-05-11 13:04:51'),(238,51,77,NULL,1.000,1.000,0.0000,0.00,'2026-05-11 13:04:51','2026-05-11 13:04:51'),(239,51,37,NULL,1.000,1.000,0.0000,0.00,'2026-05-11 13:04:51','2026-05-11 13:04:51'),(240,51,78,NULL,3.000,3.000,0.0000,0.00,'2026-05-11 13:04:51','2026-05-11 13:04:51'),(241,51,79,NULL,2.000,2.000,0.0000,0.00,'2026-05-11 13:04:51','2026-05-11 13:04:51'),(242,52,80,NULL,6.000,6.000,0.0000,0.00,'2026-05-11 13:35:31','2026-05-11 13:35:31'),(243,52,81,NULL,5.000,5.000,0.0000,0.00,'2026-05-11 13:35:31','2026-05-11 13:35:31'),(244,53,82,NULL,8.000,8.000,0.0000,0.00,'2026-05-11 13:38:53','2026-05-11 13:38:53'),(245,53,83,NULL,5.000,5.000,0.0000,0.00,'2026-05-11 13:38:53','2026-05-11 13:38:53'),(246,53,84,NULL,8.000,8.000,0.0000,0.00,'2026-05-11 13:38:53','2026-05-11 13:38:53'),(247,53,85,NULL,12.000,12.000,0.0000,0.00,'2026-05-11 13:38:53','2026-05-11 13:38:53'),(248,53,86,NULL,6.000,6.000,0.0000,0.00,'2026-05-11 13:38:53','2026-05-11 13:38:53'),(249,53,87,NULL,15.000,15.000,0.0000,0.00,'2026-05-11 13:38:53','2026-05-11 13:38:53'),(250,53,88,NULL,2.000,2.000,0.0000,0.00,'2026-05-11 13:38:53','2026-05-11 13:38:53'),(251,53,89,NULL,5.000,5.000,0.0000,0.00,'2026-05-11 13:38:53','2026-05-11 13:38:53'),(252,53,90,NULL,3.000,3.000,0.0000,0.00,'2026-05-11 13:38:53','2026-05-11 13:38:53'),(253,53,91,NULL,3.000,3.000,0.0000,0.00,'2026-05-11 13:38:53','2026-05-11 13:38:53'),(254,53,92,NULL,20.000,20.000,0.0000,0.00,'2026-05-11 13:38:53','2026-05-11 13:38:53'),(255,53,93,NULL,5.000,5.000,0.0000,0.00,'2026-05-11 13:38:53','2026-05-11 13:38:53'),(256,53,94,NULL,6.000,6.000,0.0000,0.00,'2026-05-11 13:38:53','2026-05-11 13:38:53'),(257,53,95,NULL,3.000,3.000,0.0000,0.00,'2026-05-11 13:38:53','2026-05-11 13:38:53'),(258,53,96,NULL,6.000,6.000,0.0000,0.00,'2026-05-11 13:38:53','2026-05-11 13:38:53'),(259,53,97,NULL,2.000,2.000,0.0000,0.00,'2026-05-11 13:38:53','2026-05-11 13:38:53'),(260,53,98,NULL,8.000,8.000,0.0000,0.00,'2026-05-11 13:38:53','2026-05-11 13:38:53'),(261,53,99,NULL,3.000,3.000,0.0000,0.00,'2026-05-11 13:38:53','2026-05-11 13:38:53'),(262,53,100,NULL,2.000,2.000,0.0000,0.00,'2026-05-11 13:38:53','2026-05-11 13:38:53'),(263,53,101,NULL,2.000,2.000,0.0000,0.00,'2026-05-11 13:38:53','2026-05-11 13:38:53'),(264,53,102,NULL,2.000,2.000,0.0000,0.00,'2026-05-11 13:38:53','2026-05-11 13:38:53'),(265,53,102,NULL,4.000,4.000,0.0000,0.00,'2026-05-11 13:38:53','2026-05-11 13:38:53'),(266,53,103,NULL,2.000,2.000,0.0000,0.00,'2026-05-11 13:38:53','2026-05-11 13:38:53'),(267,53,104,NULL,5.000,5.000,0.0000,0.00,'2026-05-11 13:38:53','2026-05-11 13:38:53'),(268,53,105,NULL,10.000,10.000,0.0000,0.00,'2026-05-11 13:38:53','2026-05-11 13:38:53'),(269,53,105,NULL,12.000,12.000,0.0000,0.00,'2026-05-11 13:38:53','2026-05-11 13:38:53'),(270,53,106,NULL,2.000,2.000,0.0000,0.00,'2026-05-11 13:38:53','2026-05-11 13:38:53'),(271,53,107,NULL,3.000,3.000,0.0000,0.00,'2026-05-11 13:38:53','2026-05-11 13:38:53'),(272,53,108,NULL,7.000,7.000,0.0000,0.00,'2026-05-11 13:38:53','2026-05-11 13:38:53'),(273,53,109,NULL,3.000,3.000,0.0000,0.00,'2026-05-11 13:38:53','2026-05-11 13:38:53'),(274,53,110,NULL,8.000,8.000,0.0000,0.00,'2026-05-11 13:38:53','2026-05-11 13:38:53'),(275,53,111,NULL,6.000,6.000,0.0000,0.00,'2026-05-11 13:38:53','2026-05-11 13:38:53'),(276,53,112,NULL,2.000,2.000,0.0000,0.00,'2026-05-11 13:38:53','2026-05-11 13:38:53'),(277,53,113,NULL,5.000,5.000,0.0000,0.00,'2026-05-11 13:38:53','2026-05-11 13:38:53'),(278,53,112,NULL,5.000,5.000,0.0000,0.00,'2026-05-11 13:38:53','2026-05-11 13:38:53'),(279,53,114,NULL,2.000,2.000,0.0000,0.00,'2026-05-11 13:38:54','2026-05-11 13:38:54'),(280,53,115,NULL,2.000,2.000,0.0000,0.00,'2026-05-11 13:38:54','2026-05-11 13:38:54'),(281,53,116,NULL,2.000,2.000,0.0000,0.00,'2026-05-11 13:38:54','2026-05-11 13:38:54'),(282,53,117,NULL,7.000,7.000,0.0000,0.00,'2026-05-11 13:38:54','2026-05-11 13:38:54'),(283,53,118,NULL,5.000,5.000,0.0000,0.00,'2026-05-11 13:38:54','2026-05-11 13:38:54'),(284,53,119,NULL,5.000,5.000,0.0000,0.00,'2026-05-11 13:38:54','2026-05-11 13:38:54'),(285,53,120,NULL,5.000,5.000,0.0000,0.00,'2026-05-11 13:38:54','2026-05-11 13:38:54'),(286,53,121,NULL,2.000,2.000,0.0000,0.00,'2026-05-11 13:38:54','2026-05-11 13:38:54'),(287,53,122,NULL,4.000,4.000,0.0000,0.00,'2026-05-11 13:38:54','2026-05-11 13:38:54'),(288,53,123,NULL,2.000,2.000,0.0000,0.00,'2026-05-11 13:38:54','2026-05-11 13:38:54'),(289,53,124,NULL,10.000,10.000,0.0000,0.00,'2026-05-11 13:38:54','2026-05-11 13:38:54'),(290,53,125,NULL,4.000,4.000,0.0000,0.00,'2026-05-11 13:38:54','2026-05-11 13:38:54'),(291,53,126,NULL,3.000,3.000,0.0000,0.00,'2026-05-11 13:38:54','2026-05-11 13:38:54'),(292,53,127,NULL,5.000,5.000,0.0000,0.00,'2026-05-11 13:38:54','2026-05-11 13:38:54'),(293,53,128,NULL,3.000,3.000,0.0000,0.00,'2026-05-11 13:38:54','2026-05-11 13:38:54'),(294,53,129,NULL,3.000,3.000,0.0000,0.00,'2026-05-11 13:38:54','2026-05-11 13:38:54'),(295,53,130,NULL,5.000,5.000,0.0000,0.00,'2026-05-11 13:38:54','2026-05-11 13:38:54'),(296,53,131,NULL,2.000,2.000,0.0000,0.00,'2026-05-11 13:38:54','2026-05-11 13:38:54'),(297,53,132,NULL,3.000,3.000,0.0000,0.00,'2026-05-11 13:38:54','2026-05-11 13:38:54'),(298,53,133,NULL,5.000,5.000,0.0000,0.00,'2026-05-11 13:38:54','2026-05-11 13:38:54'),(299,53,134,NULL,3.000,3.000,0.0000,0.00,'2026-05-11 13:38:54','2026-05-11 13:38:54'),(300,53,135,NULL,2.000,2.000,0.0000,0.00,'2026-05-11 13:38:54','2026-05-11 13:38:54'),(301,53,136,NULL,3.000,3.000,0.0000,0.00,'2026-05-11 13:38:54','2026-05-11 13:38:54'),(302,53,137,NULL,2.000,2.000,0.0000,0.00,'2026-05-11 13:38:54','2026-05-11 13:38:54'),(303,53,138,NULL,2.000,2.000,0.0000,0.00,'2026-05-11 13:38:54','2026-05-11 13:38:54'),(304,53,139,NULL,2.000,2.000,0.0000,0.00,'2026-05-11 13:38:54','2026-05-11 13:38:54'),(305,53,140,NULL,2.000,2.000,0.0000,0.00,'2026-05-11 13:38:54','2026-05-11 13:38:54'),(306,53,141,NULL,3.000,3.000,0.0000,0.00,'2026-05-11 13:38:54','2026-05-11 13:38:54'),(307,53,142,NULL,5.000,5.000,0.0000,0.00,'2026-05-11 13:38:54','2026-05-11 13:38:54'),(308,53,143,NULL,5.000,5.000,0.0000,0.00,'2026-05-11 13:38:54','2026-05-11 13:38:54'),(309,53,144,NULL,5.000,5.000,0.0000,0.00,'2026-05-11 13:38:54','2026-05-11 13:38:54'),(310,53,145,NULL,2.000,2.000,0.0000,0.00,'2026-05-11 13:38:54','2026-05-11 13:38:54'),(311,53,146,NULL,2.000,2.000,0.0000,0.00,'2026-05-11 13:38:54','2026-05-11 13:38:54'),(312,53,147,NULL,2.000,2.000,0.0000,0.00,'2026-05-11 13:38:54','2026-05-11 13:38:54'),(313,53,148,NULL,2.000,2.000,0.0000,0.00,'2026-05-11 13:38:54','2026-05-11 13:38:54'),(314,53,149,NULL,4.000,4.000,0.0000,0.00,'2026-05-11 13:38:54','2026-05-11 13:38:54'),(315,53,150,NULL,3.000,3.000,0.0000,0.00,'2026-05-11 13:38:54','2026-05-11 13:38:54'),(316,53,151,NULL,2.000,2.000,0.0000,0.00,'2026-05-11 13:38:54','2026-05-11 13:38:54'),(317,53,152,NULL,2.000,2.000,0.0000,0.00,'2026-05-11 13:38:54','2026-05-11 13:38:54'),(318,53,153,NULL,2.000,2.000,0.0000,0.00,'2026-05-11 13:38:54','2026-05-11 13:38:54');
/*!40000 ALTER TABLE `purchase_order_items` ENABLE KEYS */;
UNLOCK TABLES;

--
-- Table structure for table `purchase_orders`
--

DROP TABLE IF EXISTS `purchase_orders`;
/*!40101 SET @saved_cs_client     = @@character_set_client */;
/*!50503 SET character_set_client = utf8mb4 */;
CREATE TABLE `purchase_orders` (
  `id` bigint unsigned NOT NULL AUTO_INCREMENT,
  `store_id` bigint unsigned NOT NULL,
  `supplier_id` bigint unsigned DEFAULT NULL,
  `order_no` varchar(50) CHARACTER SET utf8mb4 COLLATE utf8mb4_unicode_ci NOT NULL,
  `order_type` tinyint NOT NULL DEFAULT '1' COMMENT '1:AI建议单 2:手动创建 3:紧急补货',
  `status` tinyint NOT NULL DEFAULT '1' COMMENT '1:草稿 2:待审核 3:已确认 4:配送中 5:已收货 6:已取消',
  `expected_delivery_date` date DEFAULT NULL,
  `actual_delivery_date` date DEFAULT NULL,
  `total_amount` decimal(12,2) NOT NULL DEFAULT '0.00',
  `notes` text CHARACTER SET utf8mb4 COLLATE utf8mb4_unicode_ci,
  `created_by` bigint unsigned DEFAULT NULL,
  `approved_by` bigint unsigned DEFAULT NULL,
  `approved_at` timestamp NULL DEFAULT NULL,
  `created_at` timestamp NULL DEFAULT NULL,
  `updated_at` timestamp NULL DEFAULT NULL,
  `deleted_at` timestamp NULL DEFAULT NULL,
  PRIMARY KEY (`id`),
  UNIQUE KEY `purchase_orders_order_no_unique` (`order_no`),
  KEY `purchase_orders_created_by_foreign` (`created_by`),
  KEY `purchase_orders_approved_by_foreign` (`approved_by`),
  KEY `purchase_orders_store_id_status_index` (`store_id`,`status`),
  KEY `purchase_orders_supplier_id_status_index` (`supplier_id`,`status`),
  KEY `purchase_orders_expected_delivery_date_index` (`expected_delivery_date`),
  CONSTRAINT `purchase_orders_approved_by_foreign` FOREIGN KEY (`approved_by`) REFERENCES `users` (`id`) ON DELETE SET NULL,
  CONSTRAINT `purchase_orders_created_by_foreign` FOREIGN KEY (`created_by`) REFERENCES `users` (`id`) ON DELETE SET NULL,
  CONSTRAINT `purchase_orders_store_id_foreign` FOREIGN KEY (`store_id`) REFERENCES `stores` (`id`) ON DELETE CASCADE,
  CONSTRAINT `purchase_orders_supplier_id_foreign` FOREIGN KEY (`supplier_id`) REFERENCES `suppliers` (`id`) ON DELETE CASCADE
) ENGINE=InnoDB AUTO_INCREMENT=54 DEFAULT CHARSET=utf8mb4 COLLATE=utf8mb4_unicode_ci;
/*!40101 SET character_set_client = @saved_cs_client */;

--
-- Dumping data for table `purchase_orders`
--

LOCK TABLES `purchase_orders` WRITE;
/*!40000 ALTER TABLE `purchase_orders` DISABLE KEYS */;
INSERT INTO `purchase_orders` VALUES (1,1,NULL,'PO-20260318-00001',2,5,'2026-03-18','2026-03-18',878.66,NULL,1,NULL,NULL,'2026-03-17 23:27:00','2026-03-22 03:24:49',NULL),(3,3,NULL,'PO-20260318-00003',2,5,'2026-03-18','2026-03-18',1030.15,NULL,1,NULL,NULL,'2026-03-17 23:03:00','2026-03-22 03:24:49',NULL),(4,1,NULL,'PO-20260319-00001',2,5,'2026-03-19','2026-03-19',973.84,NULL,1,NULL,NULL,'2026-03-18 23:29:00','2026-03-22 03:24:49',NULL),(6,3,NULL,'PO-20260319-00003',2,5,'2026-03-19','2026-03-19',1088.60,NULL,1,NULL,NULL,'2026-03-18 23:06:00','2026-03-22 03:24:50',NULL),(7,1,NULL,'PO-20260320-00001',2,5,'2026-03-20','2026-03-20',848.51,NULL,1,NULL,NULL,'2026-03-19 23:05:00','2026-03-22 03:24:50',NULL),(9,3,NULL,'PO-20260320-00003',2,5,'2026-03-20','2026-03-20',769.53,NULL,1,NULL,NULL,'2026-03-19 23:29:00','2026-03-22 03:24:50',NULL),(10,1,NULL,'PO-20260321-00001',2,4,'2026-03-21',NULL,867.60,NULL,1,NULL,NULL,'2026-03-20 23:17:00','2026-03-22 03:24:50',NULL),(12,3,NULL,'PO-20260321-00003',2,4,'2026-03-21',NULL,961.43,NULL,1,NULL,NULL,'2026-03-20 23:08:00','2026-03-22 03:24:50',NULL),(13,1,NULL,'PO-20260322-00001',2,1,'2026-03-22',NULL,1212.22,NULL,1,NULL,NULL,'2026-03-21 23:08:00','2026-03-22 03:24:50',NULL),(15,3,NULL,'PO-20260322-00003',2,1,'2026-03-22',NULL,1153.58,NULL,1,NULL,NULL,'2026-03-21 23:12:00','2026-03-22 03:24:50',NULL),(41,2,NULL,'PO-20260401-00001',1,5,'2026-04-01','2026-04-01',0.00,'图片录入',9,NULL,NULL,'2026-04-01 00:46:12','2026-04-01 00:46:12',NULL),(42,2,NULL,'PO-20260401-00002',1,5,'2026-04-01','2026-04-01',0.00,'四海环球食品 发票2603-10454',9,NULL,NULL,'2026-04-01 00:47:55','2026-04-01 00:47:55',NULL),(43,3,NULL,'PO-20260404-00001',1,5,'2026-04-04','2026-04-04',0.00,'图片录入',11,NULL,NULL,'2026-04-04 00:09:48','2026-04-04 00:09:48',NULL),(44,3,NULL,'PO-20260407-00001',1,5,'2026-04-07','2026-04-07',3350.00,'港元结算，4/5 下单，4/7 到货，水果类',11,NULL,NULL,'2026-04-06 17:10:59','2026-04-06 17:10:59',NULL),(45,1,NULL,'PO-20260416-00001',1,5,'2026-04-16','2026-04-16',0.00,'图片录入',10,NULL,NULL,'2026-04-16 04:17:46','2026-04-16 04:17:46',NULL),(46,1,NULL,'PO-20260428-00001',1,5,'2026-04-28','2026-04-28',0.00,'图片录入',13,NULL,NULL,'2026-04-28 04:46:23','2026-04-28 04:46:23',NULL),(47,1,NULL,'PO-20260511-00001',1,5,'2026-05-11','2026-05-11',0.00,'AI录入',12,NULL,NULL,'2026-05-10 21:41:39','2026-05-10 21:41:39',NULL),(48,1,NULL,'PO-20260511-00002',1,5,'2026-05-11','2026-05-11',0.00,'AI录入',12,NULL,NULL,'2026-05-10 23:21:55','2026-05-10 23:21:55',NULL),(49,1,NULL,'PO-20260511-00003',1,5,'2026-05-11','2026-05-11',0.00,'AI录入',13,NULL,NULL,'2026-05-11 12:00:58','2026-05-11 12:00:58',NULL),(50,1,NULL,'PO-20260511-00004',1,5,'2026-05-11','2026-05-11',0.00,'AI录入',12,NULL,NULL,'2026-05-11 13:04:20','2026-05-11 13:04:20',NULL),(51,1,NULL,'PO-20260511-00005',1,5,'2026-05-11','2026-05-11',0.00,'AI录入',12,NULL,NULL,'2026-05-11 13:04:51','2026-05-11 13:04:51',NULL),(52,2,NULL,'PO-20260511-00006',1,5,'2026-05-11','2026-05-11',0.00,'AI录入',1,NULL,NULL,'2026-05-11 13:35:31','2026-05-11 13:35:31',NULL),(53,2,NULL,'PO-20260511-00007',1,5,'2026-05-11','2026-05-11',0.00,'AI录入',1,NULL,NULL,'2026-05-11 13:38:53','2026-05-11 13:38:53',NULL);
/*!40000 ALTER TABLE `purchase_orders` ENABLE KEYS */;
UNLOCK TABLES;

--
-- Table structure for table `regions`
--

DROP TABLE IF EXISTS `regions`;
/*!40101 SET @saved_cs_client     = @@character_set_client */;
/*!50503 SET character_set_client = utf8mb4 */;
CREATE TABLE `regions` (
  `id` bigint unsigned NOT NULL AUTO_INCREMENT,
  `organization_id` bigint unsigned NOT NULL,
  `parent_id` bigint unsigned DEFAULT NULL,
  `name` varchar(100) CHARACTER SET utf8mb4 COLLATE utf8mb4_unicode_ci NOT NULL,
  `code` varchar(50) CHARACTER SET utf8mb4 COLLATE utf8mb4_unicode_ci DEFAULT NULL,
  `manager_user_id` bigint unsigned DEFAULT NULL,
  `created_at` timestamp NULL DEFAULT NULL,
  `updated_at` timestamp NULL DEFAULT NULL,
  `deleted_at` timestamp NULL DEFAULT NULL,
  PRIMARY KEY (`id`),
  KEY `regions_parent_id_foreign` (`parent_id`),
  KEY `regions_manager_user_id_foreign` (`manager_user_id`),
  KEY `regions_organization_id_index` (`organization_id`),
  CONSTRAINT `regions_manager_user_id_foreign` FOREIGN KEY (`manager_user_id`) REFERENCES `users` (`id`) ON DELETE SET NULL,
  CONSTRAINT `regions_organization_id_foreign` FOREIGN KEY (`organization_id`) REFERENCES `organizations` (`id`) ON DELETE CASCADE,
  CONSTRAINT `regions_parent_id_foreign` FOREIGN KEY (`parent_id`) REFERENCES `regions` (`id`) ON DELETE SET NULL
) ENGINE=InnoDB AUTO_INCREMENT=2 DEFAULT CHARSET=utf8mb4 COLLATE=utf8mb4_unicode_ci;
/*!40101 SET character_set_client = @saved_cs_client */;

--
-- Dumping data for table `regions`
--

LOCK TABLES `regions` WRITE;
/*!40000 ALTER TABLE `regions` DISABLE KEYS */;
INSERT INTO `regions` VALUES (1,1,NULL,'香港总区','HK',NULL,'2026-03-22 06:54:14','2026-03-22 06:54:14',NULL);
/*!40000 ALTER TABLE `regions` ENABLE KEYS */;
UNLOCK TABLES;

--
-- Table structure for table `reports`
--

DROP TABLE IF EXISTS `reports`;
/*!40101 SET @saved_cs_client     = @@character_set_client */;
/*!50503 SET character_set_client = utf8mb4 */;
CREATE TABLE `reports` (
  `id` bigint unsigned NOT NULL AUTO_INCREMENT,
  `organization_id` bigint unsigned NOT NULL,
  `store_id` bigint unsigned DEFAULT NULL,
  `report_type` varchar(50) CHARACTER SET utf8mb4 COLLATE utf8mb4_unicode_ci NOT NULL COMMENT 'daily_review, weekly_review, monthly_review, custom',
  `title` varchar(200) CHARACTER SET utf8mb4 COLLATE utf8mb4_unicode_ci NOT NULL,
  `period_start` date NOT NULL,
  `period_end` date NOT NULL,
  `content` longtext CHARACTER SET utf8mb4 COLLATE utf8mb4_unicode_ci,
  `data_snapshot` json DEFAULT NULL COMMENT '核心指标数据快照',
  `ai_analysis` text CHARACTER SET utf8mb4 COLLATE utf8mb4_unicode_ci,
  `charts_config` json DEFAULT NULL,
  `status` tinyint NOT NULL DEFAULT '1' COMMENT '1:生成中 2:已完成 3:失败',
  `is_auto_generated` tinyint(1) NOT NULL DEFAULT '1',
  `generated_by` bigint unsigned DEFAULT NULL,
  `generated_at` timestamp NULL DEFAULT NULL,
  `created_at` timestamp NULL DEFAULT NULL,
  `updated_at` timestamp NULL DEFAULT NULL,
  PRIMARY KEY (`id`),
  KEY `reports_generated_by_foreign` (`generated_by`),
  KEY `reports_store_type_period` (`store_id`,`report_type`,`period_start`),
  KEY `reports_organization_id_report_type_index` (`organization_id`,`report_type`),
  CONSTRAINT `reports_generated_by_foreign` FOREIGN KEY (`generated_by`) REFERENCES `users` (`id`) ON DELETE SET NULL,
  CONSTRAINT `reports_organization_id_foreign` FOREIGN KEY (`organization_id`) REFERENCES `organizations` (`id`) ON DELETE CASCADE,
  CONSTRAINT `reports_store_id_foreign` FOREIGN KEY (`store_id`) REFERENCES `stores` (`id`) ON DELETE SET NULL
) ENGINE=InnoDB DEFAULT CHARSET=utf8mb4 COLLATE=utf8mb4_unicode_ci;
/*!40101 SET character_set_client = @saved_cs_client */;

--
-- Dumping data for table `reports`
--

LOCK TABLES `reports` WRITE;
/*!40000 ALTER TABLE `reports` DISABLE KEYS */;
/*!40000 ALTER TABLE `reports` ENABLE KEYS */;
UNLOCK TABLES;

--
-- Table structure for table `resumes`
--

DROP TABLE IF EXISTS `resumes`;
/*!40101 SET @saved_cs_client     = @@character_set_client */;
/*!50503 SET character_set_client = utf8mb4 */;
CREATE TABLE `resumes` (
  `id` bigint unsigned NOT NULL AUTO_INCREMENT,
  `organization_id` bigint unsigned NOT NULL,
  `name` varchar(100) CHARACTER SET utf8mb4 COLLATE utf8mb4_unicode_ci DEFAULT NULL,
  `phone` varchar(20) CHARACTER SET utf8mb4 COLLATE utf8mb4_unicode_ci DEFAULT NULL,
  `gender` tinyint NOT NULL DEFAULT '0' COMMENT '0:未知 1:男 2:女',
  `age` tinyint unsigned DEFAULT NULL,
  `districts` json DEFAULT NULL COMMENT '意向工作区域，如["筲箕湾","柴湾"]',
  `work_types` json DEFAULT NULL COMMENT '工作类型，如["全职","小时工"]',
  `positions` json DEFAULT NULL COMMENT '意向岗位，如["收银员","理货员"]',
  `experience_years` decimal(3,1) DEFAULT NULL COMMENT '工作经验年数',
  `salary_min` int DEFAULT NULL COMMENT '薪资下限',
  `salary_max` int DEFAULT NULL COMMENT '薪资上限',
  `salary_unit` tinyint NOT NULL DEFAULT '1' COMMENT '1:月 2:日 3:小时',
  `education` tinyint DEFAULT NULL COMMENT '1:初中 2:高中 3:大专 4:本科',
  `availability_date` date DEFAULT NULL COMMENT '最早到岗日期',
  `languages` json DEFAULT NULL COMMENT '语言能力，如["粤语","普通话"]',
  `skills` json DEFAULT NULL COMMENT '技能标签，如["生鲜处理","收银"]',
  `raw_text` text CHARACTER SET utf8mb4 COLLATE utf8mb4_unicode_ci COMMENT '原始输入文本',
  `source` tinyint NOT NULL DEFAULT '1' COMMENT '1:手动录入 2:AI解析 3:文件上传',
  `status` tinyint NOT NULL DEFAULT '1' COMMENT '0:无效 1:求职中 2:已入职 3:暂不求职',
  `notes` text CHARACTER SET utf8mb4 COLLATE utf8mb4_unicode_ci,
  `created_by` bigint unsigned DEFAULT NULL,
  `created_at` timestamp NULL DEFAULT NULL,
  `updated_at` timestamp NULL DEFAULT NULL,
  `deleted_at` timestamp NULL DEFAULT NULL,
  PRIMARY KEY (`id`),
  KEY `resumes_created_by_foreign` (`created_by`),
  KEY `resumes_organization_id_status_index` (`organization_id`,`status`),
  CONSTRAINT `resumes_created_by_foreign` FOREIGN KEY (`created_by`) REFERENCES `users` (`id`) ON DELETE SET NULL,
  CONSTRAINT `resumes_organization_id_foreign` FOREIGN KEY (`organization_id`) REFERENCES `organizations` (`id`) ON DELETE CASCADE
) ENGINE=InnoDB AUTO_INCREMENT=26 DEFAULT CHARSET=utf8mb4 COLLATE=utf8mb4_unicode_ci;
/*!40101 SET character_set_client = @saved_cs_client */;

--
-- Dumping data for table `resumes`
--

LOCK TABLES `resumes` WRITE;
/*!40000 ALTER TABLE `resumes` DISABLE KEYS */;
INSERT INTO `resumes` VALUES (1,1,'陈大文','91234567',1,28,'[\"筲箕湾\", \"柴湾\", \"西湾河\"]','[\"小时工\", \"兼职\"]','[\"收银员\", \"理货员\"]',3.0,60,75,3,2,NULL,'[\"粤语\", \"普通话\"]','[\"收银\", \"陈列\", \"生鲜处理\"]',NULL,1,1,'随时可上班，有超市工作经验',NULL,'2026-03-21 23:58:17','2026-03-21 23:58:17',NULL),(2,1,'李小红','92345678',2,32,'[\"西湾河\", \"鲗鱼涌\", \"天后\"]','[\"全职\"]','[\"收银员\", \"店务员\"]',5.0,14000,16000,1,2,NULL,'[\"粤语\", \"普通话\", \"英语\"]','[\"收银\", \"客服\", \"POS系统\"]',NULL,1,1,'有零售管理证书',NULL,'2026-03-21 23:58:17','2026-03-21 23:58:17',NULL),(3,1,'王志强','93456789',1,45,'[\"筲箕湾\", \"杏花邨\", \"柴湾\"]','[\"全职\", \"兼职\"]','[\"生鲜切配\", \"仓务员\"]',15.0,16000,20000,1,1,NULL,'[\"粤语\"]','[\"生鲜处理\", \"刀工\", \"冷链管理\", \"叉车\"]',NULL,2,1,'精通各类海鲜及肉类切配，有冷冻仓管理经验',NULL,'2026-03-21 23:58:17','2026-03-21 23:58:17',NULL),(4,1,'张美玲','94567890',2,25,'[\"铜锣湾\", \"天后\", \"北角\"]','[\"兼职\", \"小时工\"]','[\"收银员\", \"理货员\"]',1.0,65,80,3,3,NULL,'[\"粤语\", \"普通话\", \"英语\"]','[\"收银\", \"英语接待\"]',NULL,1,1,'大学在读，只限周末及节假日',NULL,'2026-03-21 23:58:17','2026-03-21 23:58:17',NULL),(5,1,'黄国强','95678901',1,38,'[\"旺角\", \"大角咀\", \"深水埗\"]','[\"全职\"]','[\"店长\", \"副店长\"]',12.0,22000,28000,1,3,NULL,'[\"粤语\", \"普通话\"]','[\"团队管理\", \"库存管理\", \"损耗控制\", \"采购\"]',NULL,1,1,'曾任超市副店长，管理15人团队',NULL,'2026-03-21 23:58:18','2026-03-21 23:58:18',NULL),(6,1,'林翠芬','96789012',2,50,'[\"元朗\", \"天水围\", \"屯门\"]','[\"全职\", \"兼职\"]','[\"收银员\", \"清洁员\"]',8.0,12000,14000,1,1,NULL,'[\"粤语\", \"普通话\"]','[\"收银\", \"清洁\", \"勤奋负责\"]',NULL,1,1,'工作态度认真，不介意早班',NULL,'2026-03-21 23:58:18','2026-03-21 23:58:18',NULL),(7,1,'吴浩明','97890123',1,22,'[\"观塘\", \"牛头角\", \"九龙湾\"]','[\"小时工\", \"兼职\"]','[\"理货员\", \"仓务员\"]',0.5,60,70,3,2,NULL,'[\"粤语\", \"普通话\"]','[\"体力充沛\", \"驾驶\"]',NULL,2,1,'刚毕业，积极学习中',NULL,'2026-03-21 23:58:18','2026-03-21 23:58:18',NULL),(8,1,'郑月娥','98901234',2,41,'[\"沙田\", \"大围\", \"火炭\"]','[\"全职\"]','[\"生鲜销售\", \"收银员\"]',10.0,15000,18000,1,2,NULL,'[\"粤语\", \"普通话\"]','[\"生鲜知识\", \"客户关系\", \"陈列\"]',NULL,1,1,'熟悉各类蔬果生鲜，有固定客户群',NULL,'2026-03-21 23:58:18','2026-03-21 23:58:18',NULL),(9,1,'何俊杰','99012345',1,35,'[\"荃湾\", \"葵芳\", \"葵涌\"]','[\"全职\"]','[\"副店长\", \"收银主管\"]',8.0,18000,22000,1,3,NULL,'[\"粤语\", \"普通话\", \"英语\"]','[\"收银主管\", \"排班\", \"库存管理\", \"员工培训\"]',NULL,1,1,'有连锁超市收银主管经验',NULL,'2026-03-21 23:58:18','2026-03-21 23:58:18',NULL),(10,1,'曾丽华','90123456',2,29,'[\"将军澳\", \"坑口\", \"宝琳\"]','[\"全职\", \"兼职\"]','[\"收银员\", \"理货员\"]',4.0,13500,15500,1,2,NULL,'[\"粤语\", \"普通话\"]','[\"收银\", \"理货\", \"快速结账\"]',NULL,2,1,'有便利店及超市工作经验，可做早班',NULL,'2026-03-21 23:58:18','2026-03-21 23:58:18',NULL),(11,1,'刘伟成','91239876',1,55,'[\"深水埗\", \"长沙湾\", \"荔枝角\"]','[\"全职\", \"兼职\"]','[\"仓务员\", \"搬运工\"]',20.0,14000,16000,1,1,NULL,'[\"粤语\"]','[\"体力好\", \"驾驶货车\", \"叉车证\"]',NULL,1,1,'持有叉车牌及货车驾驶执照',NULL,'2026-03-21 23:58:18','2026-03-21 23:58:18',NULL),(12,1,'谢嘉雯','92348765',2,24,'[\"筲箕湾\", \"西湾河\", \"柴湾\"]','[\"小时工\"]','[\"收银员\", \"理货员\"]',1.0,65,75,3,3,NULL,'[\"粤语\", \"普通话\", \"英语\"]','[\"收银\", \"良好服务态度\"]',NULL,2,1,'大学毕业，只做小时工，时间灵活',NULL,'2026-03-21 23:58:18','2026-03-21 23:58:18',NULL),(13,1,'邓家豪','93458764',1,30,'[\"大埔\", \"粉岭\", \"上水\"]','[\"全职\"]','[\"生鲜切配\", \"生鲜销售\"]',6.0,17000,20000,1,2,NULL,'[\"粤语\", \"普通话\"]','[\"刀工\", \"海鲜处理\", \"肉类分切\", \"食品安全证书\"]',NULL,1,1,'持有食品安全主任证书',NULL,'2026-03-21 23:58:18','2026-03-21 23:58:18',NULL),(14,1,'梁秀珍','94568763',2,47,'[\"元朗\", \"锦田\", \"天水围\"]','[\"兼职\", \"小时工\"]','[\"收银员\", \"清洁员\"]',6.0,60,70,3,1,NULL,'[\"粤语\"]','[\"收银\", \"清洁\", \"勤快\"]',NULL,1,1,'只接受元朗区工作，下午班优先',NULL,'2026-03-21 23:58:18','2026-03-21 23:58:18',NULL),(15,1,'陈志豪','95678762',1,27,'[\"屯门\", \"青衣\", \"荃湾\"]','[\"全职\"]','[\"理货员\", \"仓务员\"]',3.0,13000,15000,1,2,NULL,'[\"粤语\", \"普通话\"]','[\"理货\", \"库存盘点\", \"WMS系统\"]',NULL,2,1,'有物流仓库操作经验',NULL,'2026-03-21 23:58:18','2026-03-21 23:58:18',NULL),(16,1,'胡淑芳','96788761',2,36,'[\"铜锣湾\", \"湾仔\", \"跑马地\"]','[\"全职\", \"兼职\"]','[\"收银员\", \"客服\"]',9.0,15000,17000,1,3,NULL,'[\"粤语\", \"普通话\", \"英语\"]','[\"收银\", \"英语客服\", \"投诉处理\"]',NULL,1,1,'英文流利，适合旅游区门店',NULL,'2026-03-21 23:58:18','2026-03-21 23:58:18',NULL),(17,1,'冯志明','97898760',1,43,'[\"柴湾\", \"筲箕湾\", \"小西湾\"]','[\"全职\"]','[\"生鲜切配\", \"店务员\"]',18.0,18000,22000,1,1,NULL,'[\"粤语\", \"普通话\"]','[\"生鲜全品类\", \"蔬果陈列\", \"损耗管理\"]',NULL,1,1,'生鲜经验丰富，可带新人',NULL,'2026-03-21 23:58:18','2026-03-21 23:58:18',NULL),(18,1,'苏嘉怡','98908759',2,21,'[\"旺角\", \"油麻地\", \"佐敦\"]','[\"小时工\", \"兼职\"]','[\"收银员\", \"理货员\"]',0.0,60,68,3,2,NULL,'[\"粤语\", \"普通话\"]','[\"学习快\", \"有责任心\"]',NULL,2,1,'无经验亦可，希望从收银员做起',NULL,'2026-03-21 23:58:18','2026-03-21 23:58:18',NULL),(19,1,'许建国','99018758',1,52,'[\"九龙城\", \"土瓜湾\", \"马头围\"]','[\"全职\"]','[\"店长\", \"区域督导\"]',25.0,28000,35000,1,3,NULL,'[\"粤语\", \"普通话\"]','[\"多店管理\", \"人员培训\", \"采购谈判\", \"P&L管理\"]',NULL,1,1,'曾管理生鲜超市5间分店，熟悉连锁运营',NULL,'2026-03-21 23:58:18','2026-03-21 23:58:18',NULL),(20,1,'罗美仪','90128757',2,33,'[\"沙田\", \"马鞍山\", \"乌溪沙\"]','[\"全职\"]','[\"收银主管\", \"收银员\"]',7.0,16000,19000,1,2,NULL,'[\"粤语\", \"普通话\"]','[\"收银主管\", \"排班\", \"现金管理\", \"员工培训\"]',NULL,2,1,'有超市收银组长经验，可独立管理收银团队',NULL,'2026-03-21 23:58:18','2026-03-21 23:58:18',NULL),(21,1,'杨子龙','91237654',1,19,'[\"筲箕湾\", \"柴湾\", \"西湾河\"]','[\"小时工\"]','[\"理货员\", \"清洁员\"]',0.0,58,65,3,2,NULL,'[\"粤语\", \"普通话\"]','[\"勤力\", \"守时\"]',NULL,1,1,'在学生，只做周末，居住筲箕湾',NULL,'2026-03-21 23:58:18','2026-03-21 23:58:18',NULL),(22,1,'邝淑仪','92347653',2,40,'[\"天水围\", \"元朗\", \"屯门\"]','[\"全职\", \"兼职\"]','[\"收银员\", \"店务员\"]',11.0,13000,15000,1,1,NULL,'[\"粤语\", \"普通话\"]','[\"收银\", \"陈列\", \"熟悉新界西\"]',NULL,1,1,'新界西居住，不愿跨区',NULL,'2026-03-21 23:58:18','2026-03-21 23:58:18',NULL),(23,1,'谭柏林','93457652',1,26,'[\"观塘\", \"秀茂坪\", \"蓝田\"]','[\"全职\"]','[\"仓务员\", \"理货员\"]',2.0,13500,15000,1,2,NULL,'[\"粤语\", \"普通话\"]','[\"仓库管理\", \"收发货\", \"ERP系统\"]',NULL,2,1,'有冻仓经验',NULL,'2026-03-21 23:58:18','2026-03-21 23:58:18',NULL),(24,1,'方嘉颖','94567651',2,31,'[\"北角\", \"炮台山\", \"天后\"]','[\"兼职\", \"小时工\"]','[\"收银员\", \"生鲜销售\"]',5.0,70,85,3,3,NULL,'[\"粤语\", \"普通话\", \"英语\"]','[\"收银\", \"生鲜知识\", \"英语服务\"]',NULL,1,1,'全职妈妈，只做上午班小时工',NULL,'2026-03-21 23:58:18','2026-03-21 23:58:18',NULL),(25,1,'钟伟健','95677650',1,48,'[\"荃湾\", \"青衣\", \"葵芳\"]','[\"全职\"]','[\"生鲜切配\", \"副店长\"]',22.0,22000,26000,1,2,NULL,'[\"粤语\", \"普通话\"]','[\"生鲜全品类\", \"团队管理\", \"成本控制\", \"HACCP\"]',NULL,1,1,'持HACCP证书，曾任生鲜主管',NULL,'2026-03-21 23:58:18','2026-03-21 23:58:18',NULL);
/*!40000 ALTER TABLE `resumes` ENABLE KEYS */;
UNLOCK TABLES;

--
-- Table structure for table `role_permissions`
--

DROP TABLE IF EXISTS `role_permissions`;
/*!40101 SET @saved_cs_client     = @@character_set_client */;
/*!50503 SET character_set_client = utf8mb4 */;
CREATE TABLE `role_permissions` (
  `role_id` bigint unsigned NOT NULL,
  `permission_id` bigint unsigned NOT NULL,
  `created_at` timestamp NOT NULL DEFAULT CURRENT_TIMESTAMP,
  PRIMARY KEY (`role_id`,`permission_id`),
  KEY `role_permissions_permission_id_foreign` (`permission_id`),
  CONSTRAINT `role_permissions_permission_id_foreign` FOREIGN KEY (`permission_id`) REFERENCES `permissions` (`id`) ON DELETE CASCADE,
  CONSTRAINT `role_permissions_role_id_foreign` FOREIGN KEY (`role_id`) REFERENCES `roles` (`id`) ON DELETE CASCADE
) ENGINE=InnoDB DEFAULT CHARSET=utf8mb4 COLLATE=utf8mb4_unicode_ci;
/*!40101 SET character_set_client = @saved_cs_client */;

--
-- Dumping data for table `role_permissions`
--

LOCK TABLES `role_permissions` WRITE;
/*!40000 ALTER TABLE `role_permissions` DISABLE KEYS */;
INSERT INTO `role_permissions` VALUES (1,1,'2026-03-22 11:50:15'),(1,2,'2026-03-22 11:50:15'),(1,3,'2026-03-22 11:50:15'),(1,4,'2026-03-22 11:50:15'),(1,5,'2026-03-22 11:50:15'),(1,6,'2026-03-22 11:50:15'),(1,7,'2026-03-22 11:50:15'),(1,8,'2026-03-22 11:50:15'),(1,9,'2026-03-22 11:50:15'),(1,10,'2026-03-22 11:50:15'),(1,11,'2026-03-22 11:50:15'),(1,12,'2026-03-22 11:50:15'),(1,13,'2026-03-22 11:50:15'),(1,14,'2026-03-22 11:50:15'),(1,15,'2026-03-22 11:50:15'),(1,16,'2026-03-22 11:50:15'),(1,17,'2026-03-22 11:50:15'),(1,18,'2026-03-22 11:50:15'),(1,19,'2026-03-22 11:50:15'),(1,20,'2026-03-22 11:50:15'),(1,21,'2026-03-22 11:50:15'),(1,22,'2026-03-22 11:50:15'),(1,23,'2026-03-22 11:50:15'),(1,24,'2026-03-22 11:50:15'),(1,25,'2026-03-22 11:50:15'),(1,26,'2026-03-22 11:50:15'),(1,27,'2026-03-22 11:50:15'),(1,28,'2026-03-22 11:50:15'),(1,29,'2026-03-22 11:50:15'),(1,30,'2026-03-22 11:50:15'),(1,31,'2026-03-22 11:50:15'),(1,32,'2026-03-22 11:50:15'),(1,33,'2026-03-22 11:50:15'),(1,34,'2026-03-22 11:50:15'),(1,35,'2026-03-22 11:50:15'),(1,36,'2026-03-22 11:50:15'),(1,37,'2026-03-22 11:50:15'),(1,38,'2026-03-22 11:50:15'),(1,39,'2026-03-22 11:50:15'),(1,40,'2026-03-22 11:50:15'),(1,41,'2026-03-22 11:50:15'),(1,42,'2026-03-22 11:50:15'),(1,43,'2026-03-22 11:50:15'),(2,1,'2026-03-22 11:50:15'),(2,2,'2026-03-22 11:50:15'),(2,5,'2026-03-22 11:50:15'),(2,6,'2026-03-22 11:50:15'),(2,7,'2026-03-22 11:50:15'),(2,8,'2026-03-22 11:50:15'),(2,9,'2026-03-22 11:50:15'),(2,10,'2026-03-22 11:50:15'),(2,11,'2026-03-22 11:50:15'),(2,12,'2026-03-22 11:50:15'),(2,13,'2026-03-22 11:50:15'),(2,14,'2026-03-22 11:50:15'),(2,15,'2026-03-22 11:50:15'),(2,16,'2026-03-22 11:50:15'),(2,17,'2026-03-22 11:50:15'),(2,18,'2026-03-22 11:50:15'),(2,23,'2026-03-22 11:50:15'),(2,31,'2026-03-22 11:50:15'),(2,32,'2026-03-22 11:50:15'),(2,33,'2026-03-22 11:50:15'),(2,34,'2026-03-22 11:50:15'),(2,35,'2026-03-22 11:50:15'),(3,1,'2026-03-22 11:50:15'),(3,2,'2026-03-22 11:50:15'),(3,3,'2026-03-22 11:50:15'),(3,4,'2026-03-22 11:50:15'),(3,5,'2026-03-22 11:50:15'),(3,6,'2026-03-22 11:50:15'),(3,7,'2026-03-22 11:50:15'),(3,8,'2026-03-22 11:50:15'),(3,10,'2026-03-22 11:50:15'),(3,14,'2026-03-22 11:50:15'),(3,18,'2026-03-22 11:50:15'),(3,19,'2026-03-22 11:50:15'),(3,20,'2026-03-22 11:50:15'),(3,22,'2026-03-22 11:50:15'),(3,24,'2026-03-22 11:50:15'),(3,25,'2026-03-22 11:50:15'),(3,26,'2026-03-22 11:50:15'),(3,28,'2026-03-22 11:50:15'),(3,29,'2026-03-22 11:50:15'),(3,30,'2026-03-22 11:50:15'),(3,31,'2026-03-22 11:50:15'),(3,33,'2026-03-22 11:50:15'),(3,34,'2026-03-22 11:50:15'),(4,22,'2026-03-22 11:50:15'),(4,29,'2026-03-22 11:50:15'),(4,30,'2026-03-22 11:50:15');
/*!40000 ALTER TABLE `role_permissions` ENABLE KEYS */;
UNLOCK TABLES;

--
-- Table structure for table `roles`
--

DROP TABLE IF EXISTS `roles`;
/*!40101 SET @saved_cs_client     = @@character_set_client */;
/*!50503 SET character_set_client = utf8mb4 */;
CREATE TABLE `roles` (
  `id` bigint unsigned NOT NULL AUTO_INCREMENT,
  `organization_id` bigint unsigned DEFAULT NULL,
  `name` varchar(100) CHARACTER SET utf8mb4 COLLATE utf8mb4_unicode_ci NOT NULL,
  `code` varchar(50) CHARACTER SET utf8mb4 COLLATE utf8mb4_unicode_ci NOT NULL COMMENT 'SUPER_ADMIN, REGION_BUYER, STORE_MANAGER, STORE_STAFF',
  `description` text CHARACTER SET utf8mb4 COLLATE utf8mb4_unicode_ci,
  `scope` tinyint NOT NULL DEFAULT '3' COMMENT '1:总部 2:区域 3:门店',
  `created_at` timestamp NULL DEFAULT NULL,
  `updated_at` timestamp NULL DEFAULT NULL,
  PRIMARY KEY (`id`),
  UNIQUE KEY `roles_organization_id_code_unique` (`organization_id`,`code`),
  CONSTRAINT `roles_organization_id_foreign` FOREIGN KEY (`organization_id`) REFERENCES `organizations` (`id`) ON DELETE SET NULL
) ENGINE=InnoDB AUTO_INCREMENT=5 DEFAULT CHARSET=utf8mb4 COLLATE=utf8mb4_unicode_ci;
/*!40101 SET character_set_client = @saved_cs_client */;

--
-- Dumping data for table `roles`
--

LOCK TABLES `roles` WRITE;
/*!40000 ALTER TABLE `roles` DISABLE KEYS */;
INSERT INTO `roles` VALUES (1,NULL,'总部总负责人','SUPER_ADMIN','全系统最高权限，全数据查看、规则配置、审批管理',1,'2026-03-22 03:50:15','2026-03-22 03:50:15'),(2,NULL,'区域采购','REGION_BUYER','商品库、供应商、进货管理、结算核对、竞品数据维护',2,'2026-03-22 03:50:15','2026-03-22 03:50:15'),(3,NULL,'门店店长','STORE_MANAGER','本店经营全流程操作、数据查看、调整权限、上传简历、上传支付凭证、上传竞品情报',3,'2026-03-22 03:50:15','2026-03-22 03:50:15'),(4,NULL,'门店店员','STORE_STAFF','仅实况上报、票据上传权限，无核心调整权限',3,'2026-03-22 03:50:15','2026-03-22 03:50:15');
/*!40000 ALTER TABLE `roles` ENABLE KEYS */;
UNLOCK TABLES;

--
-- Table structure for table `saas_integrations`
--

DROP TABLE IF EXISTS `saas_integrations`;
/*!40101 SET @saved_cs_client     = @@character_set_client */;
/*!50503 SET character_set_client = utf8mb4 */;
CREATE TABLE `saas_integrations` (
  `id` bigint unsigned NOT NULL AUTO_INCREMENT,
  `organization_id` bigint unsigned NOT NULL,
  `store_id` bigint unsigned DEFAULT NULL,
  `platform` varchar(50) CHARACTER SET utf8mb4 COLLATE utf8mb4_unicode_ci NOT NULL COMMENT 'wework, dingtalk, pos_system, erp...',
  `app_id` varchar(200) CHARACTER SET utf8mb4 COLLATE utf8mb4_unicode_ci DEFAULT NULL,
  `app_secret` text CHARACTER SET utf8mb4 COLLATE utf8mb4_unicode_ci COMMENT '加密存储',
  `access_token` text CHARACTER SET utf8mb4 COLLATE utf8mb4_unicode_ci COMMENT '加密存储',
  `token_expires_at` timestamp NULL DEFAULT NULL,
  `webhook_url` varchar(500) CHARACTER SET utf8mb4 COLLATE utf8mb4_unicode_ci DEFAULT NULL,
  `config` json DEFAULT NULL COMMENT '平台特定配置参数',
  `status` tinyint NOT NULL DEFAULT '1' COMMENT '0:禁用 1:正常 2:故障',
  `last_sync_at` timestamp NULL DEFAULT NULL,
  `created_at` timestamp NULL DEFAULT NULL,
  `updated_at` timestamp NULL DEFAULT NULL,
  `deleted_at` timestamp NULL DEFAULT NULL,
  PRIMARY KEY (`id`),
  KEY `saas_integrations_organization_id_platform_index` (`organization_id`,`platform`),
  KEY `saas_integrations_store_id_platform_index` (`store_id`,`platform`),
  CONSTRAINT `saas_integrations_organization_id_foreign` FOREIGN KEY (`organization_id`) REFERENCES `organizations` (`id`) ON DELETE CASCADE,
  CONSTRAINT `saas_integrations_store_id_foreign` FOREIGN KEY (`store_id`) REFERENCES `stores` (`id`) ON DELETE CASCADE
) ENGINE=InnoDB DEFAULT CHARSET=utf8mb4 COLLATE=utf8mb4_unicode_ci;
/*!40101 SET character_set_client = @saved_cs_client */;

--
-- Dumping data for table `saas_integrations`
--

LOCK TABLES `saas_integrations` WRITE;
/*!40000 ALTER TABLE `saas_integrations` DISABLE KEYS */;
/*!40000 ALTER TABLE `saas_integrations` ENABLE KEYS */;
UNLOCK TABLES;

--
-- Table structure for table `salary_records`
--

DROP TABLE IF EXISTS `salary_records`;
/*!40101 SET @saved_cs_client     = @@character_set_client */;
/*!50503 SET character_set_client = utf8mb4 */;
CREATE TABLE `salary_records` (
  `id` bigint unsigned NOT NULL AUTO_INCREMENT,
  `employee_id` bigint unsigned NOT NULL,
  `store_id` bigint unsigned NOT NULL,
  `year` year NOT NULL,
  `month` tinyint NOT NULL,
  `work_days` decimal(4,1) NOT NULL DEFAULT '0.0',
  `actual_work_days` decimal(4,1) NOT NULL DEFAULT '0.0',
  `base_salary` decimal(10,2) NOT NULL DEFAULT '0.00',
  `overtime_pay` decimal(10,2) NOT NULL DEFAULT '0.00',
  `performance_bonus` decimal(10,2) NOT NULL DEFAULT '0.00',
  `sales_commission` decimal(10,2) NOT NULL DEFAULT '0.00',
  `deductions` decimal(10,2) NOT NULL DEFAULT '0.00',
  `social_insurance` decimal(10,2) NOT NULL DEFAULT '0.00',
  `income_tax` decimal(10,2) NOT NULL DEFAULT '0.00',
  `gross_salary` decimal(10,2) NOT NULL DEFAULT '0.00',
  `net_salary` decimal(10,2) NOT NULL DEFAULT '0.00',
  `payment_status` tinyint NOT NULL DEFAULT '1' COMMENT '1:待发放 2:已发放 3:暂停',
  `paid_at` timestamp NULL DEFAULT NULL,
  `notes` text CHARACTER SET utf8mb4 COLLATE utf8mb4_unicode_ci,
  `generated_at` timestamp NOT NULL DEFAULT CURRENT_TIMESTAMP,
  `created_at` timestamp NULL DEFAULT NULL,
  `updated_at` timestamp NULL DEFAULT NULL,
  PRIMARY KEY (`id`),
  UNIQUE KEY `salary_records_employee_id_year_month_unique` (`employee_id`,`year`,`month`),
  KEY `salary_records_store_id_year_month_index` (`store_id`,`year`,`month`),
  CONSTRAINT `salary_records_employee_id_foreign` FOREIGN KEY (`employee_id`) REFERENCES `employees` (`id`) ON DELETE CASCADE,
  CONSTRAINT `salary_records_store_id_foreign` FOREIGN KEY (`store_id`) REFERENCES `stores` (`id`) ON DELETE CASCADE
) ENGINE=InnoDB DEFAULT CHARSET=utf8mb4 COLLATE=utf8mb4_unicode_ci;
/*!40101 SET character_set_client = @saved_cs_client */;

--
-- Dumping data for table `salary_records`
--

LOCK TABLES `salary_records` WRITE;
/*!40000 ALTER TABLE `salary_records` DISABLE KEYS */;
/*!40000 ALTER TABLE `salary_records` ENABLE KEYS */;
UNLOCK TABLES;

--
-- Table structure for table `sales_daily_summaries`
--

DROP TABLE IF EXISTS `sales_daily_summaries`;
/*!40101 SET @saved_cs_client     = @@character_set_client */;
/*!50503 SET character_set_client = utf8mb4 */;
CREATE TABLE `sales_daily_summaries` (
  `id` bigint unsigned NOT NULL AUTO_INCREMENT,
  `store_id` bigint unsigned NOT NULL,
  `product_id` bigint unsigned NOT NULL,
  `sale_date` date NOT NULL,
  `sales_qty` decimal(10,3) NOT NULL DEFAULT '0.000',
  `sales_amount` decimal(12,2) NOT NULL DEFAULT '0.00',
  `transaction_count` int NOT NULL DEFAULT '0',
  `pos_qty` decimal(10,3) NOT NULL DEFAULT '0.000',
  `pos_amount` decimal(12,2) NOT NULL DEFAULT '0.00',
  `supplement_qty` decimal(10,3) NOT NULL DEFAULT '0.000',
  `supplement_amount` decimal(12,2) NOT NULL DEFAULT '0.00',
  `ai_qty` decimal(10,3) NOT NULL DEFAULT '0.000',
  `ai_amount` decimal(12,2) NOT NULL DEFAULT '0.00',
  `avg_selling_price` decimal(10,4) DEFAULT NULL,
  `created_at` timestamp NULL DEFAULT NULL,
  `updated_at` timestamp NULL DEFAULT NULL,
  PRIMARY KEY (`id`),
  UNIQUE KEY `sales_daily_summaries_store_id_product_id_sale_date_unique` (`store_id`,`product_id`,`sale_date`),
  KEY `sales_daily_summaries_product_id_foreign` (`product_id`),
  KEY `sales_daily_summaries_store_id_sale_date_index` (`store_id`,`sale_date`),
  CONSTRAINT `sales_daily_summaries_product_id_foreign` FOREIGN KEY (`product_id`) REFERENCES `products` (`id`),
  CONSTRAINT `sales_daily_summaries_store_id_foreign` FOREIGN KEY (`store_id`) REFERENCES `stores` (`id`)
) ENGINE=InnoDB AUTO_INCREMENT=18 DEFAULT CHARSET=utf8mb4 COLLATE=utf8mb4_unicode_ci;
/*!40101 SET character_set_client = @saved_cs_client */;

--
-- Dumping data for table `sales_daily_summaries`
--

LOCK TABLES `sales_daily_summaries` WRITE;
/*!40000 ALTER TABLE `sales_daily_summaries` DISABLE KEYS */;
INSERT INTO `sales_daily_summaries` VALUES (1,1,8,'2026-03-31',15.000,150.00,3,0.000,0.00,0.000,0.00,0.000,0.00,10.0000,'2026-03-30 21:21:29','2026-03-30 21:21:29'),(2,1,1,'2026-03-31',2.000,10.00,1,0.000,0.00,0.000,0.00,0.000,0.00,5.0000,'2026-03-30 21:21:38','2026-03-30 21:21:38'),(3,2,4,'2026-04-04',140.000,1020.00,6,10.000,85.00,20.000,170.00,20.000,0.00,7.2857,'2026-04-03 18:44:59','2026-04-03 19:05:09'),(4,2,1,'2026-04-04',55.000,192.50,3,0.000,0.00,0.000,0.00,0.000,0.00,3.5000,'2026-04-03 18:44:59','2026-04-03 18:47:00'),(5,2,3,'2026-04-04',10.000,20.00,1,0.000,0.00,0.000,0.00,0.000,0.00,2.0000,'2026-04-03 18:47:00','2026-04-03 18:47:00'),(6,3,1,'2026-04-04',10.000,0.00,1,0.000,0.00,10.000,0.00,0.000,0.00,0.0000,'2026-04-03 23:24:08','2026-04-03 23:24:08'),(7,3,7,'2026-04-04',66.600,0.00,1,0.000,0.00,66.600,0.00,0.000,0.00,0.0000,'2026-04-03 23:25:26','2026-04-03 23:25:26'),(8,3,59,'2026-04-07',72.000,0.00,1,0.000,0.00,72.000,0.00,0.000,0.00,0.0000,'2026-04-06 22:50:56','2026-04-06 22:50:56'),(9,1,1,'2026-04-16',100.000,0.00,1,0.000,0.00,100.000,0.00,0.000,0.00,0.0000,'2026-04-16 14:44:01','2026-04-16 14:44:01'),(10,3,3,'2026-04-16',223.900,0.00,1,0.000,0.00,223.900,0.00,0.000,0.00,0.0000,'2026-04-16 15:14:36','2026-04-16 15:14:36'),(11,3,1,'2026-04-16',134.100,0.00,1,0.000,0.00,134.100,0.00,0.000,0.00,0.0000,'2026-04-16 15:19:24','2026-04-16 15:19:24'),(12,1,1,'2026-04-27',20.000,0.00,2,0.000,0.00,0.000,0.00,20.000,0.00,0.0000,'2026-04-27 12:58:36','2026-04-27 13:28:45'),(13,2,4,'2026-04-27',10.000,0.00,1,0.000,0.00,0.000,0.00,10.000,0.00,0.0000,'2026-04-27 13:56:48','2026-04-27 13:56:48'),(14,1,3,'2026-04-27',22.600,0.00,1,0.000,0.00,0.000,0.00,22.600,0.00,0.0000,'2026-04-27 14:26:23','2026-04-27 14:26:23'),(15,1,8,'2026-04-29',20.000,0.00,1,0.000,0.00,0.000,0.00,20.000,0.00,0.0000,'2026-04-29 00:19:43','2026-04-29 00:19:43'),(16,1,8,'2026-05-11',0.000,0.00,1,0.000,0.00,0.000,0.00,0.000,0.00,NULL,'2026-05-11 12:28:44','2026-05-11 12:28:44'),(17,1,10,'2026-05-11',30.900,0.00,1,0.000,0.00,0.000,0.00,30.900,0.00,0.0000,'2026-05-11 12:29:08','2026-05-11 12:29:08');
/*!40000 ALTER TABLE `sales_daily_summaries` ENABLE KEYS */;
UNLOCK TABLES;

--
-- Table structure for table `sales_order_items`
--

DROP TABLE IF EXISTS `sales_order_items`;
/*!40101 SET @saved_cs_client     = @@character_set_client */;
/*!50503 SET character_set_client = utf8mb4 */;
CREATE TABLE `sales_order_items` (
  `id` bigint unsigned NOT NULL AUTO_INCREMENT,
  `sales_order_id` bigint unsigned NOT NULL,
  `product_id` bigint unsigned NOT NULL,
  `qty` decimal(10,3) NOT NULL COMMENT '数量',
  `unit_price` decimal(10,2) NOT NULL COMMENT '售价',
  `discount_amount` decimal(10,2) NOT NULL DEFAULT '0.00' COMMENT '行级折扣',
  `subtotal` decimal(10,2) NOT NULL COMMENT '小计',
  `cost_price` decimal(10,4) DEFAULT NULL COMMENT '成本价（用于毛利计算）',
  `created_at` timestamp NULL DEFAULT NULL,
  `updated_at` timestamp NULL DEFAULT NULL,
  PRIMARY KEY (`id`),
  KEY `sales_order_items_sales_order_id_index` (`sales_order_id`),
  KEY `sales_order_items_product_id_index` (`product_id`),
  CONSTRAINT `sales_order_items_product_id_foreign` FOREIGN KEY (`product_id`) REFERENCES `products` (`id`) ON DELETE CASCADE,
  CONSTRAINT `sales_order_items_sales_order_id_foreign` FOREIGN KEY (`sales_order_id`) REFERENCES `sales_orders` (`id`) ON DELETE CASCADE
) ENGINE=InnoDB AUTO_INCREMENT=23 DEFAULT CHARSET=utf8mb4 COLLATE=utf8mb4_unicode_ci;
/*!40101 SET character_set_client = @saved_cs_client */;

--
-- Dumping data for table `sales_order_items`
--

LOCK TABLES `sales_order_items` WRITE;
/*!40000 ALTER TABLE `sales_order_items` DISABLE KEYS */;
INSERT INTO `sales_order_items` VALUES (1,1,8,10.000,10.00,0.00,100.00,NULL,'2026-03-30 21:21:29','2026-03-30 21:21:29'),(2,2,8,5.000,10.00,0.00,50.00,NULL,'2026-03-30 21:21:29','2026-03-30 21:21:29'),(3,3,1,2.000,5.00,0.00,10.00,NULL,'2026-03-30 21:21:38','2026-03-30 21:21:38'),(4,4,4,30.000,8.50,0.00,255.00,NULL,'2026-04-03 18:44:59','2026-04-03 18:44:59'),(5,5,1,15.000,3.50,0.00,52.50,NULL,'2026-04-03 18:44:59','2026-04-03 18:44:59'),(6,6,4,30.000,8.50,0.00,255.00,NULL,'2026-04-03 18:45:37','2026-04-03 18:45:37'),(7,7,1,15.000,3.50,0.00,52.50,NULL,'2026-04-03 18:45:37','2026-04-03 18:45:37'),(8,8,4,30.000,8.50,0.00,255.00,NULL,'2026-04-03 18:47:00','2026-04-03 18:47:00'),(9,9,1,25.000,3.50,0.00,87.50,NULL,'2026-04-03 18:47:00','2026-04-03 18:47:00'),(10,10,3,10.000,2.00,0.00,20.00,NULL,'2026-04-03 18:47:00','2026-04-03 18:47:00'),(11,11,1,10.000,0.00,0.00,0.00,NULL,'2026-04-03 23:24:08','2026-04-03 23:24:08'),(12,12,7,66.600,0.00,0.00,0.00,NULL,'2026-04-03 23:25:26','2026-04-03 23:25:26'),(13,13,59,72.000,0.00,0.00,0.00,NULL,'2026-04-06 22:50:56','2026-04-06 22:50:56'),(14,14,1,100.000,0.00,0.00,0.00,NULL,'2026-04-16 14:44:01','2026-04-16 14:44:01'),(15,15,3,223.900,0.00,0.00,0.00,NULL,'2026-04-16 15:14:36','2026-04-16 15:14:36'),(16,16,1,134.100,0.00,0.00,0.00,NULL,'2026-04-16 15:19:24','2026-04-16 15:19:24'),(17,17,1,10.000,0.00,0.00,0.00,NULL,'2026-04-27 12:58:36','2026-04-27 12:58:36'),(18,18,1,10.000,0.00,0.00,0.00,NULL,'2026-04-27 13:28:45','2026-04-27 13:28:45'),(19,19,4,10.000,0.00,0.00,0.00,NULL,'2026-04-27 13:56:48','2026-04-27 13:56:48'),(20,20,3,22.600,0.00,0.00,0.00,NULL,'2026-04-27 14:26:23','2026-04-27 14:26:23'),(21,21,8,20.000,0.00,0.00,0.00,NULL,'2026-04-29 00:19:43','2026-04-29 00:19:43'),(22,22,10,30.900,0.00,0.00,0.00,NULL,'2026-05-11 12:29:08','2026-05-11 12:29:08');
/*!40000 ALTER TABLE `sales_order_items` ENABLE KEYS */;
UNLOCK TABLES;

--
-- Table structure for table `sales_orders`
--

DROP TABLE IF EXISTS `sales_orders`;
/*!40101 SET @saved_cs_client     = @@character_set_client */;
/*!50503 SET character_set_client = utf8mb4 */;
CREATE TABLE `sales_orders` (
  `id` bigint unsigned NOT NULL AUTO_INCREMENT,
  `store_id` bigint unsigned NOT NULL,
  `order_no` varchar(50) COLLATE utf8mb4_unicode_ci NOT NULL COMMENT '流水号',
  `cashier_id` bigint unsigned DEFAULT NULL COMMENT '收银员',
  `total_amount` decimal(10,2) NOT NULL COMMENT '应收金额',
  `discount_amount` decimal(10,2) NOT NULL DEFAULT '0.00' COMMENT '整单折扣',
  `paid_amount` decimal(10,2) NOT NULL COMMENT '实收金额',
  `payment_method` tinyint NOT NULL DEFAULT '1' COMMENT '1:现金 2:微信 3:支付宝 4:银行卡 5:混合',
  `status` tinyint NOT NULL DEFAULT '1' COMMENT '1:已完成 2:已退款 3:部分退款',
  `sold_at` timestamp NOT NULL COMMENT '交易时间',
  `notes` text COLLATE utf8mb4_unicode_ci,
  `created_at` timestamp NULL DEFAULT NULL,
  `updated_at` timestamp NULL DEFAULT NULL,
  `deleted_at` timestamp NULL DEFAULT NULL,
  PRIMARY KEY (`id`),
  UNIQUE KEY `sales_orders_order_no_unique` (`order_no`),
  KEY `sales_orders_store_id_sold_at_index` (`store_id`,`sold_at`),
  KEY `sales_orders_cashier_id_sold_at_index` (`cashier_id`,`sold_at`),
  KEY `sales_orders_sold_at_index` (`sold_at`),
  CONSTRAINT `sales_orders_cashier_id_foreign` FOREIGN KEY (`cashier_id`) REFERENCES `users` (`id`) ON DELETE SET NULL,
  CONSTRAINT `sales_orders_store_id_foreign` FOREIGN KEY (`store_id`) REFERENCES `stores` (`id`) ON DELETE CASCADE
) ENGINE=InnoDB AUTO_INCREMENT=23 DEFAULT CHARSET=utf8mb4 COLLATE=utf8mb4_unicode_ci;
/*!40101 SET character_set_client = @saved_cs_client */;

--
-- Dumping data for table `sales_orders`
--

LOCK TABLES `sales_orders` WRITE;
/*!40000 ALTER TABLE `sales_orders` DISABLE KEYS */;
INSERT INTO `sales_orders` VALUES (1,1,'ADJ-20260331-AFZYOQ',NULL,100.00,0.00,100.00,1,1,'2026-03-30 21:21:29','[远程补录] 测试售罄','2026-03-30 21:21:29','2026-03-30 21:21:29',NULL),(2,1,'ADJ-20260331-EFYYOA',NULL,50.00,0.00,50.00,1,1,'2026-03-30 21:21:29','[远程补录] 测试补录','2026-03-30 21:21:29','2026-03-30 21:21:29',NULL),(3,1,'SO-20260331-KMSOZX',1,10.00,0.00,10.00,2,1,'2026-03-30 21:21:38',NULL,'2026-03-30 21:21:38','2026-03-30 21:21:38',NULL),(4,2,'ADJ-20260404-B9AQ3L',NULL,255.00,0.00,255.00,1,1,'2026-04-03 18:44:59','[远程补录] 售罄补录','2026-04-03 18:44:59','2026-04-03 18:44:59',NULL),(5,2,'ADJ-20260404-YFMMN8',NULL,52.50,0.00,52.50,1,1,'2026-04-03 18:44:59','[远程补录] 售罄补录','2026-04-03 18:44:59','2026-04-03 18:44:59',NULL),(6,2,'ADJ-20260404-UOS1IT',NULL,255.00,0.00,255.00,1,1,'2026-04-03 18:45:37','[远程补录] 售罄补录','2026-04-03 18:45:37','2026-04-03 18:45:37',NULL),(7,2,'ADJ-20260404-UQQSZ2',NULL,52.50,0.00,52.50,1,1,'2026-04-03 18:45:37','[远程补录] 售罄补录','2026-04-03 18:45:37','2026-04-03 18:45:37',NULL),(8,2,'SUP-20260404-JNPA7O',NULL,255.00,0.00,255.00,1,1,'2026-04-03 18:47:00','[补录] sold_out','2026-04-03 18:47:00','2026-04-03 18:47:00',NULL),(9,2,'SUP-20260404-KF7MRN',NULL,87.50,0.00,87.50,1,1,'2026-04-03 18:47:00','[补录] remaining','2026-04-03 18:47:00','2026-04-03 18:47:00',NULL),(10,2,'SUP-20260404-A7MBLF',NULL,20.00,0.00,20.00,1,1,'2026-04-03 18:47:00','[补录] qty','2026-04-03 18:47:00','2026-04-03 18:47:00',NULL),(11,3,'SUP-20260404-YK4DKY',NULL,0.00,0.00,0.00,1,1,'2026-04-03 23:24:08','[补录] qty','2026-04-03 23:24:08','2026-04-03 23:24:08',NULL),(12,3,'SUP-20260404-KOBRME',NULL,0.00,0.00,0.00,1,1,'2026-04-03 23:25:26','[补录] sold_out','2026-04-03 23:25:26','2026-04-03 23:25:26',NULL),(13,3,'SUP-20260407-LVG0QB',NULL,0.00,0.00,0.00,1,1,'2026-04-06 22:50:00','[补录] sold_out','2026-04-06 22:50:56','2026-04-06 22:50:56',NULL),(14,1,'SUP-20260416-G0KRQL',NULL,0.00,0.00,0.00,1,1,'2026-04-16 08:00:00','[补录] sold_out','2026-04-16 14:44:01','2026-04-16 14:44:01',NULL),(15,3,'SUP-20260416-I8YRLP',NULL,0.00,0.00,0.00,1,1,'2026-04-16 15:14:36','[补录] sold_out','2026-04-16 15:14:36','2026-04-16 15:14:36',NULL),(16,3,'SUP-20260416-HZ5KWM',NULL,0.00,0.00,0.00,1,1,'2026-04-16 15:19:24','[补录] remaining','2026-04-16 15:19:24','2026-04-16 15:19:24',NULL),(17,1,'AI-20260427-JWB61H',NULL,0.00,0.00,0.00,1,1,'2026-04-27 12:58:36','[AI录入] 胡萝卜','2026-04-27 12:58:36','2026-04-27 12:58:36',NULL),(18,1,'AI-20260427-HQF1VX',NULL,0.00,0.00,0.00,1,1,'2026-04-27 13:28:45','[AI录入] 胡萝卜','2026-04-27 13:28:45','2026-04-27 13:28:45',NULL),(19,2,'AI-20260427-GJ48FE',NULL,0.00,0.00,0.00,1,1,'2026-04-27 13:56:48','[AI录入] 番茄','2026-04-27 13:56:48','2026-04-27 13:56:48',NULL),(20,1,'AI-20260427-DVDQYG',NULL,0.00,0.00,0.00,1,1,'2026-04-27 14:26:23','[AI录入] 白菜','2026-04-27 14:26:23','2026-04-27 14:26:23',NULL),(21,1,'AI-20260429-4QBYLY',NULL,0.00,0.00,0.00,1,1,'2026-04-29 00:19:43','[AI录入] 苹果','2026-04-29 00:19:43','2026-04-29 00:19:43',NULL),(22,1,'AI-20260511-9RLPF6',NULL,0.00,0.00,0.00,1,1,'2026-05-11 12:29:08','[AI录入] 橙子','2026-05-11 12:29:08','2026-05-11 12:29:08',NULL);
/*!40000 ALTER TABLE `sales_orders` ENABLE KEYS */;
UNLOCK TABLES;

--
-- Table structure for table `sales_uploads`
--

DROP TABLE IF EXISTS `sales_uploads`;
/*!40101 SET @saved_cs_client     = @@character_set_client */;
/*!50503 SET character_set_client = utf8mb4 */;
CREATE TABLE `sales_uploads` (
  `id` bigint unsigned NOT NULL AUTO_INCREMENT,
  `store_id` bigint unsigned NOT NULL,
  `uploaded_by` bigint unsigned NOT NULL,
  `original_filename` varchar(255) COLLATE utf8mb4_unicode_ci NOT NULL,
  `file_path` varchar(500) COLLATE utf8mb4_unicode_ci NOT NULL,
  `sale_date` date NOT NULL,
  `status` tinyint NOT NULL DEFAULT '0' COMMENT '0=pending 1=processing 2=completed 3=failed',
  `total_items` int NOT NULL DEFAULT '0',
  `processed_items` int NOT NULL DEFAULT '0',
  `failed_items` int NOT NULL DEFAULT '0',
  `error_message` text COLLATE utf8mb4_unicode_ci,
  `raw_rows` json DEFAULT NULL COMMENT 'Excel解析出的原始行数据',
  `ai_result` json DEFAULT NULL COMMENT 'AI分析映射结果',
  `created_at` timestamp NULL DEFAULT NULL,
  `updated_at` timestamp NULL DEFAULT NULL,
  PRIMARY KEY (`id`),
  KEY `sales_uploads_uploaded_by_foreign` (`uploaded_by`),
  KEY `sales_uploads_store_id_sale_date_index` (`store_id`,`sale_date`),
  KEY `sales_uploads_store_id_status_index` (`store_id`,`status`),
  CONSTRAINT `sales_uploads_store_id_foreign` FOREIGN KEY (`store_id`) REFERENCES `stores` (`id`) ON DELETE CASCADE,
  CONSTRAINT `sales_uploads_uploaded_by_foreign` FOREIGN KEY (`uploaded_by`) REFERENCES `users` (`id`) ON DELETE CASCADE
) ENGINE=InnoDB AUTO_INCREMENT=4 DEFAULT CHARSET=utf8mb4 COLLATE=utf8mb4_unicode_ci;
/*!40101 SET character_set_client = @saved_cs_client */;

--
-- Dumping data for table `sales_uploads`
--

LOCK TABLES `sales_uploads` WRITE;
/*!40000 ALTER TABLE `sales_uploads` DISABLE KEYS */;
INSERT INTO `sales_uploads` VALUES (1,2,8,'零售报表分析-零售-零售汇总_1774399133339.xlsx','sales_uploads/2/20260331_220435_零售报表分析-零售-零售汇总_1774399133339.xlsx','2026-03-31',3,237,0,0,'AI未能识别有效销售数据：AI分析失败','[{\"单价\": \"97.9948\", \"商品\": \"豬肉100元\", \"序号\": \"1\", \"数量\": \"77.3\", \"笔数\": \"87\", \"金额\": \"7575\", \"兑换金额\": \"0\", \"商品编号\": \"10000\"}, {\"单价\": \"6.8939\", \"商品\": \"耙耙柑\", \"序号\": \"2\", \"数量\": \"103.5702\", \"笔数\": \"29\", \"金额\": \"714\", \"兑换金额\": \"0\", \"商品编号\": \"00195\"}, {\"单价\": \"62.0018000000000029\", \"商品\": \"清遠雞1.1-1.3KG\", \"序号\": \"3\", \"数量\": \"10.8384\", \"笔数\": \"7\", \"金额\": \"672\", \"兑换金额\": \"0\", \"商品编号\": \"00173\"}, {\"单价\": \"7.9401\", \"商品\": \"地們香蕉\", \"序号\": \"4\", \"数量\": \"80.629\", \"笔数\": \"50\", \"金额\": \"640.20000000000005\", \"兑换金额\": \"0\", \"商品编号\": \"00129\"}, {\"单价\": \"51.4075\", \"商品\": \"黃花魚\", \"序号\": \"5\", \"数量\": \"10.8525\", \"笔数\": \"18\", \"金额\": \"557.89999999999998\", \"兑换金额\": \"0\", \"商品编号\": \"00223\"}, {\"单价\": \"3.5\", \"商品\": \"紅蔥(香蔥)100g\", \"序号\": \"6\", \"数量\": \"135\", \"笔数\": \"104\", \"金额\": \"472.5\", \"兑换金额\": \"0\", \"商品编号\": \"00306\"}, {\"单价\": \"12.2869\", \"商品\": \"西蘭花\", \"序号\": \"7\", \"数量\": \"37.9673\", \"笔数\": \"80\", \"金额\": \"466.5\", \"兑换金额\": \"0\", \"商品编号\": \"00012\"}, {\"单价\": \"41.9999\", \"商品\": \"王立鯧\", \"序号\": \"8\", \"数量\": \"10.5167\", \"笔数\": \"16\", \"金额\": \"441.69999999999999\", \"兑换金额\": \"0\", \"商品编号\": \"00224\"}, {\"单价\": \"20\", \"商品\": \"散裝串茄\", \"序号\": \"9\", \"数量\": \"21.545\", \"笔数\": \"15\", \"金额\": \"430.89999999999998\", \"兑换金额\": \"0\", \"商品编号\": \"00654\"}, {\"单价\": \"10.4003\", \"商品\": \"榴槤番薯500g\", \"序号\": \"10\", \"数量\": \"39.027900000000002\", \"笔数\": \"35\", \"金额\": \"405.89999999999998\", \"兑换金额\": \"0\", \"商品编号\": \"00391\"}, {\"单价\": \"20\", \"商品\": \"白蝦肉200g\", \"序号\": \"11\", \"数量\": \"20\", \"笔数\": \"17\", \"金额\": \"400\", \"兑换金额\": \"0\", \"商品编号\": \"00154\"}, {\"单价\": \"9\", \"商品\": \"蒜頭220g\", \"序号\": \"12\", \"数量\": \"44\", \"笔数\": \"38\", \"金额\": \"396\", \"兑换金额\": \"0\", \"商品编号\": \"00117\"}, {\"单价\": \"5.1\", \"商品\": \"胡蘿蔔(紅蘿蔔)\", \"序号\": \"13\", \"数量\": \"77.56870000000001\", \"笔数\": \"78\", \"金额\": \"395.60000000000002\", \"兑换金额\": \"0\", \"商品编号\": \"00047\"}, {\"单价\": \"71.9984\", \"商品\": \"一字排\", \"序号\": \"14\", \"数量\": \"5.4154\", \"笔数\": \"6\", \"金额\": \"389.89999999999998\", \"兑换金额\": \"0\", \"商品编号\": \"00282\"}, {\"单价\": \"13.9392\", \"商品\": \"小藍莓\", \"序号\": \"15\", \"数量\": \"27.6916\", \"笔数\": \"15\", \"金额\": \"386\", \"兑换金额\": \"0\", \"商品编号\": \"00467\"}, {\"单价\": \"52\", \"商品\": \"龍崗雞\", \"序号\": \"16\", \"数量\": \"7\", \"笔数\": \"6\", \"金额\": \"364\", \"兑换金额\": \"0\", \"商品编号\": \"00649\"}, {\"单价\": \"31.028400000000001\", \"商品\": \"士多啤梨\", \"序号\": \"17\", \"数量\": \"11.28\", \"笔数\": \"10\", \"金额\": \"350\", \"兑换金额\": \"0\", \"商品编号\": \"00404\"}, {\"单价\": \"6.3554\", \"商品\": \"芭樂\", \"序号\": \"18\", \"数量\": \"54.2846\", \"笔数\": \"19\", \"金额\": \"345\", \"兑换金额\": \"0\", \"商品编号\": \"00410\"}, {\"单价\": \"10.4\", \"商品\": \"薑(生薑)300g\", \"序号\": \"19\", \"数量\": \"33\", \"笔数\": \"33\", \"金额\": \"343.19999999999999\", \"兑换金额\": \"0\", \"商品编号\": \"00116\"}, {\"单价\": \"18\", \"商品\": \"鮮雞蛋\", \"序号\": \"20\", \"数量\": \"18\", \"笔数\": \"16\", \"金额\": \"324\", \"兑换金额\": \"0\", \"商品编号\": \"00566\"}, {\"单价\": \"13.4866\", \"商品\": \"苦瓜\", \"序号\": \"21\", \"数量\": \"23.6087\", \"笔数\": \"55\", \"金额\": \"318.39999999999998\", \"兑换金额\": \"0\", \"商品编号\": \"00025\"}, {\"单价\": \"5.8001\", \"商品\": \"唐生菜300g\", \"序号\": \"22\", \"数量\": \"54.4644\", \"笔数\": \"66\", \"金额\": \"315.89999999999998\", \"兑换金额\": \"0\", \"商品编号\": \"00079\"}, {\"单价\": \"48.0015000000000001\", \"商品\": \"三黃雞\", \"序号\": \"23\", \"数量\": \"6.4998\", \"笔数\": \"6\", \"金额\": \"312\", \"兑换金额\": \"0\", \"商品编号\": \"00648\"}, {\"单价\": \"5.9219\", \"商品\": \"散裝金桔\", \"序号\": \"24\", \"数量\": \"51.2846\", \"笔数\": \"31\", \"金额\": \"303.69999999999999\", \"兑换金额\": \"0\", \"商品编号\": \"00652\"}, {\"单价\": \"40\", \"商品\": \"鯇魚\", \"序号\": \"25\", \"数量\": \"7.185\", \"笔数\": \"8\", \"金额\": \"287.39999999999998\", \"兑换金额\": \"0\", \"商品编号\": \"00210\"}, {\"单价\": \"58.0013000000000005\", \"商品\": \"免治豬肉\", \"序号\": \"26\", \"数量\": \"4.9292\", \"笔数\": \"9\", \"金额\": \"285.89999999999998\", \"兑换金额\": \"0\", \"商品编号\": \"00281\"}, {\"单价\": \"9.0381\", \"商品\": \"青瓜\", \"序号\": \"27\", \"数量\": \"31.4448\", \"笔数\": \"34\", \"金额\": \"284.19999999999999\", \"兑换金额\": \"0\", \"商品编号\": \"00084\"}, {\"单价\": \"9.2002\", \"商品\": \"白蘑菇200g\", \"序号\": \"28\", \"数量\": \"30.608\", \"笔数\": \"25\", \"金额\": \"281.60000000000002\", \"兑换金额\": \"0\", \"商品编号\": \"00061\"}, {\"单价\": \"7.422\", \"商品\": \"上海青苗300g\", \"序号\": \"29\", \"数量\": \"37.6985\", \"笔数\": \"37\", \"金额\": \"279.80000000000001\", \"兑换金额\": \"0\", \"商品编号\": \"00019\"}, {\"单价\": \"10.4003\", \"商品\": \"沙律菜-帶醬150g\", \"序号\": \"30\", \"数量\": \"25.7013\", \"笔数\": \"24\", \"金额\": \"267.30000000000001\", \"兑换金额\": \"0\", \"商品编号\": \"00075\"}, {\"单价\": \"8.2628\", \"商品\": \"芥蘭苗300g\", \"序号\": \"31\", \"数量\": \"31.551\", \"笔数\": \"28\", \"金额\": \"260.69999999999999\", \"兑换金额\": \"0\", \"商品编号\": \"00014\"}, {\"单价\": \"9.0267\", \"商品\": \"唐生菜苗250g\", \"序号\": \"32\", \"数量\": \"28.083500000000001\", \"笔数\": \"36\", \"金额\": \"253.5\", \"兑换金额\": \"0\", \"商品编号\": \"00303\"}, {\"单价\": \"8.317\", \"商品\": \"茄子(紫)\", \"序号\": \"33\", \"数量\": \"30.4197\", \"笔数\": \"48\", \"金额\": \"253\", \"兑换金额\": \"0\", \"商品编号\": \"00029\"}, {\"单价\": \"5.9999\", \"商品\": \"蜜蜂橙\", \"序号\": \"34\", \"数量\": \"41.6675\", \"笔数\": \"21\", \"金额\": \"250\", \"兑换金额\": \"0\", \"商品编号\": \"00399\"}, {\"单价\": \"5.8676\", \"商品\": \"馬鈴薯\", \"序号\": \"35\", \"数量\": \"42.2657\", \"笔数\": \"37\", \"金额\": \"248\", \"兑换金额\": \"0\", \"商品编号\": \"00051\"}, {\"单价\": \"12.6\", \"商品\": \"芋頭\", \"序号\": \"36\", \"数量\": \"18.9127\", \"笔数\": \"20\", \"金额\": \"238.30000000000001\", \"兑换金额\": \"0\", \"商品编号\": \"00052\"}, {\"单价\": \"5\", \"商品\": \"白洋蔥\", \"序号\": \"37\", \"数量\": \"47.28\", \"笔数\": \"49\", \"金额\": \"236.40000000000001\", \"兑换金额\": \"0\", \"商品编号\": \"00073\"}, {\"单价\": \"6.5771\", \"商品\": \"青通300g\", \"序号\": \"38\", \"数量\": \"34.5896\", \"笔数\": \"31\", \"金额\": \"227.5\", \"兑换金额\": \"0\", \"商品编号\": \"00017\"}, {\"单价\": \"6.5\", \"商品\": \"番茄(粉)350g\", \"序号\": \"39\", \"数量\": \"35\", \"笔数\": \"30\", \"金额\": \"227.5\", \"兑换金额\": \"0\", \"商品编号\": \"00030\"}, {\"单价\": \"3.5\", \"商品\": \"芫茜70g\", \"序号\": \"40\", \"数量\": \"65\", \"笔数\": \"53\", \"金额\": \"227.5\", \"兑换金额\": \"0\", \"商品编号\": \"00307\"}, {\"单价\": \"10.4998\", \"商品\": \"菠菜苗300g\", \"序号\": \"41\", \"数量\": \"21.429\", \"笔数\": \"28\", \"金额\": \"225\", \"兑换金额\": \"0\", \"商品编号\": \"00006\"}, {\"单价\": \"13.00050000000000061\", \"商品\": \"水果椒250g\", \"序号\": \"42\", \"数量\": \"17.307\", \"笔数\": \"18\", \"金额\": \"225\", \"兑换金额\": \"0\", \"商品编号\": \"00107\"}, {\"单价\": \"13.6765\", \"商品\": \"菠蘿蜜\", \"序号\": \"43\", \"数量\": \"16.085999999999999\", \"笔数\": \"14\", \"金额\": \"220\", \"兑换金额\": \"0\", \"商品编号\": \"00462\"}, {\"单价\": \"8.8441\", \"商品\": \"水果油瓜400g\", \"序号\": \"44\", \"数量\": \"24.717\", \"笔数\": \"26\", \"金额\": \"218.59999999999999\", \"兑换金额\": \"0\", \"商品编号\": \"00266\"}, {\"单价\": \"2.5\", \"商品\": \"檸檬\", \"序号\": \"45\", \"数量\": \"86.40000000000001\", \"笔数\": \"16\", \"金额\": \"216\", \"兑换金额\": \"0\", \"商品编号\": \"00446\"}, {\"单价\": \"8.2004\", \"商品\": \"白豆角300g\", \"序号\": \"46\", \"数量\": \"25.6084\", \"笔数\": \"28\", \"金额\": \"210\", \"兑换金额\": \"0\", \"商品编号\": \"00036\"}, {\"单价\": \"7.5899\", \"商品\": \"木瓜\", \"序号\": \"47\", \"数量\": \"27.6684\", \"笔数\": \"17\", \"金额\": \"210\", \"兑换金额\": \"0\", \"商品编号\": \"00193\"}, {\"单价\": \"4.2\", \"商品\": \"京包\", \"序号\": \"48\", \"数量\": \"49.4286\", \"笔数\": \"30\", \"金额\": \"207.59999999999999\", \"兑换金额\": \"0\", \"商品编号\": \"00007\"}, {\"单价\": \"8.6\", \"商品\": \"板栗南瓜\", \"序号\": \"49\", \"数量\": \"24.0581\", \"笔数\": \"14\", \"金额\": \"206.90000000000001\", \"兑换金额\": \"0\", \"商品编号\": \"00086\"}, {\"单价\": \"67.99930000000001\", \"商品\": \"霖肉\", \"序号\": \"50\", \"数量\": \"3.0015000000000001\", \"笔数\": \"5\", \"金额\": \"204.099999999999994\", \"兑换金额\": \"0\", \"商品编号\": \"00280\"}, {\"单价\": \"25\", \"商品\": \"日本白蛋10只\", \"序号\": \"51\", \"数量\": \"8\", \"笔数\": \"8\", \"金额\": \"200\", \"兑换金额\": \"0\", \"商品编号\": \"00217\"}, {\"单价\": \"6.1\", \"商品\": \"聖女果300g\", \"序号\": \"52\", \"数量\": \"32.4588\", \"笔数\": \"31\", \"金额\": \"198\", \"兑换金额\": \"0\", \"商品编号\": \"00392\"}, {\"单价\": \"9\", \"商品\": \"大牛油果\", \"序号\": \"53\", \"数量\": \"21.4445\", \"笔数\": \"6\", \"金额\": \"193\", \"兑换金额\": \"0\", \"商品编号\": \"00486\"}, {\"单价\": \"6.6003\", \"商品\": \"番茄350g\", \"序号\": \"54\", \"数量\": \"29.1655\", \"笔数\": \"31\", \"金额\": \"192.5\", \"兑换金额\": \"0\", \"商品编号\": \"00089\"}, {\"单价\": \"9.1429\", \"商品\": \"鹽水花生\", \"序号\": \"55\", \"数量\": \"21\", \"笔数\": \"17\", \"金额\": \"192\", \"兑换金额\": \"0\", \"商品编号\": \"00470\"}, {\"单价\": \"7.6729\", \"商品\": \"菜心苗300g\", \"序号\": \"56\", \"数量\": \"24.7625\", \"笔数\": \"17\", \"金额\": \"190\", \"兑换金额\": \"0\", \"商品编号\": \"00022\"}, {\"单价\": \"41.9998\", \"商品\": \"沙鑽魚\", \"序号\": \"57\", \"数量\": \"4.4905\", \"笔数\": \"8\", \"金额\": \"188.59999999999999\", \"兑换金额\": \"0\", \"商品编号\": \"00668\"}, {\"单价\": \"17.2993\", \"商品\": \"串茄198g\", \"序号\": \"58\", \"数量\": \"10.8097\", \"笔数\": \"10\", \"金额\": \"187\", \"兑换金额\": \"0\", \"商品编号\": \"00309\"}, {\"单价\": \"9\", \"商品\": \"牛奶蕉\", \"序号\": \"59\", \"数量\": \"20.3445\", \"笔数\": \"13\", \"金额\": \"183.099999999999994\", \"兑换金额\": \"0\", \"商品编号\": \"00468\"}, {\"单价\": \"34.9994\", \"商品\": \"豬潤\", \"序号\": \"60\", \"数量\": \"5.1258\", \"笔数\": \"10\", \"金额\": \"179.40000000000001\", \"兑换金额\": \"0\", \"商品编号\": \"00268\"}, {\"单价\": \"72.00060000000000571\", \"商品\": \"文昌雞1.1-1.3KG\", \"序号\": \"61\", \"数量\": \"2.4722\", \"笔数\": \"2\", \"金额\": \"178\", \"兑换金额\": \"0\", \"商品编号\": \"00319\"}, {\"单价\": \"7.5\", \"商品\": \"辣椒(杭椒)250g\", \"序号\": \"62\", \"数量\": \"23\", \"笔数\": \"16\", \"金额\": \"172.5\", \"兑换金额\": \"0\", \"商品编号\": \"00111\"}, {\"单价\": \"6.9526\", \"商品\": \"上海青300g\", \"序号\": \"63\", \"数量\": \"24.6814\", \"笔数\": \"33\", \"金额\": \"171.59999999999999\", \"兑换金额\": \"0\", \"商品编号\": \"00018\"}, {\"单价\": \"40\", \"商品\": \"大頭魚\", \"序号\": \"64\", \"数量\": \"4.27\", \"笔数\": \"5\", \"金额\": \"170.80000000000001\", \"兑换金额\": \"0\", \"商品编号\": \"00289\"}, {\"单价\": \"8.8999\", \"商品\": \"玉米(甜)\", \"序号\": \"65\", \"数量\": \"18.899\", \"笔数\": \"26\", \"金额\": \"168.19999999999999\", \"兑换金额\": \"0\", \"商品编号\": \"00033\"}, {\"单价\": \"4.1001\", \"商品\": \"小土豆400g\", \"序号\": \"66\", \"数量\": \"40.9016\", \"笔数\": \"31\", \"金额\": \"167.69999999999999\", \"兑换金额\": \"0\", \"商品编号\": \"00096\"}, {\"单价\": \"16.5998\", \"商品\": \"三色彩椒550g\", \"序号\": \"67\", \"数量\": \"9.8736\", \"笔数\": \"11\", \"金额\": \"163.90000000000001\", \"兑换金额\": \"0\", \"商品编号\": \"00112\"}, {\"单价\": \"23.2558\", \"商品\": \"蘆筍200g\", \"序号\": \"68\", \"数量\": \"6.88\", \"笔数\": \"10\", \"金额\": \"160\", \"兑换金额\": \"0\", \"商品编号\": \"00050\"}, {\"单价\": \"7.3968\", \"商品\": \"黄秋葵200g\", \"序号\": \"69\", \"数量\": \"20.8198\", \"笔数\": \"20\", \"金额\": \"154\", \"兑换金额\": \"0\", \"商品编号\": \"00088\"}, {\"单价\": \"7\", \"商品\": \"百福蒸煮豆腐350ml/盒\", \"序号\": \"70\", \"数量\": \"22\", \"笔数\": \"19\", \"金额\": \"154\", \"兑换金额\": \"0\", \"商品编号\": \"00189\"}, {\"单价\": \"9.4999\", \"商品\": \"油麥菜苗250g\", \"序号\": \"71\", \"数量\": \"15.9159\", \"笔数\": \"20\", \"金额\": \"151.19999999999999\", \"兑换金额\": \"0\", \"商品编号\": \"00304\"}, {\"单价\": \"5.9\", \"商品\": \"地瓜葉300g\", \"序号\": \"72\", \"数量\": \"25.1694\", \"笔数\": \"24\", \"金额\": \"148.5\", \"兑换金额\": \"0\", \"商品编号\": \"00077\"}, {\"单价\": \"52.014699999999998\", \"商品\": \"肉眼（肉扒）\", \"序号\": \"73\", \"数量\": \"2.8242\", \"笔数\": \"4\", \"金额\": \"146.90000000000001\", \"兑换金额\": \"0\", \"商品编号\": \"00273\"}, {\"单价\": \"9.5004\", \"商品\": \"大紅椒250g\", \"序号\": \"74\", \"数量\": \"15.2099\", \"笔数\": \"4\", \"金额\": \"144.5\", \"兑换金额\": \"0\", \"商品编号\": \"00109\"}, {\"单价\": \"12.6004\", \"商品\": \"甜豆300g\", \"序号\": \"75\", \"数量\": \"11.4282\", \"笔数\": \"17\", \"金额\": \"144\", \"兑换金额\": \"0\", \"商品编号\": \"00039\"}, {\"单价\": \"37.9987\", \"商品\": \"竹絲雞（小 ）0.9-1.0KG\", \"序号\": \"76\", \"数量\": \"3.7896\", \"笔数\": \"4\", \"金额\": \"144\", \"兑换金额\": \"0\", \"商品编号\": \"00316\"}, {\"单价\": \"12\", \"商品\": \"菠蘿\", \"序号\": \"77\", \"数量\": \"12\", \"笔数\": \"12\", \"金额\": \"144\", \"兑换金额\": \"0\", \"商品编号\": \"00439\"}, {\"单价\": \"4.1002\", \"商品\": \"珠蔥150g\", \"序号\": \"78\", \"数量\": \"34.2914\", \"笔数\": \"31\", \"金额\": \"140.59999999999999\", \"兑换金额\": \"0\", \"商品编号\": \"00067\"}, {\"单价\": \"8.2997\", \"商品\": \"娃娃菜（三個装）\", \"序号\": \"79\", \"数量\": \"16.868\", \"笔数\": \"20\", \"金额\": \"140\", \"兑换金额\": \"0\", \"商品编号\": \"00001\"}, {\"单价\": \"4.4\", \"商品\": \"冬瓜\", \"序号\": \"80\", \"数量\": \"31.7046\", \"笔数\": \"22\", \"金额\": \"139.5\", \"兑换金额\": \"0\", \"商品编号\": \"00023\"}, {\"单价\": \"29.9996\", \"商品\": \"星鱸\", \"序号\": \"81\", \"数量\": \"4.6434\", \"笔数\": \"5\", \"金额\": \"139.30000000000001\", \"兑换金额\": \"0\", \"商品编号\": \"00226\"}, {\"单价\": \"5.7999\", \"商品\": \"湖南椒250g\", \"序号\": \"82\", \"数量\": \"23.7075\", \"笔数\": \"16\", \"金额\": \"137.5\", \"兑换金额\": \"0\", \"商品编号\": \"00065\"}, {\"单价\": \"8.5\", \"商品\": \"豆蔔1份\", \"序号\": \"83\", \"数量\": \"16\", \"笔数\": \"15\", \"金额\": \"136\", \"兑换金额\": \"0\", \"商品编号\": \"00194\"}, {\"单价\": \"6.8\", \"商品\": \"攸縣香干200g/袋\", \"序号\": \"84\", \"数量\": \"20\", \"笔数\": \"20\", \"金额\": \"136\", \"兑换金额\": \"0\", \"商品编号\": \"00342\"}, {\"单价\": \"20.3191\", \"商品\": \"枇杷\", \"序号\": \"85\", \"数量\": \"6.644\", \"笔数\": \"6\", \"金额\": \"135\", \"兑换金额\": \"0\", \"商品编号\": \"00395\"}, {\"单价\": \"8.9002\", \"商品\": \"荷蘭豆200g\", \"序号\": \"86\", \"数量\": \"14.9435\", \"笔数\": \"16\", \"金额\": \"133\", \"兑换金额\": \"0\", \"商品编号\": \"00037\"}, {\"单价\": \"13.9374\", \"商品\": \"鮮淮山\", \"序号\": \"87\", \"数量\": \"9.5355\", \"笔数\": \"9\", \"金额\": \"132.90000000000001\", \"兑换金额\": \"0\", \"商品编号\": \"00095\"}, {\"单价\": \"8.1843\", \"商品\": \"菜心300g\", \"序号\": \"88\", \"数量\": \"15.8841\", \"笔数\": \"15\", \"金额\": \"130\", \"兑换金额\": \"0\", \"商品编号\": \"00021\"}, {\"单价\": \"12.2002\", \"商品\": \"板栗肉200g\", \"序号\": \"89\", \"数量\": \"10.6392\", \"笔数\": \"11\", \"金额\": \"129.80000000000001\", \"兑换金额\": \"0\", \"商品编号\": \"00038\"}, {\"单价\": \"10.887\", \"商品\": \"福建花(散花）\", \"序号\": \"90\", \"数量\": \"11.7204\", \"笔数\": \"14\", \"金额\": \"127.59999999999999\", \"兑换金额\": \"0\", \"商品编号\": \"00386\"}, {\"单价\": \"25\", \"商品\": \"羅非魚\", \"序号\": \"91\", \"数量\": \"5.084\", \"笔数\": \"6\", \"金额\": \"127.099999999999994\", \"兑换金额\": \"0\", \"商品编号\": \"00292\"}, {\"单价\": \"7.0001\", \"商品\": \"指天椒100g\", \"序号\": \"92\", \"数量\": \"18.071100000000001\", \"笔数\": \"22\", \"金额\": \"126.5\", \"兑换金额\": \"0\", \"商品编号\": \"00108\"}, {\"单价\": \"3.4001\", \"商品\": \"金針菇200g\", \"序号\": \"93\", \"数量\": \"36.8808\", \"笔数\": \"24\", \"金额\": \"125.40000000000001\", \"兑换金额\": \"0\", \"商品编号\": \"00100\"}, {\"单价\": \"7.8\", \"商品\": \"南瓜(貝貝南瓜)\", \"序号\": \"94\", \"数量\": \"15.8206\", \"笔数\": \"16\", \"金额\": \"123.40000000000001\", \"兑换金额\": \"0\", \"商品编号\": \"00085\"}, {\"单价\": \"7.7\", \"商品\": \"西芹\", \"序号\": \"95\", \"数量\": \"15.7012\", \"笔数\": \"30\", \"金额\": \"120.90000000000001\", \"兑换金额\": \"0\", \"商品编号\": \"00069\"}, {\"单价\": \"103.4808\", \"商品\": \"梅頭瘦肉\", \"序号\": \"96\", \"数量\": \"1.1664\", \"笔数\": \"3\", \"金额\": \"120.7\", \"兑换金额\": \"0\", \"商品编号\": \"00283\"}, {\"单价\": \"5.1\", \"商品\": \"辣椒(螺絲椒)250g\", \"序号\": \"97\", \"数量\": \"23.5296\", \"笔数\": \"15\", \"金额\": \"120\", \"兑换金额\": \"0\", \"商品编号\": \"00064\"}, {\"单价\": \"4.0998\", \"商品\": \"綠豆芽300g\", \"序号\": \"98\", \"数量\": \"29.0258\", \"笔数\": \"31\", \"金额\": \"119\", \"兑换金额\": \"0\", \"商品编号\": \"00055\"}, {\"单价\": \"9.1649\", \"商品\": \"學鬥白菜300g\", \"序号\": \"99\", \"数量\": \"12.9298\", \"笔数\": \"14\", \"金额\": \"118.5\", \"兑换金额\": \"0\", \"商品编号\": \"00390\"}, {\"单价\": \"49.1776\", \"商品\": \"白倉魚\", \"序号\": \"100\", \"数量\": \"2.4015\", \"笔数\": \"4\", \"金额\": \"118.099999999999994\", \"兑换金额\": \"0\", \"商品编号\": \"00667\"}, {\"单价\": \"4.3607\", \"商品\": \"白蘿蔔\", \"序号\": \"101\", \"数量\": \"26.4864\", \"笔数\": \"23\", \"金额\": \"115.5\", \"兑换金额\": \"0\", \"商品编号\": \"00045\"}, {\"单价\": \"9.8995\", \"商品\": \"大蔥\", \"序号\": \"102\", \"数量\": \"11.6066\", \"笔数\": \"16\", \"金额\": \"114.90000000000001\", \"兑换金额\": \"0\", \"商品编号\": \"00068\"}, {\"单价\": \"8.6348\", \"商品\": \"毛瓜\", \"序号\": \"103\", \"数量\": \"13.0518\", \"笔数\": \"16\", \"金额\": \"112.7\", \"兑换金额\": \"0\", \"商品编号\": \"00083\"}, {\"单价\": \"11.2999\", \"商品\": \"毛豆500g\", \"序号\": \"104\", \"数量\": \"9.9558\", \"笔数\": \"8\", \"金额\": \"112.5\", \"兑换金额\": \"0\", \"商品编号\": \"00092\"}, {\"单价\": \"5\", \"商品\": \"小旺菜\", \"序号\": \"105\", \"数量\": \"22.46\", \"笔数\": \"17\", \"金额\": \"112.3\", \"兑换金额\": \"0\", \"商品编号\": \"00004\"}, {\"单价\": \"3.9205\", \"商品\": \"木耳200g\", \"序号\": \"106\", \"数量\": \"27.8536\", \"笔数\": \"3\", \"金额\": \"109.2\", \"兑换金额\": \"0\", \"商品编号\": \"00062\"}, {\"单价\": \"10.7001\", \"商品\": \"四季豆450g\", \"序号\": \"107\", \"数量\": \"9.813\", \"笔数\": \"10\", \"金额\": \"105\", \"兑换金额\": \"0\", \"商品编号\": \"00034\"}, {\"单价\": \"7.8997\", \"商品\": \"冬菇200g\", \"序号\": \"108\", \"数量\": \"13.2916\", \"笔数\": \"13\", \"金额\": \"105\", \"兑换金额\": \"0\", \"商品编号\": \"00101\"}, {\"单价\": \"10.6003\", \"商品\": \"馬蹄500g\", \"序号\": \"109\", \"数量\": \"9.8582\", \"笔数\": \"11\", \"金额\": \"104.5\", \"兑换金额\": \"0\", \"商品编号\": \"00041\"}, {\"单价\": \"7.1\", \"商品\": \"紅菜頭\", \"序号\": \"110\", \"数量\": \"14.6901\", \"笔数\": \"14\", \"金额\": \"104.3\", \"兑换金额\": \"0\", \"商品编号\": \"00048\"}, {\"单价\": \"60.4825\", \"商品\": \"五花腩\", \"序号\": \"111\", \"数量\": \"1.7162\", \"笔数\": \"2\", \"金额\": \"103.8\", \"兑换金额\": \"0\", \"商品编号\": \"00284\"}, {\"单价\": \"13.6999\", \"商品\": \"粉葛\", \"序号\": \"112\", \"数量\": \"7.5037\", \"笔数\": \"6\", \"金额\": \"102.8\", \"兑换金额\": \"0\", \"商品编号\": \"00060\"}, {\"单价\": \"10.3352\", \"商品\": \"椰菜花(白花菜)\", \"序号\": \"113\", \"数量\": \"9.9369\", \"笔数\": \"10\", \"金额\": \"102.7\", \"兑换金额\": \"0\", \"商品编号\": \"00011\"}, {\"单价\": \"5.8\", \"商品\": \"胡蘿蔔(泥紅蘿蔔)\", \"序号\": \"114\", \"数量\": \"17.1379\", \"笔数\": \"27\", \"金额\": \"99.40000000000001\", \"兑换金额\": \"0\", \"商品编号\": \"00046\"}, {\"单价\": \"8.8999\", \"商品\": \"糖心蜜薯\", \"序号\": \"115\", \"数量\": \"10.9327\", \"笔数\": \"10\", \"金额\": \"97.3\", \"兑换金额\": \"0\", \"商品编号\": \"00093\"}, {\"单价\": \"97.9996\", \"商品\": \"飛排\", \"序号\": \"116\", \"数量\": \"0.9898\", \"笔数\": \"2\", \"金额\": \"97\", \"兑换金额\": \"0\", \"商品编号\": \"00279\"}, {\"单价\": \"8\", \"商品\": \"百福硬豆腐340g/盒\", \"序号\": \"117\", \"数量\": \"12\", \"笔数\": \"8\", \"金额\": \"96\", \"兑换金额\": \"0\", \"商品编号\": \"00188\"}, {\"单价\": \"7.9\", \"商品\": \"小咖啡菇200g\", \"序号\": \"118\", \"数量\": \"12\", \"笔数\": \"11\", \"金额\": \"94.8\", \"兑换金额\": \"0\", \"商品编号\": \"00118\"}, {\"单价\": \"6.2971\", \"商品\": \"油麥菜300g\", \"序号\": \"119\", \"数量\": \"14.864\", \"笔数\": \"18\", \"金额\": \"93.59999999999999\", \"兑换金额\": \"0\", \"商品编号\": \"00020\"}, {\"单价\": \"8.7957\", \"商品\": \"秀珍菇150g\", \"序号\": \"120\", \"数量\": \"10.6416\", \"笔数\": \"11\", \"金额\": \"93.59999999999999\", \"兑换金额\": \"0\", \"商品编号\": \"00322\"}, {\"单价\": \"8.2996\", \"商品\": \"毛豆仁200g\", \"序号\": \"121\", \"数量\": \"11.2776\", \"笔数\": \"9\", \"金额\": \"93.59999999999999\", \"兑换金额\": \"0\", \"商品编号\": \"00372\"}, {\"单价\": \"8.5\", \"商品\": \"上海水餃皮（白圓皮）350g\", \"序号\": \"122\", \"数量\": \"11\", \"笔数\": \"9\", \"金额\": \"93.5\", \"兑换金额\": \"0\", \"商品编号\": \"00206\"}, {\"单价\": \"8.5\", \"商品\": \"長水瓜\", \"序号\": \"123\", \"数量\": \"10.8353\", \"笔数\": \"13\", \"金额\": \"92.099999999999994\", \"兑换金额\": \"0\", \"商品编号\": \"00031\"}, {\"单价\": \"88.0031000000000034\", \"商品\": \"豬展\", \"序号\": \"124\", \"数量\": \"1.0261\", \"笔数\": \"3\", \"金额\": \"90.3\", \"兑换金额\": \"0\", \"商品编号\": \"00263\"}, {\"单价\": \"7.5679\", \"商品\": \"雞毛菜300g\", \"序号\": \"125\", \"数量\": \"11.8924\", \"笔数\": \"7\", \"金额\": \"90\", \"兑换金额\": \"0\", \"商品编号\": \"00327\"}, {\"单价\": \"10.5\", \"商品\": \"蓮藕\", \"序号\": \"126\", \"数量\": \"8.4095\", \"笔数\": \"9\", \"金额\": \"88.3\", \"兑换金额\": \"0\", \"商品编号\": \"00094\"}, {\"单价\": \"13.0063999999999993\", \"商品\": \"鮮鐵棍淮山\", \"序号\": \"127\", \"数量\": \"6.7582\", \"笔数\": \"8\", \"金额\": \"87.90000000000001\", \"兑换金额\": \"0\", \"商品编号\": \"00049\"}, {\"单价\": \"3.5999\", \"商品\": \"芹菜150g\", \"序号\": \"128\", \"数量\": \"23.334\", \"笔数\": \"23\", \"金额\": \"84\", \"兑换金额\": \"0\", \"商品编号\": \"00119\"}, {\"单价\": \"42\", \"商品\": \"豬肚（個）\", \"序号\": \"129\", \"数量\": \"2\", \"笔数\": \"2\", \"金额\": \"84\", \"兑换金额\": \"0\", \"商品编号\": \"00251\"}, {\"单价\": \"12\", \"商品\": \"鵪鶉蛋\", \"序号\": \"130\", \"数量\": \"7\", \"笔数\": \"7\", \"金额\": \"84\", \"兑换金额\": \"0\", \"商品编号\": \"00564\"}, {\"单价\": \"5.8\", \"商品\": \"洋蔥(紅)\", \"序号\": \"131\", \"数量\": \"14.2759\", \"笔数\": \"15\", \"金额\": \"82.8\", \"兑换金额\": \"0\", \"商品编号\": \"00074\"}, {\"单价\": \"77.99939999999999\", \"商品\": \"排骨頭\", \"序号\": \"132\", \"数量\": \"1.0577\", \"笔数\": \"1\", \"金额\": \"82.5\", \"兑换金额\": \"0\", \"商品编号\": \"00260\"}, {\"单价\": \"7.5131\", \"商品\": \"萵筍\", \"序号\": \"133\", \"数量\": \"10.9409\", \"笔数\": \"14\", \"金额\": \"82.2\", \"兑换金额\": \"0\", \"商品编号\": \"00325\"}, {\"单价\": \"6.0001\", \"商品\": \"富士苹果\", \"序号\": \"134\", \"数量\": \"13.3332\", \"笔数\": \"3\", \"金额\": \"80\", \"兑换金额\": \"0\", \"商品编号\": \"00427\"}, {\"单价\": \"12.2033\", \"商品\": \"金奇異果\", \"序号\": \"135\", \"数量\": \"6.5556\", \"笔数\": \"2\", \"金额\": \"80\", \"兑换金额\": \"0\", \"商品编号\": \"00556\"}, {\"单价\": \"6.4869\", \"商品\": \"韭王150g\", \"序号\": \"136\", \"数量\": \"12.0243\", \"笔数\": \"11\", \"金额\": \"78\", \"兑换金额\": \"0\", \"商品编号\": \"00070\"}, {\"单价\": \"12.6\", \"商品\": \"百合四頭\", \"序号\": \"137\", \"数量\": \"6\", \"笔数\": \"6\", \"金额\": \"75.59999999999999\", \"兑换金额\": \"0\", \"商品编号\": \"00362\"}, {\"单价\": \"5.4999\", \"商品\": \"羽衣甘藍150g\", \"序号\": \"138\", \"数量\": \"13.6365\", \"笔数\": \"9\", \"金额\": \"75\", \"兑换金额\": \"0\", \"商品编号\": \"00009\"}, {\"单价\": \"9.2891\", \"商品\": \"茼蒿300g\", \"序号\": \"139\", \"数量\": \"8.074\", \"笔数\": \"9\", \"金额\": \"75\", \"兑换金额\": \"0\", \"商品编号\": \"00401\"}, {\"单价\": \"62.003300000000003\", \"商品\": \"西施\", \"序号\": \"140\", \"数量\": \"1.208\", \"笔数\": \"2\", \"金额\": \"74.90000000000001\", \"兑换金额\": \"0\", \"商品编号\": \"00287\"}, {\"单价\": \"4.7\", \"商品\": \"大白菜\", \"序号\": \"141\", \"数量\": \"15.4682\", \"笔数\": \"8\", \"金额\": \"72.7\", \"兑换金额\": \"0\", \"商品编号\": \"00003\"}, {\"单价\": \"8\", \"商品\": \"佛手瓜\", \"序号\": \"142\", \"数量\": \"9.0375\", \"笔数\": \"12\", \"金额\": \"72.3\", \"兑换金额\": \"0\", \"商品编号\": \"00040\"}, {\"单价\": \"4.8\", \"商品\": \"杭白菜300g\", \"序号\": \"143\", \"数量\": \"15\", \"笔数\": \"1\", \"金额\": \"72\", \"兑换金额\": \"0\", \"商品编号\": \"00076\"}, {\"单价\": \"9\", \"商品\": \"鹹蛋4只\", \"序号\": \"144\", \"数量\": \"8\", \"笔数\": \"8\", \"金额\": \"72\", \"兑换金额\": \"0\", \"商品编号\": \"00147\"}, {\"单价\": \"8.2996\", \"商品\": \"豌豆仁200g\", \"序号\": \"145\", \"数量\": \"8.4582\", \"笔数\": \"9\", \"金额\": \"70.2\", \"兑换金额\": \"0\", \"商品编号\": \"00373\"}, {\"单价\": \"9.2998\", \"商品\": \"真空淮山肉300g\", \"序号\": \"146\", \"数量\": \"7.312\", \"笔数\": \"7\", \"金额\": \"68\", \"兑换金额\": \"0\", \"商品编号\": \"00312\"}, {\"单价\": \"6.7\", \"商品\": \"攸縣白干200g/袋\", \"序号\": \"147\", \"数量\": \"10\", \"笔数\": \"8\", \"金额\": \"67\", \"兑换金额\": \"0\", \"商品编号\": \"00341\"}, {\"单价\": \"7.6\", \"商品\": \"紫椰菜\", \"序号\": \"148\", \"数量\": \"8.6316\", \"笔数\": \"6\", \"金额\": \"65.59999999999999\", \"兑换金额\": \"0\", \"商品编号\": \"00008\"}, {\"单价\": \"48.3619\", \"商品\": \"豬展骨\", \"序号\": \"149\", \"数量\": \"1.3461\", \"笔数\": \"2\", \"金额\": \"65.099999999999994\", \"兑换金额\": \"0\", \"商品编号\": \"00246\"}, {\"单价\": \"11.522\", \"商品\": \"皇帝菜苗300g\", \"序号\": \"150\", \"数量\": \"5.6414\", \"笔数\": \"9\", \"金额\": \"65\", \"兑换金额\": \"0\", \"商品编号\": \"00324\"}, {\"单价\": \"6.1001\", \"商品\": \"芋仔300g\", \"序号\": \"151\", \"数量\": \"10.6392\", \"笔数\": \"8\", \"金额\": \"64.90000000000001\", \"兑换金额\": \"0\", \"商品编号\": \"00097\"}, {\"单价\": \"9.2\", \"商品\": \"玉米筍200g\", \"序号\": \"152\", \"数量\": \"7\", \"笔数\": \"7\", \"金额\": \"64.40000000000001\", \"兑换金额\": \"0\", \"商品编号\": \"00032\"}, {\"单价\": \"8.9004\", \"商品\": \"紫薯500g\", \"序号\": \"153\", \"数量\": \"7.1008\", \"笔数\": \"8\", \"金额\": \"63.2\", \"兑换金额\": \"0\", \"商品编号\": \"00387\"}, {\"单价\": \"7.9\", \"商品\": \"人參白薯\", \"序号\": \"154\", \"数量\": \"8\", \"笔数\": \"6\", \"金额\": \"63.2\", \"兑换金额\": \"0\", \"商品编号\": \"00497\"}, {\"单价\": \"61.9996\", \"商品\": \"脊骨\", \"序号\": \"155\", \"数量\": \"0.9742\", \"笔数\": \"1\", \"金额\": \"60.4\", \"兑换金额\": \"0\", \"商品编号\": \"00264\"}, {\"单价\": \"10.4004\", \"商品\": \"鮮蘑菇(咖啡菇)200g\", \"序号\": \"156\", \"数量\": \"5.769\", \"笔数\": \"6\", \"金额\": \"60\", \"兑换金额\": \"0\", \"商品编号\": \"00105\"}, {\"单价\": \"5.9999\", \"商品\": \"沙糖桔\", \"序号\": \"157\", \"数量\": \"10.00019999999999953\", \"笔数\": \"6\", \"金额\": \"60\", \"兑换金额\": \"0\", \"商品编号\": \"00369\"}, {\"单价\": \"2.5\", \"商品\": \"百香果\", \"序号\": \"158\", \"数量\": \"24\", \"笔数\": \"2\", \"金额\": \"60\", \"兑换金额\": \"0\", \"商品编号\": \"00443\"}, {\"单价\": \"14.9993\", \"商品\": \"油柑\", \"序号\": \"159\", \"数量\": \"4.00020000000000042\", \"笔数\": \"6\", \"金额\": \"60\", \"兑换金额\": \"0\", \"商品编号\": \"00494\"}, {\"单价\": \"11.9995\", \"商品\": \"小青瓜400g\", \"序号\": \"160\", \"数量\": \"4.7502\", \"笔数\": \"6\", \"金额\": \"57\", \"兑换金额\": \"0\", \"商品编号\": \"00024\"}, {\"单价\": \"8\", \"商品\": \"河粉（炒粉）350g\", \"序号\": \"161\", \"数量\": \"7\", \"笔数\": \"6\", \"金额\": \"56\", \"兑换金额\": \"0\", \"商品编号\": \"00212\"}, {\"单价\": \"6.3\", \"商品\": \"西葫蘆瓜\", \"序号\": \"162\", \"数量\": \"8.8413\", \"笔数\": \"6\", \"金额\": \"55.7\", \"兑换金额\": \"0\", \"商品编号\": \"00028\"}, {\"单价\": \"4.4\", \"商品\": \"南瓜\", \"序号\": \"163\", \"数量\": \"12.3864\", \"笔数\": \"12\", \"金额\": \"54.5\", \"兑换金额\": \"0\", \"商品编号\": \"00026\"}, {\"单价\": \"5.8\", \"商品\": \"杏鮑菇200g\", \"序号\": \"164\", \"数量\": \"9\", \"笔数\": \"9\", \"金额\": \"52.2\", \"兑换金额\": \"0\", \"商品编号\": \"00102\"}, {\"单价\": \"9.7998\", \"商品\": \"糯粟米\", \"序号\": \"165\", \"数量\": \"5.296\", \"笔数\": \"5\", \"金额\": \"51.9\", \"兑换金额\": \"0\", \"商品编号\": \"00091\"}, {\"单价\": \"8.5\", \"商品\": \"上海麵350g\", \"序号\": \"166\", \"数量\": \"6\", \"笔数\": \"5\", \"金额\": \"51\", \"兑换金额\": \"0\", \"商品编号\": \"00148\"}, {\"单价\": \"27.9996\", \"商品\": \"包魚骨\", \"序号\": \"167\", \"数量\": \"1.8036\", \"笔数\": \"2\", \"金额\": \"50.5\", \"兑换金额\": \"0\", \"商品编号\": \"00254\"}, {\"单价\": \"8.7997\", \"商品\": \"西洋菜300g\", \"序号\": \"168\", \"数量\": \"5.682\", \"笔数\": \"7\", \"金额\": \"50\", \"兑换金额\": \"0\", \"商品编号\": \"00323\"}, {\"单价\": \"8.3\", \"商品\": \"花生(鮮)300g\", \"序号\": \"169\", \"数量\": \"6\", \"笔数\": \"4\", \"金额\": \"49.8\", \"兑换金额\": \"0\", \"商品编号\": \"00321\"}, {\"单价\": \"16.5\", \"商品\": \"金裝牛肉丸250g/包\", \"序号\": \"170\", \"数量\": \"3\", \"笔数\": \"3\", \"金额\": \"49.5\", \"兑换金额\": \"0\", \"商品编号\": \"00296\"}, {\"单价\": \"9.9\", \"商品\": \"一點紅番薯\", \"序号\": \"171\", \"数量\": \"5\", \"笔数\": \"5\", \"金额\": \"49.5\", \"兑换金额\": \"0\", \"商品编号\": \"00656\"}, {\"单价\": \"7.6747\", \"商品\": \"芥蘭300g\", \"序号\": \"172\", \"数量\": \"6.2022\", \"笔数\": \"6\", \"金额\": \"47.6\", \"兑换金额\": \"0\", \"商品编号\": \"00015\"}, {\"单价\": \"5\", \"商品\": \"青尖椒250g\", \"序号\": \"173\", \"数量\": \"9.36\", \"笔数\": \"9\", \"金额\": \"46.8\", \"兑换金额\": \"0\", \"商品编号\": \"00066\"}, {\"单价\": \"4.0277\", \"商品\": \"韭菜150g\", \"序号\": \"174\", \"数量\": \"11.4706\", \"笔数\": \"9\", \"金额\": \"46.2\", \"兑换金额\": \"0\", \"商品编号\": \"00071\"}, {\"单价\": \"25.1989\", \"商品\": \"香樁150g\", \"序号\": \"175\", \"数量\": \"1.8096\", \"笔数\": \"2\", \"金额\": \"45.6\", \"兑换金额\": \"0\", \"商品编号\": \"00155\"}, {\"单价\": \"9\", \"商品\": \"雲吞麵（幼）350g\", \"序号\": \"176\", \"数量\": \"5\", \"笔数\": \"5\", \"金额\": \"45\", \"兑换金额\": \"0\", \"商品编号\": \"00208\"}, {\"单价\": \"15\", \"商品\": \"招牌叉燒包 120g*4個\", \"序号\": \"177\", \"数量\": \"3\", \"笔数\": \"3\", \"金额\": \"45\", \"兑换金额\": \"0\", \"商品编号\": \"00537\"}, {\"单价\": \"6.8\", \"商品\": \"竹蔗\", \"序号\": \"178\", \"数量\": \"6.5441\", \"笔数\": \"4\", \"金额\": \"44.5\", \"兑换金额\": \"0\", \"商品编号\": \"00058\"}, {\"单价\": \"8.9\", \"商品\": \"蒜心300g\", \"序号\": \"179\", \"数量\": \"5\", \"笔数\": \"5\", \"金额\": \"44.5\", \"兑换金额\": \"0\", \"商品编号\": \"00072\"}, {\"单价\": \"8.6\", \"商品\": \"香素雞200g/袋\", \"序号\": \"180\", \"数量\": \"5\", \"笔数\": \"4\", \"金额\": \"43\", \"兑换金额\": \"0\", \"商品编号\": \"00343\"}, {\"单价\": \"5.7\", \"商品\": \"蒲瓜\", \"序号\": \"181\", \"数量\": \"7.421\", \"笔数\": \"6\", \"金额\": \"42.3\", \"兑换金额\": \"0\", \"商品编号\": \"00027\"}, {\"单价\": \"5.3999\", \"商品\": \"青蘿蔔\", \"序号\": \"182\", \"数量\": \"7.6483\", \"笔数\": \"10\", \"金额\": \"41.3\", \"兑换金额\": \"0\", \"商品编号\": \"00043\"}, {\"单价\": \"8.3999\", \"商品\": \"水果蘿蔔\", \"序号\": \"183\", \"数量\": \"4.8929\", \"笔数\": \"8\", \"金额\": \"41.1\", \"兑换金额\": \"0\", \"商品编号\": \"00044\"}, {\"单价\": \"5.2999\", \"商品\": \"青木瓜\", \"序号\": \"184\", \"数量\": \"7.7548\", \"笔数\": \"6\", \"金额\": \"41.1\", \"兑换金额\": \"0\", \"商品编号\": \"00113\"}, {\"单价\": \"5.5811\", \"商品\": \"黃皮椒250g\", \"序号\": \"185\", \"数量\": \"7.2746\", \"笔数\": \"4\", \"金额\": \"40.6\", \"兑换金额\": \"0\", \"商品编号\": \"00063\"}, {\"单价\": \"7.7\", \"商品\": \"沙葛\", \"序号\": \"186\", \"数量\": \"5.1948\", \"笔数\": \"6\", \"金额\": \"40\", \"兑换金额\": \"0\", \"商品编号\": \"00057\"}, {\"单价\": \"10\", \"商品\": \"果凍橙\", \"序号\": \"187\", \"数量\": \"4\", \"笔数\": \"2\", \"金额\": \"40\", \"兑换金额\": \"0\", \"商品编号\": \"00131\"}, {\"单价\": \"8\", \"商品\": \"油麵350g\", \"序号\": \"188\", \"数量\": \"5\", \"笔数\": \"3\", \"金额\": \"40\", \"兑换金额\": \"0\", \"商品编号\": \"00204\"}, {\"单价\": \"7.6\", \"商品\": \"茅根150g\", \"序号\": \"189\", \"数量\": \"5\", \"笔数\": \"5\", \"金额\": \"38\", \"兑换金额\": \"0\", \"商品编号\": \"00099\"}, {\"单价\": \"9.2002\", \"商品\": \"黃金蜜薯500g\", \"序号\": \"190\", \"数量\": \"3.826\", \"笔数\": \"2\", \"金额\": \"35.2\", \"兑换金额\": \"0\", \"商品编号\": \"00132\"}, {\"单价\": \"4\", \"商品\": \"黃豆芽300g\", \"序号\": \"191\", \"数量\": \"8.75\", \"笔数\": \"9\", \"金额\": \"35\", \"兑换金额\": \"0\", \"商品编号\": \"00056\"}, {\"单价\": \"48.001100000000001\", \"商品\": \"瘦肉\", \"序号\": \"192\", \"数量\": \"0.7104\", \"笔数\": \"1\", \"金额\": \"34.1\", \"兑换金额\": \"0\", \"商品编号\": \"00276\"}, {\"单价\": \"77.99120000000001\", \"商品\": \"骨腩\", \"序号\": \"193\", \"数量\": \"0.4321\", \"笔数\": \"1\", \"金额\": \"33.7\", \"兑换金额\": \"0\", \"商品编号\": \"00285\"}, {\"单价\": \"6.7\", \"商品\": \"客家豆腐380g/盒\", \"序号\": \"194\", \"数量\": \"5\", \"笔数\": \"5\", \"金额\": \"33.5\", \"兑换金额\": \"0\", \"商品编号\": \"00340\"}, {\"单价\": \"5\", \"商品\": \"肥肉\", \"序号\": \"195\", \"数量\": \"6.64\", \"笔数\": \"2\", \"金额\": \"33.2\", \"兑换金额\": \"0\", \"商品编号\": \"00258\"}, {\"单价\": \"7.5998\", \"商品\": \"水東芥菜450g\", \"序号\": \"196\", \"数量\": \"4.3422\", \"笔数\": \"6\", \"金额\": \"33\", \"兑换金额\": \"0\", \"商品编号\": \"00013\"}, {\"单价\": \"8\", \"商品\": \"豬腰（個）\", \"序号\": \"197\", \"数量\": \"4\", \"笔数\": \"1\", \"金额\": \"32\", \"兑换金额\": \"0\", \"商品编号\": \"00256\"}, {\"单价\": \"88\", \"商品\": \"排骨粒\", \"序号\": \"198\", \"数量\": \"0.3625\", \"笔数\": \"1\", \"金额\": \"31.9\", \"兑换金额\": \"0\", \"商品编号\": \"00272\"}, {\"单价\": \"3.7002\", \"商品\": \"枸杞葉180g\", \"序号\": \"199\", \"数量\": \"8.5131\", \"笔数\": \"9\", \"金额\": \"31.5\", \"兑换金额\": \"0\", \"商品编号\": \"00082\"}, {\"单价\": \"88.011300000000006\", \"商品\": \"有筋腱\", \"序号\": \"200\", \"数量\": \"0.3545\", \"笔数\": \"1\", \"金额\": \"31.2\", \"兑换金额\": \"0\", \"商品编号\": \"00274\"}, {\"单价\": \"4.8\", \"商品\": \"大平包\", \"序号\": \"201\", \"数量\": \"6.25\", \"笔数\": \"3\", \"金额\": \"30\", \"兑换金额\": \"0\", \"商品编号\": \"00010\"}, {\"单价\": \"5.9601\", \"商品\": \"蟹味菇150g\", \"序号\": \"202\", \"数量\": \"5.0335\", \"笔数\": \"5\", \"金额\": \"30\", \"兑换金额\": \"0\", \"商品编号\": \"00103\"}, {\"单价\": \"11.3999\", \"商品\": \"西椒550g\", \"序号\": \"203\", \"数量\": \"2.6316\", \"笔数\": \"3\", \"金额\": \"30\", \"兑换金额\": \"0\", \"商品编号\": \"00110\"}, {\"单价\": \"15\", \"商品\": \"奶白饅頭45g*12個\", \"序号\": \"204\", \"数量\": \"2\", \"笔数\": \"2\", \"金额\": \"30\", \"兑换金额\": \"0\", \"商品编号\": \"00145\"}, {\"单价\": \"6.2001\", \"商品\": \"海帶結200g\", \"序号\": \"205\", \"数量\": \"4.758\", \"笔数\": \"4\", \"金额\": \"29.5\", \"兑换金额\": \"0\", \"商品编号\": \"00364\"}, {\"单价\": \"9.6598\", \"商品\": \"芒果\", \"序号\": \"206\", \"数量\": \"3.0125\", \"笔数\": \"2\", \"金额\": \"29.1\", \"兑换金额\": \"0\", \"商品编号\": \"00406\"}, {\"单价\": \"37.9981\", \"商品\": \"豬粉腸\", \"序号\": \"207\", \"数量\": \"0.7553\", \"笔数\": \"2\", \"金额\": \"28.7\", \"兑换金额\": \"0\", \"商品编号\": \"00248\"}, {\"单价\": \"67.99209999999999\", \"商品\": \"梅頭豬扒\", \"序号\": \"208\", \"数量\": \"0.4074\", \"笔数\": \"1\", \"金额\": \"27.7\", \"兑换金额\": \"0\", \"商品编号\": \"00270\"}, {\"单价\": \"6.1003\", \"商品\": \"盒裝豆苗200g\", \"序号\": \"209\", \"数量\": \"4.508\", \"笔数\": \"2\", \"金额\": \"27.5\", \"兑换金额\": \"0\", \"商品编号\": \"00054\"}, {\"单价\": \"9\", \"商品\": \"皮蛋4只\", \"序号\": \"210\", \"数量\": \"3\", \"笔数\": \"3\", \"金额\": \"27\", \"兑换金额\": \"0\", \"商品编号\": \"00146\"}, {\"单价\": \"5.3\", \"商品\": \"蒜苗150g\", \"序号\": \"211\", \"数量\": \"5\", \"笔数\": \"3\", \"金额\": \"26.5\", \"兑换金额\": \"0\", \"商品编号\": \"00120\"}, {\"单价\": \"6.4358\", \"商品\": \"白玉菇150g\", \"序号\": \"212\", \"数量\": \"4.0399\", \"笔数\": \"5\", \"金额\": \"26\", \"兑换金额\": \"0\", \"商品编号\": \"00104\"}, {\"单价\": \"8.5\", \"商品\": \"上海雲吞皮（白方皮）350g\", \"序号\": \"213\", \"数量\": \"3\", \"笔数\": \"3\", \"金额\": \"25.5\", \"兑换金额\": \"0\", \"商品编号\": \"00207\"}, {\"单价\": \"5\", \"商品\": \"紫蘇150g\", \"序号\": \"214\", \"数量\": \"5\", \"笔数\": \"4\", \"金额\": \"25\", \"兑换金额\": \"0\", \"商品编号\": \"00121\"}, {\"单价\": \"1\", \"商品\": \"膠袋\", \"序号\": \"215\", \"数量\": \"25\", \"笔数\": \"24\", \"金额\": \"25\", \"兑换金额\": \"0\", \"商品编号\": \"00300\"}, {\"单价\": \"12.5\", \"商品\": \"盒裝枇杷\", \"序号\": \"216\", \"数量\": \"2\", \"笔数\": \"1\", \"金额\": \"25\", \"兑换金额\": \"0\", \"商品编号\": \"00543\"}, {\"单价\": \"5.7\", \"商品\": \"銀絲王300g\", \"序号\": \"217\", \"数量\": \"4.2105\", \"笔数\": \"5\", \"金额\": \"24\", \"兑换金额\": \"0\", \"商品编号\": \"00005\"}, {\"单价\": \"14.069599999999999\", \"商品\": \"豬耳2只\", \"序号\": \"218\", \"数量\": \"1.7058\", \"笔数\": \"2\", \"金额\": \"24\", \"兑换金额\": \"0\", \"商品编号\": \"00261\"}, {\"单价\": \"10.4998\", \"商品\": \"西蘭花苗200g\", \"序号\": \"219\", \"数量\": \"2.1429\", \"笔数\": \"2\", \"金额\": \"22.5\", \"兑换金额\": \"0\", \"商品编号\": \"00370\"}, {\"单价\": \"5.5\", \"商品\": \"綠九芽生菜300g\", \"序号\": \"220\", \"数量\": \"4\", \"笔数\": \"4\", \"金额\": \"22\", \"兑换金额\": \"0\", \"商品编号\": \"00078\"}, {\"单价\": \"4.8001\", \"商品\": \"鮮蘑菇(海鮮菇)250g\", \"序号\": \"221\", \"数量\": \"4.5832\", \"笔数\": \"4\", \"金额\": \"22\", \"兑换金额\": \"0\", \"商品编号\": \"00106\"}, {\"单价\": \"7\", \"商品\": \"雪蓮果\", \"序号\": \"222\", \"数量\": \"3\", \"笔数\": \"2\", \"金额\": \"21\", \"兑换金额\": \"0\", \"商品编号\": \"00330\"}, {\"单价\": \"10\", \"商品\": \"豬心（個）\", \"序号\": \"223\", \"数量\": \"2\", \"笔数\": \"1\", \"金额\": \"20\", \"兑换金额\": \"0\", \"商品编号\": \"00249\"}, {\"单价\": \"10\", \"商品\": \"青梅\", \"序号\": \"224\", \"数量\": \"2\", \"笔数\": \"2\", \"金额\": \"20\", \"兑换金额\": \"0\", \"商品编号\": \"00674\"}, {\"单价\": \"9.5\", \"商品\": \"蝦米腸粉\", \"序号\": \"225\", \"数量\": \"2\", \"笔数\": \"2\", \"金额\": \"19\", \"兑换金额\": \"0\", \"商品编号\": \"00202\"}, {\"单价\": \"18\", \"商品\": \"豬利（條）\", \"序号\": \"226\", \"数量\": \"1\", \"笔数\": \"1\", \"金额\": \"18\", \"兑换金额\": \"0\", \"商品编号\": \"00250\"}, {\"单价\": \"8\", \"商品\": \"拉麵350g\", \"序号\": \"227\", \"数量\": \"2\", \"笔数\": \"2\", \"金额\": \"16\", \"兑换金额\": \"0\", \"商品编号\": \"00151\"}, {\"单价\": \"8\", \"商品\": \"白腸粉\", \"序号\": \"228\", \"数量\": \"2\", \"笔数\": \"2\", \"金额\": \"16\", \"兑换金额\": \"0\", \"商品编号\": \"00203\"}, {\"单价\": \"15.5\", \"商品\": \"蔥香手抓餅97g*4片\", \"序号\": \"229\", \"数量\": \"1\", \"笔数\": \"1\", \"金额\": \"15.5\", \"兑换金额\": \"0\", \"商品编号\": \"00417\"}, {\"单价\": \"15\", \"商品\": \"馬鮫魚丸250g/包\", \"序号\": \"230\", \"数量\": \"1\", \"笔数\": \"1\", \"金额\": \"15\", \"兑换金额\": \"0\", \"商品编号\": \"00354\"}, {\"单价\": \"10\", \"商品\": \"隔山\", \"序号\": \"231\", \"数量\": \"1.48\", \"笔数\": \"1\", \"金额\": \"14.8\", \"兑换金额\": \"0\", \"商品编号\": \"00240\"}, {\"单价\": \"12.00050000000000061\", \"商品\": \"大青芒\", \"序号\": \"232\", \"数量\": \"0.8333\", \"笔数\": \"1\", \"金额\": \"10\", \"兑换金额\": \"0\", \"商品编号\": \"00493\"}, {\"单价\": \"5.2997\", \"商品\": \"魚腥草150g\", \"序号\": \"233\", \"数量\": \"1.6982\", \"笔数\": \"2\", \"金额\": \"9\", \"兑换金额\": \"0\", \"商品编号\": \"00059\"}, {\"单价\": \"8.4005\", \"商品\": \"板栗番薯\", \"序号\": \"234\", \"数量\": \"0.869\", \"笔数\": \"1\", \"金额\": \"7.3\", \"兑换金额\": \"0\", \"商品编号\": \"00042\"}, {\"单价\": \"11\", \"商品\": \"儿菜\", \"序号\": \"235\", \"数量\": \"0.6\", \"笔数\": \"1\", \"金额\": \"6.6\", \"兑换金额\": \"0\", \"商品编号\": \"00655\"}, {\"单价\": \"4.4\", \"商品\": \"沙薑100g\", \"序号\": \"236\", \"数量\": \"0.9091\", \"笔数\": \"1\", \"金额\": \"4\", \"兑换金额\": \"0\", \"商品编号\": \"00115\"}, {\"单价\": \"5.7001\", \"商品\": \"紅蔥頭（吊幹蔥)100g\", \"序号\": \"237\", \"数量\": \"0.6842\", \"笔数\": \"1\", \"金额\": \"3.9\", \"兑换金额\": \"0\", \"商品编号\": \"00114\"}]','{\"items\": [], \"summary\": \"AI分析失败\"}','2026-03-31 14:04:35','2026-03-31 14:04:36'),(2,1,8,'零售报表分析-零售-零售汇总_1774399133339.xlsx','sales_uploads/1/20260331_221556_零售报表分析-零售-零售汇总_1774399133339.xlsx','2026-03-31',3,237,0,0,'AI未能识别有效销售数据：AI分析失败','[{\"单价\": \"97.9948\", \"商品\": \"豬肉100元\", \"序号\": \"1\", \"数量\": \"77.3\", \"笔数\": \"87\", \"金额\": \"7575\", \"兑换金额\": \"0\", \"商品编号\": \"10000\"}, {\"单价\": \"6.8939\", \"商品\": \"耙耙柑\", \"序号\": \"2\", \"数量\": \"103.5702\", \"笔数\": \"29\", \"金额\": \"714\", \"兑换金额\": \"0\", \"商品编号\": \"00195\"}, {\"单价\": \"62.0018000000000029\", \"商品\": \"清遠雞1.1-1.3KG\", \"序号\": \"3\", \"数量\": \"10.8384\", \"笔数\": \"7\", \"金额\": \"672\", \"兑换金额\": \"0\", \"商品编号\": \"00173\"}, {\"单价\": \"7.9401\", \"商品\": \"地們香蕉\", \"序号\": \"4\", \"数量\": \"80.629\", \"笔数\": \"50\", \"金额\": \"640.20000000000005\", \"兑换金额\": \"0\", \"商品编号\": \"00129\"}, {\"单价\": \"51.4075\", \"商品\": \"黃花魚\", \"序号\": \"5\", \"数量\": \"10.8525\", \"笔数\": \"18\", \"金额\": \"557.89999999999998\", \"兑换金额\": \"0\", \"商品编号\": \"00223\"}, {\"单价\": \"3.5\", \"商品\": \"紅蔥(香蔥)100g\", \"序号\": \"6\", \"数量\": \"135\", \"笔数\": \"104\", \"金额\": \"472.5\", \"兑换金额\": \"0\", \"商品编号\": \"00306\"}, {\"单价\": \"12.2869\", \"商品\": \"西蘭花\", \"序号\": \"7\", \"数量\": \"37.9673\", \"笔数\": \"80\", \"金额\": \"466.5\", \"兑换金额\": \"0\", \"商品编号\": \"00012\"}, {\"单价\": \"41.9999\", \"商品\": \"王立鯧\", \"序号\": \"8\", \"数量\": \"10.5167\", \"笔数\": \"16\", \"金额\": \"441.69999999999999\", \"兑换金额\": \"0\", \"商品编号\": \"00224\"}, {\"单价\": \"20\", \"商品\": \"散裝串茄\", \"序号\": \"9\", \"数量\": \"21.545\", \"笔数\": \"15\", \"金额\": \"430.89999999999998\", \"兑换金额\": \"0\", \"商品编号\": \"00654\"}, {\"单价\": \"10.4003\", \"商品\": \"榴槤番薯500g\", \"序号\": \"10\", \"数量\": \"39.027900000000002\", \"笔数\": \"35\", \"金额\": \"405.89999999999998\", \"兑换金额\": \"0\", \"商品编号\": \"00391\"}, {\"单价\": \"20\", \"商品\": \"白蝦肉200g\", \"序号\": \"11\", \"数量\": \"20\", \"笔数\": \"17\", \"金额\": \"400\", \"兑换金额\": \"0\", \"商品编号\": \"00154\"}, {\"单价\": \"9\", \"商品\": \"蒜頭220g\", \"序号\": \"12\", \"数量\": \"44\", \"笔数\": \"38\", \"金额\": \"396\", \"兑换金额\": \"0\", \"商品编号\": \"00117\"}, {\"单价\": \"5.1\", \"商品\": \"胡蘿蔔(紅蘿蔔)\", \"序号\": \"13\", \"数量\": \"77.56870000000001\", \"笔数\": \"78\", \"金额\": \"395.60000000000002\", \"兑换金额\": \"0\", \"商品编号\": \"00047\"}, {\"单价\": \"71.9984\", \"商品\": \"一字排\", \"序号\": \"14\", \"数量\": \"5.4154\", \"笔数\": \"6\", \"金额\": \"389.89999999999998\", \"兑换金额\": \"0\", \"商品编号\": \"00282\"}, {\"单价\": \"13.9392\", \"商品\": \"小藍莓\", \"序号\": \"15\", \"数量\": \"27.6916\", \"笔数\": \"15\", \"金额\": \"386\", \"兑换金额\": \"0\", \"商品编号\": \"00467\"}, {\"单价\": \"52\", \"商品\": \"龍崗雞\", \"序号\": \"16\", \"数量\": \"7\", \"笔数\": \"6\", \"金额\": \"364\", \"兑换金额\": \"0\", \"商品编号\": \"00649\"}, {\"单价\": \"31.028400000000001\", \"商品\": \"士多啤梨\", \"序号\": \"17\", \"数量\": \"11.28\", \"笔数\": \"10\", \"金额\": \"350\", \"兑换金额\": \"0\", \"商品编号\": \"00404\"}, {\"单价\": \"6.3554\", \"商品\": \"芭樂\", \"序号\": \"18\", \"数量\": \"54.2846\", \"笔数\": \"19\", \"金额\": \"345\", \"兑换金额\": \"0\", \"商品编号\": \"00410\"}, {\"单价\": \"10.4\", \"商品\": \"薑(生薑)300g\", \"序号\": \"19\", \"数量\": \"33\", \"笔数\": \"33\", \"金额\": \"343.19999999999999\", \"兑换金额\": \"0\", \"商品编号\": \"00116\"}, {\"单价\": \"18\", \"商品\": \"鮮雞蛋\", \"序号\": \"20\", \"数量\": \"18\", \"笔数\": \"16\", \"金额\": \"324\", \"兑换金额\": \"0\", \"商品编号\": \"00566\"}, {\"单价\": \"13.4866\", \"商品\": \"苦瓜\", \"序号\": \"21\", \"数量\": \"23.6087\", \"笔数\": \"55\", \"金额\": \"318.39999999999998\", \"兑换金额\": \"0\", \"商品编号\": \"00025\"}, {\"单价\": \"5.8001\", \"商品\": \"唐生菜300g\", \"序号\": \"22\", \"数量\": \"54.4644\", \"笔数\": \"66\", \"金额\": \"315.89999999999998\", \"兑换金额\": \"0\", \"商品编号\": \"00079\"}, {\"单价\": \"48.0015000000000001\", \"商品\": \"三黃雞\", \"序号\": \"23\", \"数量\": \"6.4998\", \"笔数\": \"6\", \"金额\": \"312\", \"兑换金额\": \"0\", \"商品编号\": \"00648\"}, {\"单价\": \"5.9219\", \"商品\": \"散裝金桔\", \"序号\": \"24\", \"数量\": \"51.2846\", \"笔数\": \"31\", \"金额\": \"303.69999999999999\", \"兑换金额\": \"0\", \"商品编号\": \"00652\"}, {\"单价\": \"40\", \"商品\": \"鯇魚\", \"序号\": \"25\", \"数量\": \"7.185\", \"笔数\": \"8\", \"金额\": \"287.39999999999998\", \"兑换金额\": \"0\", \"商品编号\": \"00210\"}, {\"单价\": \"58.0013000000000005\", \"商品\": \"免治豬肉\", \"序号\": \"26\", \"数量\": \"4.9292\", \"笔数\": \"9\", \"金额\": \"285.89999999999998\", \"兑换金额\": \"0\", \"商品编号\": \"00281\"}, {\"单价\": \"9.0381\", \"商品\": \"青瓜\", \"序号\": \"27\", \"数量\": \"31.4448\", \"笔数\": \"34\", \"金额\": \"284.19999999999999\", \"兑换金额\": \"0\", \"商品编号\": \"00084\"}, {\"单价\": \"9.2002\", \"商品\": \"白蘑菇200g\", \"序号\": \"28\", \"数量\": \"30.608\", \"笔数\": \"25\", \"金额\": \"281.60000000000002\", \"兑换金额\": \"0\", \"商品编号\": \"00061\"}, {\"单价\": \"7.422\", \"商品\": \"上海青苗300g\", \"序号\": \"29\", \"数量\": \"37.6985\", \"笔数\": \"37\", \"金额\": \"279.80000000000001\", \"兑换金额\": \"0\", \"商品编号\": \"00019\"}, {\"单价\": \"10.4003\", \"商品\": \"沙律菜-帶醬150g\", \"序号\": \"30\", \"数量\": \"25.7013\", \"笔数\": \"24\", \"金额\": \"267.30000000000001\", \"兑换金额\": \"0\", \"商品编号\": \"00075\"}, {\"单价\": \"8.2628\", \"商品\": \"芥蘭苗300g\", \"序号\": \"31\", \"数量\": \"31.551\", \"笔数\": \"28\", \"金额\": \"260.69999999999999\", \"兑换金额\": \"0\", \"商品编号\": \"00014\"}, {\"单价\": \"9.0267\", \"商品\": \"唐生菜苗250g\", \"序号\": \"32\", \"数量\": \"28.083500000000001\", \"笔数\": \"36\", \"金额\": \"253.5\", \"兑换金额\": \"0\", \"商品编号\": \"00303\"}, {\"单价\": \"8.317\", \"商品\": \"茄子(紫)\", \"序号\": \"33\", \"数量\": \"30.4197\", \"笔数\": \"48\", \"金额\": \"253\", \"兑换金额\": \"0\", \"商品编号\": \"00029\"}, {\"单价\": \"5.9999\", \"商品\": \"蜜蜂橙\", \"序号\": \"34\", \"数量\": \"41.6675\", \"笔数\": \"21\", \"金额\": \"250\", \"兑换金额\": \"0\", \"商品编号\": \"00399\"}, {\"单价\": \"5.8676\", \"商品\": \"馬鈴薯\", \"序号\": \"35\", \"数量\": \"42.2657\", \"笔数\": \"37\", \"金额\": \"248\", \"兑换金额\": \"0\", \"商品编号\": \"00051\"}, {\"单价\": \"12.6\", \"商品\": \"芋頭\", \"序号\": \"36\", \"数量\": \"18.9127\", \"笔数\": \"20\", \"金额\": \"238.30000000000001\", \"兑换金额\": \"0\", \"商品编号\": \"00052\"}, {\"单价\": \"5\", \"商品\": \"白洋蔥\", \"序号\": \"37\", \"数量\": \"47.28\", \"笔数\": \"49\", \"金额\": \"236.40000000000001\", \"兑换金额\": \"0\", \"商品编号\": \"00073\"}, {\"单价\": \"6.5771\", \"商品\": \"青通300g\", \"序号\": \"38\", \"数量\": \"34.5896\", \"笔数\": \"31\", \"金额\": \"227.5\", \"兑换金额\": \"0\", \"商品编号\": \"00017\"}, {\"单价\": \"6.5\", \"商品\": \"番茄(粉)350g\", \"序号\": \"39\", \"数量\": \"35\", \"笔数\": \"30\", \"金额\": \"227.5\", \"兑换金额\": \"0\", \"商品编号\": \"00030\"}, {\"单价\": \"3.5\", \"商品\": \"芫茜70g\", \"序号\": \"40\", \"数量\": \"65\", \"笔数\": \"53\", \"金额\": \"227.5\", \"兑换金额\": \"0\", \"商品编号\": \"00307\"}, {\"单价\": \"10.4998\", \"商品\": \"菠菜苗300g\", \"序号\": \"41\", \"数量\": \"21.429\", \"笔数\": \"28\", \"金额\": \"225\", \"兑换金额\": \"0\", \"商品编号\": \"00006\"}, {\"单价\": \"13.00050000000000061\", \"商品\": \"水果椒250g\", \"序号\": \"42\", \"数量\": \"17.307\", \"笔数\": \"18\", \"金额\": \"225\", \"兑换金额\": \"0\", \"商品编号\": \"00107\"}, {\"单价\": \"13.6765\", \"商品\": \"菠蘿蜜\", \"序号\": \"43\", \"数量\": \"16.085999999999999\", \"笔数\": \"14\", \"金额\": \"220\", \"兑换金额\": \"0\", \"商品编号\": \"00462\"}, {\"单价\": \"8.8441\", \"商品\": \"水果油瓜400g\", \"序号\": \"44\", \"数量\": \"24.717\", \"笔数\": \"26\", \"金额\": \"218.59999999999999\", \"兑换金额\": \"0\", \"商品编号\": \"00266\"}, {\"单价\": \"2.5\", \"商品\": \"檸檬\", \"序号\": \"45\", \"数量\": \"86.40000000000001\", \"笔数\": \"16\", \"金额\": \"216\", \"兑换金额\": \"0\", \"商品编号\": \"00446\"}, {\"单价\": \"8.2004\", \"商品\": \"白豆角300g\", \"序号\": \"46\", \"数量\": \"25.6084\", \"笔数\": \"28\", \"金额\": \"210\", \"兑换金额\": \"0\", \"商品编号\": \"00036\"}, {\"单价\": \"7.5899\", \"商品\": \"木瓜\", \"序号\": \"47\", \"数量\": \"27.6684\", \"笔数\": \"17\", \"金额\": \"210\", \"兑换金额\": \"0\", \"商品编号\": \"00193\"}, {\"单价\": \"4.2\", \"商品\": \"京包\", \"序号\": \"48\", \"数量\": \"49.4286\", \"笔数\": \"30\", \"金额\": \"207.59999999999999\", \"兑换金额\": \"0\", \"商品编号\": \"00007\"}, {\"单价\": \"8.6\", \"商品\": \"板栗南瓜\", \"序号\": \"49\", \"数量\": \"24.0581\", \"笔数\": \"14\", \"金额\": \"206.90000000000001\", \"兑换金额\": \"0\", \"商品编号\": \"00086\"}, {\"单价\": \"67.99930000000001\", \"商品\": \"霖肉\", \"序号\": \"50\", \"数量\": \"3.0015000000000001\", \"笔数\": \"5\", \"金额\": \"204.099999999999994\", \"兑换金额\": \"0\", \"商品编号\": \"00280\"}, {\"单价\": \"25\", \"商品\": \"日本白蛋10只\", \"序号\": \"51\", \"数量\": \"8\", \"笔数\": \"8\", \"金额\": \"200\", \"兑换金额\": \"0\", \"商品编号\": \"00217\"}, {\"单价\": \"6.1\", \"商品\": \"聖女果300g\", \"序号\": \"52\", \"数量\": \"32.4588\", \"笔数\": \"31\", \"金额\": \"198\", \"兑换金额\": \"0\", \"商品编号\": \"00392\"}, {\"单价\": \"9\", \"商品\": \"大牛油果\", \"序号\": \"53\", \"数量\": \"21.4445\", \"笔数\": \"6\", \"金额\": \"193\", \"兑换金额\": \"0\", \"商品编号\": \"00486\"}, {\"单价\": \"6.6003\", \"商品\": \"番茄350g\", \"序号\": \"54\", \"数量\": \"29.1655\", \"笔数\": \"31\", \"金额\": \"192.5\", \"兑换金额\": \"0\", \"商品编号\": \"00089\"}, {\"单价\": \"9.1429\", \"商品\": \"鹽水花生\", \"序号\": \"55\", \"数量\": \"21\", \"笔数\": \"17\", \"金额\": \"192\", \"兑换金额\": \"0\", \"商品编号\": \"00470\"}, {\"单价\": \"7.6729\", \"商品\": \"菜心苗300g\", \"序号\": \"56\", \"数量\": \"24.7625\", \"笔数\": \"17\", \"金额\": \"190\", \"兑换金额\": \"0\", \"商品编号\": \"00022\"}, {\"单价\": \"41.9998\", \"商品\": \"沙鑽魚\", \"序号\": \"57\", \"数量\": \"4.4905\", \"笔数\": \"8\", \"金额\": \"188.59999999999999\", \"兑换金额\": \"0\", \"商品编号\": \"00668\"}, {\"单价\": \"17.2993\", \"商品\": \"串茄198g\", \"序号\": \"58\", \"数量\": \"10.8097\", \"笔数\": \"10\", \"金额\": \"187\", \"兑换金额\": \"0\", \"商品编号\": \"00309\"}, {\"单价\": \"9\", \"商品\": \"牛奶蕉\", \"序号\": \"59\", \"数量\": \"20.3445\", \"笔数\": \"13\", \"金额\": \"183.099999999999994\", \"兑换金额\": \"0\", \"商品编号\": \"00468\"}, {\"单价\": \"34.9994\", \"商品\": \"豬潤\", \"序号\": \"60\", \"数量\": \"5.1258\", \"笔数\": \"10\", \"金额\": \"179.40000000000001\", \"兑换金额\": \"0\", \"商品编号\": \"00268\"}, {\"单价\": \"72.00060000000000571\", \"商品\": \"文昌雞1.1-1.3KG\", \"序号\": \"61\", \"数量\": \"2.4722\", \"笔数\": \"2\", \"金额\": \"178\", \"兑换金额\": \"0\", \"商品编号\": \"00319\"}, {\"单价\": \"7.5\", \"商品\": \"辣椒(杭椒)250g\", \"序号\": \"62\", \"数量\": \"23\", \"笔数\": \"16\", \"金额\": \"172.5\", \"兑换金额\": \"0\", \"商品编号\": \"00111\"}, {\"单价\": \"6.9526\", \"商品\": \"上海青300g\", \"序号\": \"63\", \"数量\": \"24.6814\", \"笔数\": \"33\", \"金额\": \"171.59999999999999\", \"兑换金额\": \"0\", \"商品编号\": \"00018\"}, {\"单价\": \"40\", \"商品\": \"大頭魚\", \"序号\": \"64\", \"数量\": \"4.27\", \"笔数\": \"5\", \"金额\": \"170.80000000000001\", \"兑换金额\": \"0\", \"商品编号\": \"00289\"}, {\"单价\": \"8.8999\", \"商品\": \"玉米(甜)\", \"序号\": \"65\", \"数量\": \"18.899\", \"笔数\": \"26\", \"金额\": \"168.19999999999999\", \"兑换金额\": \"0\", \"商品编号\": \"00033\"}, {\"单价\": \"4.1001\", \"商品\": \"小土豆400g\", \"序号\": \"66\", \"数量\": \"40.9016\", \"笔数\": \"31\", \"金额\": \"167.69999999999999\", \"兑换金额\": \"0\", \"商品编号\": \"00096\"}, {\"单价\": \"16.5998\", \"商品\": \"三色彩椒550g\", \"序号\": \"67\", \"数量\": \"9.8736\", \"笔数\": \"11\", \"金额\": \"163.90000000000001\", \"兑换金额\": \"0\", \"商品编号\": \"00112\"}, {\"单价\": \"23.2558\", \"商品\": \"蘆筍200g\", \"序号\": \"68\", \"数量\": \"6.88\", \"笔数\": \"10\", \"金额\": \"160\", \"兑换金额\": \"0\", \"商品编号\": \"00050\"}, {\"单价\": \"7.3968\", \"商品\": \"黄秋葵200g\", \"序号\": \"69\", \"数量\": \"20.8198\", \"笔数\": \"20\", \"金额\": \"154\", \"兑换金额\": \"0\", \"商品编号\": \"00088\"}, {\"单价\": \"7\", \"商品\": \"百福蒸煮豆腐350ml/盒\", \"序号\": \"70\", \"数量\": \"22\", \"笔数\": \"19\", \"金额\": \"154\", \"兑换金额\": \"0\", \"商品编号\": \"00189\"}, {\"单价\": \"9.4999\", \"商品\": \"油麥菜苗250g\", \"序号\": \"71\", \"数量\": \"15.9159\", \"笔数\": \"20\", \"金额\": \"151.19999999999999\", \"兑换金额\": \"0\", \"商品编号\": \"00304\"}, {\"单价\": \"5.9\", \"商品\": \"地瓜葉300g\", \"序号\": \"72\", \"数量\": \"25.1694\", \"笔数\": \"24\", \"金额\": \"148.5\", \"兑换金额\": \"0\", \"商品编号\": \"00077\"}, {\"单价\": \"52.014699999999998\", \"商品\": \"肉眼（肉扒）\", \"序号\": \"73\", \"数量\": \"2.8242\", \"笔数\": \"4\", \"金额\": \"146.90000000000001\", \"兑换金额\": \"0\", \"商品编号\": \"00273\"}, {\"单价\": \"9.5004\", \"商品\": \"大紅椒250g\", \"序号\": \"74\", \"数量\": \"15.2099\", \"笔数\": \"4\", \"金额\": \"144.5\", \"兑换金额\": \"0\", \"商品编号\": \"00109\"}, {\"单价\": \"12.6004\", \"商品\": \"甜豆300g\", \"序号\": \"75\", \"数量\": \"11.4282\", \"笔数\": \"17\", \"金额\": \"144\", \"兑换金额\": \"0\", \"商品编号\": \"00039\"}, {\"单价\": \"37.9987\", \"商品\": \"竹絲雞（小 ）0.9-1.0KG\", \"序号\": \"76\", \"数量\": \"3.7896\", \"笔数\": \"4\", \"金额\": \"144\", \"兑换金额\": \"0\", \"商品编号\": \"00316\"}, {\"单价\": \"12\", \"商品\": \"菠蘿\", \"序号\": \"77\", \"数量\": \"12\", \"笔数\": \"12\", \"金额\": \"144\", \"兑换金额\": \"0\", \"商品编号\": \"00439\"}, {\"单价\": \"4.1002\", \"商品\": \"珠蔥150g\", \"序号\": \"78\", \"数量\": \"34.2914\", \"笔数\": \"31\", \"金额\": \"140.59999999999999\", \"兑换金额\": \"0\", \"商品编号\": \"00067\"}, {\"单价\": \"8.2997\", \"商品\": \"娃娃菜（三個装）\", \"序号\": \"79\", \"数量\": \"16.868\", \"笔数\": \"20\", \"金额\": \"140\", \"兑换金额\": \"0\", \"商品编号\": \"00001\"}, {\"单价\": \"4.4\", \"商品\": \"冬瓜\", \"序号\": \"80\", \"数量\": \"31.7046\", \"笔数\": \"22\", \"金额\": \"139.5\", \"兑换金额\": \"0\", \"商品编号\": \"00023\"}, {\"单价\": \"29.9996\", \"商品\": \"星鱸\", \"序号\": \"81\", \"数量\": \"4.6434\", \"笔数\": \"5\", \"金额\": \"139.30000000000001\", \"兑换金额\": \"0\", \"商品编号\": \"00226\"}, {\"单价\": \"5.7999\", \"商品\": \"湖南椒250g\", \"序号\": \"82\", \"数量\": \"23.7075\", \"笔数\": \"16\", \"金额\": \"137.5\", \"兑换金额\": \"0\", \"商品编号\": \"00065\"}, {\"单价\": \"8.5\", \"商品\": \"豆蔔1份\", \"序号\": \"83\", \"数量\": \"16\", \"笔数\": \"15\", \"金额\": \"136\", \"兑换金额\": \"0\", \"商品编号\": \"00194\"}, {\"单价\": \"6.8\", \"商品\": \"攸縣香干200g/袋\", \"序号\": \"84\", \"数量\": \"20\", \"笔数\": \"20\", \"金额\": \"136\", \"兑换金额\": \"0\", \"商品编号\": \"00342\"}, {\"单价\": \"20.3191\", \"商品\": \"枇杷\", \"序号\": \"85\", \"数量\": \"6.644\", \"笔数\": \"6\", \"金额\": \"135\", \"兑换金额\": \"0\", \"商品编号\": \"00395\"}, {\"单价\": \"8.9002\", \"商品\": \"荷蘭豆200g\", \"序号\": \"86\", \"数量\": \"14.9435\", \"笔数\": \"16\", \"金额\": \"133\", \"兑换金额\": \"0\", \"商品编号\": \"00037\"}, {\"单价\": \"13.9374\", \"商品\": \"鮮淮山\", \"序号\": \"87\", \"数量\": \"9.5355\", \"笔数\": \"9\", \"金额\": \"132.90000000000001\", \"兑换金额\": \"0\", \"商品编号\": \"00095\"}, {\"单价\": \"8.1843\", \"商品\": \"菜心300g\", \"序号\": \"88\", \"数量\": \"15.8841\", \"笔数\": \"15\", \"金额\": \"130\", \"兑换金额\": \"0\", \"商品编号\": \"00021\"}, {\"单价\": \"12.2002\", \"商品\": \"板栗肉200g\", \"序号\": \"89\", \"数量\": \"10.6392\", \"笔数\": \"11\", \"金额\": \"129.80000000000001\", \"兑换金额\": \"0\", \"商品编号\": \"00038\"}, {\"单价\": \"10.887\", \"商品\": \"福建花(散花）\", \"序号\": \"90\", \"数量\": \"11.7204\", \"笔数\": \"14\", \"金额\": \"127.59999999999999\", \"兑换金额\": \"0\", \"商品编号\": \"00386\"}, {\"单价\": \"25\", \"商品\": \"羅非魚\", \"序号\": \"91\", \"数量\": \"5.084\", \"笔数\": \"6\", \"金额\": \"127.099999999999994\", \"兑换金额\": \"0\", \"商品编号\": \"00292\"}, {\"单价\": \"7.0001\", \"商品\": \"指天椒100g\", \"序号\": \"92\", \"数量\": \"18.071100000000001\", \"笔数\": \"22\", \"金额\": \"126.5\", \"兑换金额\": \"0\", \"商品编号\": \"00108\"}, {\"单价\": \"3.4001\", \"商品\": \"金針菇200g\", \"序号\": \"93\", \"数量\": \"36.8808\", \"笔数\": \"24\", \"金额\": \"125.40000000000001\", \"兑换金额\": \"0\", \"商品编号\": \"00100\"}, {\"单价\": \"7.8\", \"商品\": \"南瓜(貝貝南瓜)\", \"序号\": \"94\", \"数量\": \"15.8206\", \"笔数\": \"16\", \"金额\": \"123.40000000000001\", \"兑换金额\": \"0\", \"商品编号\": \"00085\"}, {\"单价\": \"7.7\", \"商品\": \"西芹\", \"序号\": \"95\", \"数量\": \"15.7012\", \"笔数\": \"30\", \"金额\": \"120.90000000000001\", \"兑换金额\": \"0\", \"商品编号\": \"00069\"}, {\"单价\": \"103.4808\", \"商品\": \"梅頭瘦肉\", \"序号\": \"96\", \"数量\": \"1.1664\", \"笔数\": \"3\", \"金额\": \"120.7\", \"兑换金额\": \"0\", \"商品编号\": \"00283\"}, {\"单价\": \"5.1\", \"商品\": \"辣椒(螺絲椒)250g\", \"序号\": \"97\", \"数量\": \"23.5296\", \"笔数\": \"15\", \"金额\": \"120\", \"兑换金额\": \"0\", \"商品编号\": \"00064\"}, {\"单价\": \"4.0998\", \"商品\": \"綠豆芽300g\", \"序号\": \"98\", \"数量\": \"29.0258\", \"笔数\": \"31\", \"金额\": \"119\", \"兑换金额\": \"0\", \"商品编号\": \"00055\"}, {\"单价\": \"9.1649\", \"商品\": \"學鬥白菜300g\", \"序号\": \"99\", \"数量\": \"12.9298\", \"笔数\": \"14\", \"金额\": \"118.5\", \"兑换金额\": \"0\", \"商品编号\": \"00390\"}, {\"单价\": \"49.1776\", \"商品\": \"白倉魚\", \"序号\": \"100\", \"数量\": \"2.4015\", \"笔数\": \"4\", \"金额\": \"118.099999999999994\", \"兑换金额\": \"0\", \"商品编号\": \"00667\"}, {\"单价\": \"4.3607\", \"商品\": \"白蘿蔔\", \"序号\": \"101\", \"数量\": \"26.4864\", \"笔数\": \"23\", \"金额\": \"115.5\", \"兑换金额\": \"0\", \"商品编号\": \"00045\"}, {\"单价\": \"9.8995\", \"商品\": \"大蔥\", \"序号\": \"102\", \"数量\": \"11.6066\", \"笔数\": \"16\", \"金额\": \"114.90000000000001\", \"兑换金额\": \"0\", \"商品编号\": \"00068\"}, {\"单价\": \"8.6348\", \"商品\": \"毛瓜\", \"序号\": \"103\", \"数量\": \"13.0518\", \"笔数\": \"16\", \"金额\": \"112.7\", \"兑换金额\": \"0\", \"商品编号\": \"00083\"}, {\"单价\": \"11.2999\", \"商品\": \"毛豆500g\", \"序号\": \"104\", \"数量\": \"9.9558\", \"笔数\": \"8\", \"金额\": \"112.5\", \"兑换金额\": \"0\", \"商品编号\": \"00092\"}, {\"单价\": \"5\", \"商品\": \"小旺菜\", \"序号\": \"105\", \"数量\": \"22.46\", \"笔数\": \"17\", \"金额\": \"112.3\", \"兑换金额\": \"0\", \"商品编号\": \"00004\"}, {\"单价\": \"3.9205\", \"商品\": \"木耳200g\", \"序号\": \"106\", \"数量\": \"27.8536\", \"笔数\": \"3\", \"金额\": \"109.2\", \"兑换金额\": \"0\", \"商品编号\": \"00062\"}, {\"单价\": \"10.7001\", \"商品\": \"四季豆450g\", \"序号\": \"107\", \"数量\": \"9.813\", \"笔数\": \"10\", \"金额\": \"105\", \"兑换金额\": \"0\", \"商品编号\": \"00034\"}, {\"单价\": \"7.8997\", \"商品\": \"冬菇200g\", \"序号\": \"108\", \"数量\": \"13.2916\", \"笔数\": \"13\", \"金额\": \"105\", \"兑换金额\": \"0\", \"商品编号\": \"00101\"}, {\"单价\": \"10.6003\", \"商品\": \"馬蹄500g\", \"序号\": \"109\", \"数量\": \"9.8582\", \"笔数\": \"11\", \"金额\": \"104.5\", \"兑换金额\": \"0\", \"商品编号\": \"00041\"}, {\"单价\": \"7.1\", \"商品\": \"紅菜頭\", \"序号\": \"110\", \"数量\": \"14.6901\", \"笔数\": \"14\", \"金额\": \"104.3\", \"兑换金额\": \"0\", \"商品编号\": \"00048\"}, {\"单价\": \"60.4825\", \"商品\": \"五花腩\", \"序号\": \"111\", \"数量\": \"1.7162\", \"笔数\": \"2\", \"金额\": \"103.8\", \"兑换金额\": \"0\", \"商品编号\": \"00284\"}, {\"单价\": \"13.6999\", \"商品\": \"粉葛\", \"序号\": \"112\", \"数量\": \"7.5037\", \"笔数\": \"6\", \"金额\": \"102.8\", \"兑换金额\": \"0\", \"商品编号\": \"00060\"}, {\"单价\": \"10.3352\", \"商品\": \"椰菜花(白花菜)\", \"序号\": \"113\", \"数量\": \"9.9369\", \"笔数\": \"10\", \"金额\": \"102.7\", \"兑换金额\": \"0\", \"商品编号\": \"00011\"}, {\"单价\": \"5.8\", \"商品\": \"胡蘿蔔(泥紅蘿蔔)\", \"序号\": \"114\", \"数量\": \"17.1379\", \"笔数\": \"27\", \"金额\": \"99.40000000000001\", \"兑换金额\": \"0\", \"商品编号\": \"00046\"}, {\"单价\": \"8.8999\", \"商品\": \"糖心蜜薯\", \"序号\": \"115\", \"数量\": \"10.9327\", \"笔数\": \"10\", \"金额\": \"97.3\", \"兑换金额\": \"0\", \"商品编号\": \"00093\"}, {\"单价\": \"97.9996\", \"商品\": \"飛排\", \"序号\": \"116\", \"数量\": \"0.9898\", \"笔数\": \"2\", \"金额\": \"97\", \"兑换金额\": \"0\", \"商品编号\": \"00279\"}, {\"单价\": \"8\", \"商品\": \"百福硬豆腐340g/盒\", \"序号\": \"117\", \"数量\": \"12\", \"笔数\": \"8\", \"金额\": \"96\", \"兑换金额\": \"0\", \"商品编号\": \"00188\"}, {\"单价\": \"7.9\", \"商品\": \"小咖啡菇200g\", \"序号\": \"118\", \"数量\": \"12\", \"笔数\": \"11\", \"金额\": \"94.8\", \"兑换金额\": \"0\", \"商品编号\": \"00118\"}, {\"单价\": \"6.2971\", \"商品\": \"油麥菜300g\", \"序号\": \"119\", \"数量\": \"14.864\", \"笔数\": \"18\", \"金额\": \"93.59999999999999\", \"兑换金额\": \"0\", \"商品编号\": \"00020\"}, {\"单价\": \"8.7957\", \"商品\": \"秀珍菇150g\", \"序号\": \"120\", \"数量\": \"10.6416\", \"笔数\": \"11\", \"金额\": \"93.59999999999999\", \"兑换金额\": \"0\", \"商品编号\": \"00322\"}, {\"单价\": \"8.2996\", \"商品\": \"毛豆仁200g\", \"序号\": \"121\", \"数量\": \"11.2776\", \"笔数\": \"9\", \"金额\": \"93.59999999999999\", \"兑换金额\": \"0\", \"商品编号\": \"00372\"}, {\"单价\": \"8.5\", \"商品\": \"上海水餃皮（白圓皮）350g\", \"序号\": \"122\", \"数量\": \"11\", \"笔数\": \"9\", \"金额\": \"93.5\", \"兑换金额\": \"0\", \"商品编号\": \"00206\"}, {\"单价\": \"8.5\", \"商品\": \"長水瓜\", \"序号\": \"123\", \"数量\": \"10.8353\", \"笔数\": \"13\", \"金额\": \"92.099999999999994\", \"兑换金额\": \"0\", \"商品编号\": \"00031\"}, {\"单价\": \"88.0031000000000034\", \"商品\": \"豬展\", \"序号\": \"124\", \"数量\": \"1.0261\", \"笔数\": \"3\", \"金额\": \"90.3\", \"兑换金额\": \"0\", \"商品编号\": \"00263\"}, {\"单价\": \"7.5679\", \"商品\": \"雞毛菜300g\", \"序号\": \"125\", \"数量\": \"11.8924\", \"笔数\": \"7\", \"金额\": \"90\", \"兑换金额\": \"0\", \"商品编号\": \"00327\"}, {\"单价\": \"10.5\", \"商品\": \"蓮藕\", \"序号\": \"126\", \"数量\": \"8.4095\", \"笔数\": \"9\", \"金额\": \"88.3\", \"兑换金额\": \"0\", \"商品编号\": \"00094\"}, {\"单价\": \"13.0063999999999993\", \"商品\": \"鮮鐵棍淮山\", \"序号\": \"127\", \"数量\": \"6.7582\", \"笔数\": \"8\", \"金额\": \"87.90000000000001\", \"兑换金额\": \"0\", \"商品编号\": \"00049\"}, {\"单价\": \"3.5999\", \"商品\": \"芹菜150g\", \"序号\": \"128\", \"数量\": \"23.334\", \"笔数\": \"23\", \"金额\": \"84\", \"兑换金额\": \"0\", \"商品编号\": \"00119\"}, {\"单价\": \"42\", \"商品\": \"豬肚（個）\", \"序号\": \"129\", \"数量\": \"2\", \"笔数\": \"2\", \"金额\": \"84\", \"兑换金额\": \"0\", \"商品编号\": \"00251\"}, {\"单价\": \"12\", \"商品\": \"鵪鶉蛋\", \"序号\": \"130\", \"数量\": \"7\", \"笔数\": \"7\", \"金额\": \"84\", \"兑换金额\": \"0\", \"商品编号\": \"00564\"}, {\"单价\": \"5.8\", \"商品\": \"洋蔥(紅)\", \"序号\": \"131\", \"数量\": \"14.2759\", \"笔数\": \"15\", \"金额\": \"82.8\", \"兑换金额\": \"0\", \"商品编号\": \"00074\"}, {\"单价\": \"77.99939999999999\", \"商品\": \"排骨頭\", \"序号\": \"132\", \"数量\": \"1.0577\", \"笔数\": \"1\", \"金额\": \"82.5\", \"兑换金额\": \"0\", \"商品编号\": \"00260\"}, {\"单价\": \"7.5131\", \"商品\": \"萵筍\", \"序号\": \"133\", \"数量\": \"10.9409\", \"笔数\": \"14\", \"金额\": \"82.2\", \"兑换金额\": \"0\", \"商品编号\": \"00325\"}, {\"单价\": \"6.0001\", \"商品\": \"富士苹果\", \"序号\": \"134\", \"数量\": \"13.3332\", \"笔数\": \"3\", \"金额\": \"80\", \"兑换金额\": \"0\", \"商品编号\": \"00427\"}, {\"单价\": \"12.2033\", \"商品\": \"金奇異果\", \"序号\": \"135\", \"数量\": \"6.5556\", \"笔数\": \"2\", \"金额\": \"80\", \"兑换金额\": \"0\", \"商品编号\": \"00556\"}, {\"单价\": \"6.4869\", \"商品\": \"韭王150g\", \"序号\": \"136\", \"数量\": \"12.0243\", \"笔数\": \"11\", \"金额\": \"78\", \"兑换金额\": \"0\", \"商品编号\": \"00070\"}, {\"单价\": \"12.6\", \"商品\": \"百合四頭\", \"序号\": \"137\", \"数量\": \"6\", \"笔数\": \"6\", \"金额\": \"75.59999999999999\", \"兑换金额\": \"0\", \"商品编号\": \"00362\"}, {\"单价\": \"5.4999\", \"商品\": \"羽衣甘藍150g\", \"序号\": \"138\", \"数量\": \"13.6365\", \"笔数\": \"9\", \"金额\": \"75\", \"兑换金额\": \"0\", \"商品编号\": \"00009\"}, {\"单价\": \"9.2891\", \"商品\": \"茼蒿300g\", \"序号\": \"139\", \"数量\": \"8.074\", \"笔数\": \"9\", \"金额\": \"75\", \"兑换金额\": \"0\", \"商品编号\": \"00401\"}, {\"单价\": \"62.003300000000003\", \"商品\": \"西施\", \"序号\": \"140\", \"数量\": \"1.208\", \"笔数\": \"2\", \"金额\": \"74.90000000000001\", \"兑换金额\": \"0\", \"商品编号\": \"00287\"}, {\"单价\": \"4.7\", \"商品\": \"大白菜\", \"序号\": \"141\", \"数量\": \"15.4682\", \"笔数\": \"8\", \"金额\": \"72.7\", \"兑换金额\": \"0\", \"商品编号\": \"00003\"}, {\"单价\": \"8\", \"商品\": \"佛手瓜\", \"序号\": \"142\", \"数量\": \"9.0375\", \"笔数\": \"12\", \"金额\": \"72.3\", \"兑换金额\": \"0\", \"商品编号\": \"00040\"}, {\"单价\": \"4.8\", \"商品\": \"杭白菜300g\", \"序号\": \"143\", \"数量\": \"15\", \"笔数\": \"1\", \"金额\": \"72\", \"兑换金额\": \"0\", \"商品编号\": \"00076\"}, {\"单价\": \"9\", \"商品\": \"鹹蛋4只\", \"序号\": \"144\", \"数量\": \"8\", \"笔数\": \"8\", \"金额\": \"72\", \"兑换金额\": \"0\", \"商品编号\": \"00147\"}, {\"单价\": \"8.2996\", \"商品\": \"豌豆仁200g\", \"序号\": \"145\", \"数量\": \"8.4582\", \"笔数\": \"9\", \"金额\": \"70.2\", \"兑换金额\": \"0\", \"商品编号\": \"00373\"}, {\"单价\": \"9.2998\", \"商品\": \"真空淮山肉300g\", \"序号\": \"146\", \"数量\": \"7.312\", \"笔数\": \"7\", \"金额\": \"68\", \"兑换金额\": \"0\", \"商品编号\": \"00312\"}, {\"单价\": \"6.7\", \"商品\": \"攸縣白干200g/袋\", \"序号\": \"147\", \"数量\": \"10\", \"笔数\": \"8\", \"金额\": \"67\", \"兑换金额\": \"0\", \"商品编号\": \"00341\"}, {\"单价\": \"7.6\", \"商品\": \"紫椰菜\", \"序号\": \"148\", \"数量\": \"8.6316\", \"笔数\": \"6\", \"金额\": \"65.59999999999999\", \"兑换金额\": \"0\", \"商品编号\": \"00008\"}, {\"单价\": \"48.3619\", \"商品\": \"豬展骨\", \"序号\": \"149\", \"数量\": \"1.3461\", \"笔数\": \"2\", \"金额\": \"65.099999999999994\", \"兑换金额\": \"0\", \"商品编号\": \"00246\"}, {\"单价\": \"11.522\", \"商品\": \"皇帝菜苗300g\", \"序号\": \"150\", \"数量\": \"5.6414\", \"笔数\": \"9\", \"金额\": \"65\", \"兑换金额\": \"0\", \"商品编号\": \"00324\"}, {\"单价\": \"6.1001\", \"商品\": \"芋仔300g\", \"序号\": \"151\", \"数量\": \"10.6392\", \"笔数\": \"8\", \"金额\": \"64.90000000000001\", \"兑换金额\": \"0\", \"商品编号\": \"00097\"}, {\"单价\": \"9.2\", \"商品\": \"玉米筍200g\", \"序号\": \"152\", \"数量\": \"7\", \"笔数\": \"7\", \"金额\": \"64.40000000000001\", \"兑换金额\": \"0\", \"商品编号\": \"00032\"}, {\"单价\": \"8.9004\", \"商品\": \"紫薯500g\", \"序号\": \"153\", \"数量\": \"7.1008\", \"笔数\": \"8\", \"金额\": \"63.2\", \"兑换金额\": \"0\", \"商品编号\": \"00387\"}, {\"单价\": \"7.9\", \"商品\": \"人參白薯\", \"序号\": \"154\", \"数量\": \"8\", \"笔数\": \"6\", \"金额\": \"63.2\", \"兑换金额\": \"0\", \"商品编号\": \"00497\"}, {\"单价\": \"61.9996\", \"商品\": \"脊骨\", \"序号\": \"155\", \"数量\": \"0.9742\", \"笔数\": \"1\", \"金额\": \"60.4\", \"兑换金额\": \"0\", \"商品编号\": \"00264\"}, {\"单价\": \"10.4004\", \"商品\": \"鮮蘑菇(咖啡菇)200g\", \"序号\": \"156\", \"数量\": \"5.769\", \"笔数\": \"6\", \"金额\": \"60\", \"兑换金额\": \"0\", \"商品编号\": \"00105\"}, {\"单价\": \"5.9999\", \"商品\": \"沙糖桔\", \"序号\": \"157\", \"数量\": \"10.00019999999999953\", \"笔数\": \"6\", \"金额\": \"60\", \"兑换金额\": \"0\", \"商品编号\": \"00369\"}, {\"单价\": \"2.5\", \"商品\": \"百香果\", \"序号\": \"158\", \"数量\": \"24\", \"笔数\": \"2\", \"金额\": \"60\", \"兑换金额\": \"0\", \"商品编号\": \"00443\"}, {\"单价\": \"14.9993\", \"商品\": \"油柑\", \"序号\": \"159\", \"数量\": \"4.00020000000000042\", \"笔数\": \"6\", \"金额\": \"60\", \"兑换金额\": \"0\", \"商品编号\": \"00494\"}, {\"单价\": \"11.9995\", \"商品\": \"小青瓜400g\", \"序号\": \"160\", \"数量\": \"4.7502\", \"笔数\": \"6\", \"金额\": \"57\", \"兑换金额\": \"0\", \"商品编号\": \"00024\"}, {\"单价\": \"8\", \"商品\": \"河粉（炒粉）350g\", \"序号\": \"161\", \"数量\": \"7\", \"笔数\": \"6\", \"金额\": \"56\", \"兑换金额\": \"0\", \"商品编号\": \"00212\"}, {\"单价\": \"6.3\", \"商品\": \"西葫蘆瓜\", \"序号\": \"162\", \"数量\": \"8.8413\", \"笔数\": \"6\", \"金额\": \"55.7\", \"兑换金额\": \"0\", \"商品编号\": \"00028\"}, {\"单价\": \"4.4\", \"商品\": \"南瓜\", \"序号\": \"163\", \"数量\": \"12.3864\", \"笔数\": \"12\", \"金额\": \"54.5\", \"兑换金额\": \"0\", \"商品编号\": \"00026\"}, {\"单价\": \"5.8\", \"商品\": \"杏鮑菇200g\", \"序号\": \"164\", \"数量\": \"9\", \"笔数\": \"9\", \"金额\": \"52.2\", \"兑换金额\": \"0\", \"商品编号\": \"00102\"}, {\"单价\": \"9.7998\", \"商品\": \"糯粟米\", \"序号\": \"165\", \"数量\": \"5.296\", \"笔数\": \"5\", \"金额\": \"51.9\", \"兑换金额\": \"0\", \"商品编号\": \"00091\"}, {\"单价\": \"8.5\", \"商品\": \"上海麵350g\", \"序号\": \"166\", \"数量\": \"6\", \"笔数\": \"5\", \"金额\": \"51\", \"兑换金额\": \"0\", \"商品编号\": \"00148\"}, {\"单价\": \"27.9996\", \"商品\": \"包魚骨\", \"序号\": \"167\", \"数量\": \"1.8036\", \"笔数\": \"2\", \"金额\": \"50.5\", \"兑换金额\": \"0\", \"商品编号\": \"00254\"}, {\"单价\": \"8.7997\", \"商品\": \"西洋菜300g\", \"序号\": \"168\", \"数量\": \"5.682\", \"笔数\": \"7\", \"金额\": \"50\", \"兑换金额\": \"0\", \"商品编号\": \"00323\"}, {\"单价\": \"8.3\", \"商品\": \"花生(鮮)300g\", \"序号\": \"169\", \"数量\": \"6\", \"笔数\": \"4\", \"金额\": \"49.8\", \"兑换金额\": \"0\", \"商品编号\": \"00321\"}, {\"单价\": \"16.5\", \"商品\": \"金裝牛肉丸250g/包\", \"序号\": \"170\", \"数量\": \"3\", \"笔数\": \"3\", \"金额\": \"49.5\", \"兑换金额\": \"0\", \"商品编号\": \"00296\"}, {\"单价\": \"9.9\", \"商品\": \"一點紅番薯\", \"序号\": \"171\", \"数量\": \"5\", \"笔数\": \"5\", \"金额\": \"49.5\", \"兑换金额\": \"0\", \"商品编号\": \"00656\"}, {\"单价\": \"7.6747\", \"商品\": \"芥蘭300g\", \"序号\": \"172\", \"数量\": \"6.2022\", \"笔数\": \"6\", \"金额\": \"47.6\", \"兑换金额\": \"0\", \"商品编号\": \"00015\"}, {\"单价\": \"5\", \"商品\": \"青尖椒250g\", \"序号\": \"173\", \"数量\": \"9.36\", \"笔数\": \"9\", \"金额\": \"46.8\", \"兑换金额\": \"0\", \"商品编号\": \"00066\"}, {\"单价\": \"4.0277\", \"商品\": \"韭菜150g\", \"序号\": \"174\", \"数量\": \"11.4706\", \"笔数\": \"9\", \"金额\": \"46.2\", \"兑换金额\": \"0\", \"商品编号\": \"00071\"}, {\"单价\": \"25.1989\", \"商品\": \"香樁150g\", \"序号\": \"175\", \"数量\": \"1.8096\", \"笔数\": \"2\", \"金额\": \"45.6\", \"兑换金额\": \"0\", \"商品编号\": \"00155\"}, {\"单价\": \"9\", \"商品\": \"雲吞麵（幼）350g\", \"序号\": \"176\", \"数量\": \"5\", \"笔数\": \"5\", \"金额\": \"45\", \"兑换金额\": \"0\", \"商品编号\": \"00208\"}, {\"单价\": \"15\", \"商品\": \"招牌叉燒包 120g*4個\", \"序号\": \"177\", \"数量\": \"3\", \"笔数\": \"3\", \"金额\": \"45\", \"兑换金额\": \"0\", \"商品编号\": \"00537\"}, {\"单价\": \"6.8\", \"商品\": \"竹蔗\", \"序号\": \"178\", \"数量\": \"6.5441\", \"笔数\": \"4\", \"金额\": \"44.5\", \"兑换金额\": \"0\", \"商品编号\": \"00058\"}, {\"单价\": \"8.9\", \"商品\": \"蒜心300g\", \"序号\": \"179\", \"数量\": \"5\", \"笔数\": \"5\", \"金额\": \"44.5\", \"兑换金额\": \"0\", \"商品编号\": \"00072\"}, {\"单价\": \"8.6\", \"商品\": \"香素雞200g/袋\", \"序号\": \"180\", \"数量\": \"5\", \"笔数\": \"4\", \"金额\": \"43\", \"兑换金额\": \"0\", \"商品编号\": \"00343\"}, {\"单价\": \"5.7\", \"商品\": \"蒲瓜\", \"序号\": \"181\", \"数量\": \"7.421\", \"笔数\": \"6\", \"金额\": \"42.3\", \"兑换金额\": \"0\", \"商品编号\": \"00027\"}, {\"单价\": \"5.3999\", \"商品\": \"青蘿蔔\", \"序号\": \"182\", \"数量\": \"7.6483\", \"笔数\": \"10\", \"金额\": \"41.3\", \"兑换金额\": \"0\", \"商品编号\": \"00043\"}, {\"单价\": \"8.3999\", \"商品\": \"水果蘿蔔\", \"序号\": \"183\", \"数量\": \"4.8929\", \"笔数\": \"8\", \"金额\": \"41.1\", \"兑换金额\": \"0\", \"商品编号\": \"00044\"}, {\"单价\": \"5.2999\", \"商品\": \"青木瓜\", \"序号\": \"184\", \"数量\": \"7.7548\", \"笔数\": \"6\", \"金额\": \"41.1\", \"兑换金额\": \"0\", \"商品编号\": \"00113\"}, {\"单价\": \"5.5811\", \"商品\": \"黃皮椒250g\", \"序号\": \"185\", \"数量\": \"7.2746\", \"笔数\": \"4\", \"金额\": \"40.6\", \"兑换金额\": \"0\", \"商品编号\": \"00063\"}, {\"单价\": \"7.7\", \"商品\": \"沙葛\", \"序号\": \"186\", \"数量\": \"5.1948\", \"笔数\": \"6\", \"金额\": \"40\", \"兑换金额\": \"0\", \"商品编号\": \"00057\"}, {\"单价\": \"10\", \"商品\": \"果凍橙\", \"序号\": \"187\", \"数量\": \"4\", \"笔数\": \"2\", \"金额\": \"40\", \"兑换金额\": \"0\", \"商品编号\": \"00131\"}, {\"单价\": \"8\", \"商品\": \"油麵350g\", \"序号\": \"188\", \"数量\": \"5\", \"笔数\": \"3\", \"金额\": \"40\", \"兑换金额\": \"0\", \"商品编号\": \"00204\"}, {\"单价\": \"7.6\", \"商品\": \"茅根150g\", \"序号\": \"189\", \"数量\": \"5\", \"笔数\": \"5\", \"金额\": \"38\", \"兑换金额\": \"0\", \"商品编号\": \"00099\"}, {\"单价\": \"9.2002\", \"商品\": \"黃金蜜薯500g\", \"序号\": \"190\", \"数量\": \"3.826\", \"笔数\": \"2\", \"金额\": \"35.2\", \"兑换金额\": \"0\", \"商品编号\": \"00132\"}, {\"单价\": \"4\", \"商品\": \"黃豆芽300g\", \"序号\": \"191\", \"数量\": \"8.75\", \"笔数\": \"9\", \"金额\": \"35\", \"兑换金额\": \"0\", \"商品编号\": \"00056\"}, {\"单价\": \"48.001100000000001\", \"商品\": \"瘦肉\", \"序号\": \"192\", \"数量\": \"0.7104\", \"笔数\": \"1\", \"金额\": \"34.1\", \"兑换金额\": \"0\", \"商品编号\": \"00276\"}, {\"单价\": \"77.99120000000001\", \"商品\": \"骨腩\", \"序号\": \"193\", \"数量\": \"0.4321\", \"笔数\": \"1\", \"金额\": \"33.7\", \"兑换金额\": \"0\", \"商品编号\": \"00285\"}, {\"单价\": \"6.7\", \"商品\": \"客家豆腐380g/盒\", \"序号\": \"194\", \"数量\": \"5\", \"笔数\": \"5\", \"金额\": \"33.5\", \"兑换金额\": \"0\", \"商品编号\": \"00340\"}, {\"单价\": \"5\", \"商品\": \"肥肉\", \"序号\": \"195\", \"数量\": \"6.64\", \"笔数\": \"2\", \"金额\": \"33.2\", \"兑换金额\": \"0\", \"商品编号\": \"00258\"}, {\"单价\": \"7.5998\", \"商品\": \"水東芥菜450g\", \"序号\": \"196\", \"数量\": \"4.3422\", \"笔数\": \"6\", \"金额\": \"33\", \"兑换金额\": \"0\", \"商品编号\": \"00013\"}, {\"单价\": \"8\", \"商品\": \"豬腰（個）\", \"序号\": \"197\", \"数量\": \"4\", \"笔数\": \"1\", \"金额\": \"32\", \"兑换金额\": \"0\", \"商品编号\": \"00256\"}, {\"单价\": \"88\", \"商品\": \"排骨粒\", \"序号\": \"198\", \"数量\": \"0.3625\", \"笔数\": \"1\", \"金额\": \"31.9\", \"兑换金额\": \"0\", \"商品编号\": \"00272\"}, {\"单价\": \"3.7002\", \"商品\": \"枸杞葉180g\", \"序号\": \"199\", \"数量\": \"8.5131\", \"笔数\": \"9\", \"金额\": \"31.5\", \"兑换金额\": \"0\", \"商品编号\": \"00082\"}, {\"单价\": \"88.011300000000006\", \"商品\": \"有筋腱\", \"序号\": \"200\", \"数量\": \"0.3545\", \"笔数\": \"1\", \"金额\": \"31.2\", \"兑换金额\": \"0\", \"商品编号\": \"00274\"}, {\"单价\": \"4.8\", \"商品\": \"大平包\", \"序号\": \"201\", \"数量\": \"6.25\", \"笔数\": \"3\", \"金额\": \"30\", \"兑换金额\": \"0\", \"商品编号\": \"00010\"}, {\"单价\": \"5.9601\", \"商品\": \"蟹味菇150g\", \"序号\": \"202\", \"数量\": \"5.0335\", \"笔数\": \"5\", \"金额\": \"30\", \"兑换金额\": \"0\", \"商品编号\": \"00103\"}, {\"单价\": \"11.3999\", \"商品\": \"西椒550g\", \"序号\": \"203\", \"数量\": \"2.6316\", \"笔数\": \"3\", \"金额\": \"30\", \"兑换金额\": \"0\", \"商品编号\": \"00110\"}, {\"单价\": \"15\", \"商品\": \"奶白饅頭45g*12個\", \"序号\": \"204\", \"数量\": \"2\", \"笔数\": \"2\", \"金额\": \"30\", \"兑换金额\": \"0\", \"商品编号\": \"00145\"}, {\"单价\": \"6.2001\", \"商品\": \"海帶結200g\", \"序号\": \"205\", \"数量\": \"4.758\", \"笔数\": \"4\", \"金额\": \"29.5\", \"兑换金额\": \"0\", \"商品编号\": \"00364\"}, {\"单价\": \"9.6598\", \"商品\": \"芒果\", \"序号\": \"206\", \"数量\": \"3.0125\", \"笔数\": \"2\", \"金额\": \"29.1\", \"兑换金额\": \"0\", \"商品编号\": \"00406\"}, {\"单价\": \"37.9981\", \"商品\": \"豬粉腸\", \"序号\": \"207\", \"数量\": \"0.7553\", \"笔数\": \"2\", \"金额\": \"28.7\", \"兑换金额\": \"0\", \"商品编号\": \"00248\"}, {\"单价\": \"67.99209999999999\", \"商品\": \"梅頭豬扒\", \"序号\": \"208\", \"数量\": \"0.4074\", \"笔数\": \"1\", \"金额\": \"27.7\", \"兑换金额\": \"0\", \"商品编号\": \"00270\"}, {\"单价\": \"6.1003\", \"商品\": \"盒裝豆苗200g\", \"序号\": \"209\", \"数量\": \"4.508\", \"笔数\": \"2\", \"金额\": \"27.5\", \"兑换金额\": \"0\", \"商品编号\": \"00054\"}, {\"单价\": \"9\", \"商品\": \"皮蛋4只\", \"序号\": \"210\", \"数量\": \"3\", \"笔数\": \"3\", \"金额\": \"27\", \"兑换金额\": \"0\", \"商品编号\": \"00146\"}, {\"单价\": \"5.3\", \"商品\": \"蒜苗150g\", \"序号\": \"211\", \"数量\": \"5\", \"笔数\": \"3\", \"金额\": \"26.5\", \"兑换金额\": \"0\", \"商品编号\": \"00120\"}, {\"单价\": \"6.4358\", \"商品\": \"白玉菇150g\", \"序号\": \"212\", \"数量\": \"4.0399\", \"笔数\": \"5\", \"金额\": \"26\", \"兑换金额\": \"0\", \"商品编号\": \"00104\"}, {\"单价\": \"8.5\", \"商品\": \"上海雲吞皮（白方皮）350g\", \"序号\": \"213\", \"数量\": \"3\", \"笔数\": \"3\", \"金额\": \"25.5\", \"兑换金额\": \"0\", \"商品编号\": \"00207\"}, {\"单价\": \"5\", \"商品\": \"紫蘇150g\", \"序号\": \"214\", \"数量\": \"5\", \"笔数\": \"4\", \"金额\": \"25\", \"兑换金额\": \"0\", \"商品编号\": \"00121\"}, {\"单价\": \"1\", \"商品\": \"膠袋\", \"序号\": \"215\", \"数量\": \"25\", \"笔数\": \"24\", \"金额\": \"25\", \"兑换金额\": \"0\", \"商品编号\": \"00300\"}, {\"单价\": \"12.5\", \"商品\": \"盒裝枇杷\", \"序号\": \"216\", \"数量\": \"2\", \"笔数\": \"1\", \"金额\": \"25\", \"兑换金额\": \"0\", \"商品编号\": \"00543\"}, {\"单价\": \"5.7\", \"商品\": \"銀絲王300g\", \"序号\": \"217\", \"数量\": \"4.2105\", \"笔数\": \"5\", \"金额\": \"24\", \"兑换金额\": \"0\", \"商品编号\": \"00005\"}, {\"单价\": \"14.069599999999999\", \"商品\": \"豬耳2只\", \"序号\": \"218\", \"数量\": \"1.7058\", \"笔数\": \"2\", \"金额\": \"24\", \"兑换金额\": \"0\", \"商品编号\": \"00261\"}, {\"单价\": \"10.4998\", \"商品\": \"西蘭花苗200g\", \"序号\": \"219\", \"数量\": \"2.1429\", \"笔数\": \"2\", \"金额\": \"22.5\", \"兑换金额\": \"0\", \"商品编号\": \"00370\"}, {\"单价\": \"5.5\", \"商品\": \"綠九芽生菜300g\", \"序号\": \"220\", \"数量\": \"4\", \"笔数\": \"4\", \"金额\": \"22\", \"兑换金额\": \"0\", \"商品编号\": \"00078\"}, {\"单价\": \"4.8001\", \"商品\": \"鮮蘑菇(海鮮菇)250g\", \"序号\": \"221\", \"数量\": \"4.5832\", \"笔数\": \"4\", \"金额\": \"22\", \"兑换金额\": \"0\", \"商品编号\": \"00106\"}, {\"单价\": \"7\", \"商品\": \"雪蓮果\", \"序号\": \"222\", \"数量\": \"3\", \"笔数\": \"2\", \"金额\": \"21\", \"兑换金额\": \"0\", \"商品编号\": \"00330\"}, {\"单价\": \"10\", \"商品\": \"豬心（個）\", \"序号\": \"223\", \"数量\": \"2\", \"笔数\": \"1\", \"金额\": \"20\", \"兑换金额\": \"0\", \"商品编号\": \"00249\"}, {\"单价\": \"10\", \"商品\": \"青梅\", \"序号\": \"224\", \"数量\": \"2\", \"笔数\": \"2\", \"金额\": \"20\", \"兑换金额\": \"0\", \"商品编号\": \"00674\"}, {\"单价\": \"9.5\", \"商品\": \"蝦米腸粉\", \"序号\": \"225\", \"数量\": \"2\", \"笔数\": \"2\", \"金额\": \"19\", \"兑换金额\": \"0\", \"商品编号\": \"00202\"}, {\"单价\": \"18\", \"商品\": \"豬利（條）\", \"序号\": \"226\", \"数量\": \"1\", \"笔数\": \"1\", \"金额\": \"18\", \"兑换金额\": \"0\", \"商品编号\": \"00250\"}, {\"单价\": \"8\", \"商品\": \"拉麵350g\", \"序号\": \"227\", \"数量\": \"2\", \"笔数\": \"2\", \"金额\": \"16\", \"兑换金额\": \"0\", \"商品编号\": \"00151\"}, {\"单价\": \"8\", \"商品\": \"白腸粉\", \"序号\": \"228\", \"数量\": \"2\", \"笔数\": \"2\", \"金额\": \"16\", \"兑换金额\": \"0\", \"商品编号\": \"00203\"}, {\"单价\": \"15.5\", \"商品\": \"蔥香手抓餅97g*4片\", \"序号\": \"229\", \"数量\": \"1\", \"笔数\": \"1\", \"金额\": \"15.5\", \"兑换金额\": \"0\", \"商品编号\": \"00417\"}, {\"单价\": \"15\", \"商品\": \"馬鮫魚丸250g/包\", \"序号\": \"230\", \"数量\": \"1\", \"笔数\": \"1\", \"金额\": \"15\", \"兑换金额\": \"0\", \"商品编号\": \"00354\"}, {\"单价\": \"10\", \"商品\": \"隔山\", \"序号\": \"231\", \"数量\": \"1.48\", \"笔数\": \"1\", \"金额\": \"14.8\", \"兑换金额\": \"0\", \"商品编号\": \"00240\"}, {\"单价\": \"12.00050000000000061\", \"商品\": \"大青芒\", \"序号\": \"232\", \"数量\": \"0.8333\", \"笔数\": \"1\", \"金额\": \"10\", \"兑换金额\": \"0\", \"商品编号\": \"00493\"}, {\"单价\": \"5.2997\", \"商品\": \"魚腥草150g\", \"序号\": \"233\", \"数量\": \"1.6982\", \"笔数\": \"2\", \"金额\": \"9\", \"兑换金额\": \"0\", \"商品编号\": \"00059\"}, {\"单价\": \"8.4005\", \"商品\": \"板栗番薯\", \"序号\": \"234\", \"数量\": \"0.869\", \"笔数\": \"1\", \"金额\": \"7.3\", \"兑换金额\": \"0\", \"商品编号\": \"00042\"}, {\"单价\": \"11\", \"商品\": \"儿菜\", \"序号\": \"235\", \"数量\": \"0.6\", \"笔数\": \"1\", \"金额\": \"6.6\", \"兑换金额\": \"0\", \"商品编号\": \"00655\"}, {\"单价\": \"4.4\", \"商品\": \"沙薑100g\", \"序号\": \"236\", \"数量\": \"0.9091\", \"笔数\": \"1\", \"金额\": \"4\", \"兑换金额\": \"0\", \"商品编号\": \"00115\"}, {\"单价\": \"5.7001\", \"商品\": \"紅蔥頭（吊幹蔥)100g\", \"序号\": \"237\", \"数量\": \"0.6842\", \"笔数\": \"1\", \"金额\": \"3.9\", \"兑换金额\": \"0\", \"商品编号\": \"00114\"}]','{\"items\": [], \"summary\": \"AI分析失败\"}','2026-03-31 14:15:56','2026-03-31 14:15:56'),(3,4,8,'零售报表分析-零售-零售汇总_1774399133339.xlsx','sales_uploads/4/20260331_221618_零售报表分析-零售-零售汇总_1774399133339.xlsx','2026-03-31',3,237,0,0,'AI未能识别有效销售数据：AI分析失败','[{\"单价\": \"97.9948\", \"商品\": \"豬肉100元\", \"序号\": \"1\", \"数量\": \"77.3\", \"笔数\": \"87\", \"金额\": \"7575\", \"兑换金额\": \"0\", \"商品编号\": \"10000\"}, {\"单价\": \"6.8939\", \"商品\": \"耙耙柑\", \"序号\": \"2\", \"数量\": \"103.5702\", \"笔数\": \"29\", \"金额\": \"714\", \"兑换金额\": \"0\", \"商品编号\": \"00195\"}, {\"单价\": \"62.0018000000000029\", \"商品\": \"清遠雞1.1-1.3KG\", \"序号\": \"3\", \"数量\": \"10.8384\", \"笔数\": \"7\", \"金额\": \"672\", \"兑换金额\": \"0\", \"商品编号\": \"00173\"}, {\"单价\": \"7.9401\", \"商品\": \"地們香蕉\", \"序号\": \"4\", \"数量\": \"80.629\", \"笔数\": \"50\", \"金额\": \"640.20000000000005\", \"兑换金额\": \"0\", \"商品编号\": \"00129\"}, {\"单价\": \"51.4075\", \"商品\": \"黃花魚\", \"序号\": \"5\", \"数量\": \"10.8525\", \"笔数\": \"18\", \"金额\": \"557.89999999999998\", \"兑换金额\": \"0\", \"商品编号\": \"00223\"}, {\"单价\": \"3.5\", \"商品\": \"紅蔥(香蔥)100g\", \"序号\": \"6\", \"数量\": \"135\", \"笔数\": \"104\", \"金额\": \"472.5\", \"兑换金额\": \"0\", \"商品编号\": \"00306\"}, {\"单价\": \"12.2869\", \"商品\": \"西蘭花\", \"序号\": \"7\", \"数量\": \"37.9673\", \"笔数\": \"80\", \"金额\": \"466.5\", \"兑换金额\": \"0\", \"商品编号\": \"00012\"}, {\"单价\": \"41.9999\", \"商品\": \"王立鯧\", \"序号\": \"8\", \"数量\": \"10.5167\", \"笔数\": \"16\", \"金额\": \"441.69999999999999\", \"兑换金额\": \"0\", \"商品编号\": \"00224\"}, {\"单价\": \"20\", \"商品\": \"散裝串茄\", \"序号\": \"9\", \"数量\": \"21.545\", \"笔数\": \"15\", \"金额\": \"430.89999999999998\", \"兑换金额\": \"0\", \"商品编号\": \"00654\"}, {\"单价\": \"10.4003\", \"商品\": \"榴槤番薯500g\", \"序号\": \"10\", \"数量\": \"39.027900000000002\", \"笔数\": \"35\", \"金额\": \"405.89999999999998\", \"兑换金额\": \"0\", \"商品编号\": \"00391\"}, {\"单价\": \"20\", \"商品\": \"白蝦肉200g\", \"序号\": \"11\", \"数量\": \"20\", \"笔数\": \"17\", \"金额\": \"400\", \"兑换金额\": \"0\", \"商品编号\": \"00154\"}, {\"单价\": \"9\", \"商品\": \"蒜頭220g\", \"序号\": \"12\", \"数量\": \"44\", \"笔数\": \"38\", \"金额\": \"396\", \"兑换金额\": \"0\", \"商品编号\": \"00117\"}, {\"单价\": \"5.1\", \"商品\": \"胡蘿蔔(紅蘿蔔)\", \"序号\": \"13\", \"数量\": \"77.56870000000001\", \"笔数\": \"78\", \"金额\": \"395.60000000000002\", \"兑换金额\": \"0\", \"商品编号\": \"00047\"}, {\"单价\": \"71.9984\", \"商品\": \"一字排\", \"序号\": \"14\", \"数量\": \"5.4154\", \"笔数\": \"6\", \"金额\": \"389.89999999999998\", \"兑换金额\": \"0\", \"商品编号\": \"00282\"}, {\"单价\": \"13.9392\", \"商品\": \"小藍莓\", \"序号\": \"15\", \"数量\": \"27.6916\", \"笔数\": \"15\", \"金额\": \"386\", \"兑换金额\": \"0\", \"商品编号\": \"00467\"}, {\"单价\": \"52\", \"商品\": \"龍崗雞\", \"序号\": \"16\", \"数量\": \"7\", \"笔数\": \"6\", \"金额\": \"364\", \"兑换金额\": \"0\", \"商品编号\": \"00649\"}, {\"单价\": \"31.028400000000001\", \"商品\": \"士多啤梨\", \"序号\": \"17\", \"数量\": \"11.28\", \"笔数\": \"10\", \"金额\": \"350\", \"兑换金额\": \"0\", \"商品编号\": \"00404\"}, {\"单价\": \"6.3554\", \"商品\": \"芭樂\", \"序号\": \"18\", \"数量\": \"54.2846\", \"笔数\": \"19\", \"金额\": \"345\", \"兑换金额\": \"0\", \"商品编号\": \"00410\"}, {\"单价\": \"10.4\", \"商品\": \"薑(生薑)300g\", \"序号\": \"19\", \"数量\": \"33\", \"笔数\": \"33\", \"金额\": \"343.19999999999999\", \"兑换金额\": \"0\", \"商品编号\": \"00116\"}, {\"单价\": \"18\", \"商品\": \"鮮雞蛋\", \"序号\": \"20\", \"数量\": \"18\", \"笔数\": \"16\", \"金额\": \"324\", \"兑换金额\": \"0\", \"商品编号\": \"00566\"}, {\"单价\": \"13.4866\", \"商品\": \"苦瓜\", \"序号\": \"21\", \"数量\": \"23.6087\", \"笔数\": \"55\", \"金额\": \"318.39999999999998\", \"兑换金额\": \"0\", \"商品编号\": \"00025\"}, {\"单价\": \"5.8001\", \"商品\": \"唐生菜300g\", \"序号\": \"22\", \"数量\": \"54.4644\", \"笔数\": \"66\", \"金额\": \"315.89999999999998\", \"兑换金额\": \"0\", \"商品编号\": \"00079\"}, {\"单价\": \"48.0015000000000001\", \"商品\": \"三黃雞\", \"序号\": \"23\", \"数量\": \"6.4998\", \"笔数\": \"6\", \"金额\": \"312\", \"兑换金额\": \"0\", \"商品编号\": \"00648\"}, {\"单价\": \"5.9219\", \"商品\": \"散裝金桔\", \"序号\": \"24\", \"数量\": \"51.2846\", \"笔数\": \"31\", \"金额\": \"303.69999999999999\", \"兑换金额\": \"0\", \"商品编号\": \"00652\"}, {\"单价\": \"40\", \"商品\": \"鯇魚\", \"序号\": \"25\", \"数量\": \"7.185\", \"笔数\": \"8\", \"金额\": \"287.39999999999998\", \"兑换金额\": \"0\", \"商品编号\": \"00210\"}, {\"单价\": \"58.0013000000000005\", \"商品\": \"免治豬肉\", \"序号\": \"26\", \"数量\": \"4.9292\", \"笔数\": \"9\", \"金额\": \"285.89999999999998\", \"兑换金额\": \"0\", \"商品编号\": \"00281\"}, {\"单价\": \"9.0381\", \"商品\": \"青瓜\", \"序号\": \"27\", \"数量\": \"31.4448\", \"笔数\": \"34\", \"金额\": \"284.19999999999999\", \"兑换金额\": \"0\", \"商品编号\": \"00084\"}, {\"单价\": \"9.2002\", \"商品\": \"白蘑菇200g\", \"序号\": \"28\", \"数量\": \"30.608\", \"笔数\": \"25\", \"金额\": \"281.60000000000002\", \"兑换金额\": \"0\", \"商品编号\": \"00061\"}, {\"单价\": \"7.422\", \"商品\": \"上海青苗300g\", \"序号\": \"29\", \"数量\": \"37.6985\", \"笔数\": \"37\", \"金额\": \"279.80000000000001\", \"兑换金额\": \"0\", \"商品编号\": \"00019\"}, {\"单价\": \"10.4003\", \"商品\": \"沙律菜-帶醬150g\", \"序号\": \"30\", \"数量\": \"25.7013\", \"笔数\": \"24\", \"金额\": \"267.30000000000001\", \"兑换金额\": \"0\", \"商品编号\": \"00075\"}, {\"单价\": \"8.2628\", \"商品\": \"芥蘭苗300g\", \"序号\": \"31\", \"数量\": \"31.551\", \"笔数\": \"28\", \"金额\": \"260.69999999999999\", \"兑换金额\": \"0\", \"商品编号\": \"00014\"}, {\"单价\": \"9.0267\", \"商品\": \"唐生菜苗250g\", \"序号\": \"32\", \"数量\": \"28.083500000000001\", \"笔数\": \"36\", \"金额\": \"253.5\", \"兑换金额\": \"0\", \"商品编号\": \"00303\"}, {\"单价\": \"8.317\", \"商品\": \"茄子(紫)\", \"序号\": \"33\", \"数量\": \"30.4197\", \"笔数\": \"48\", \"金额\": \"253\", \"兑换金额\": \"0\", \"商品编号\": \"00029\"}, {\"单价\": \"5.9999\", \"商品\": \"蜜蜂橙\", \"序号\": \"34\", \"数量\": \"41.6675\", \"笔数\": \"21\", \"金额\": \"250\", \"兑换金额\": \"0\", \"商品编号\": \"00399\"}, {\"单价\": \"5.8676\", \"商品\": \"馬鈴薯\", \"序号\": \"35\", \"数量\": \"42.2657\", \"笔数\": \"37\", \"金额\": \"248\", \"兑换金额\": \"0\", \"商品编号\": \"00051\"}, {\"单价\": \"12.6\", \"商品\": \"芋頭\", \"序号\": \"36\", \"数量\": \"18.9127\", \"笔数\": \"20\", \"金额\": \"238.30000000000001\", \"兑换金额\": \"0\", \"商品编号\": \"00052\"}, {\"单价\": \"5\", \"商品\": \"白洋蔥\", \"序号\": \"37\", \"数量\": \"47.28\", \"笔数\": \"49\", \"金额\": \"236.40000000000001\", \"兑换金额\": \"0\", \"商品编号\": \"00073\"}, {\"单价\": \"6.5771\", \"商品\": \"青通300g\", \"序号\": \"38\", \"数量\": \"34.5896\", \"笔数\": \"31\", \"金额\": \"227.5\", \"兑换金额\": \"0\", \"商品编号\": \"00017\"}, {\"单价\": \"6.5\", \"商品\": \"番茄(粉)350g\", \"序号\": \"39\", \"数量\": \"35\", \"笔数\": \"30\", \"金额\": \"227.5\", \"兑换金额\": \"0\", \"商品编号\": \"00030\"}, {\"单价\": \"3.5\", \"商品\": \"芫茜70g\", \"序号\": \"40\", \"数量\": \"65\", \"笔数\": \"53\", \"金额\": \"227.5\", \"兑换金额\": \"0\", \"商品编号\": \"00307\"}, {\"单价\": \"10.4998\", \"商品\": \"菠菜苗300g\", \"序号\": \"41\", \"数量\": \"21.429\", \"笔数\": \"28\", \"金额\": \"225\", \"兑换金额\": \"0\", \"商品编号\": \"00006\"}, {\"单价\": \"13.00050000000000061\", \"商品\": \"水果椒250g\", \"序号\": \"42\", \"数量\": \"17.307\", \"笔数\": \"18\", \"金额\": \"225\", \"兑换金额\": \"0\", \"商品编号\": \"00107\"}, {\"单价\": \"13.6765\", \"商品\": \"菠蘿蜜\", \"序号\": \"43\", \"数量\": \"16.085999999999999\", \"笔数\": \"14\", \"金额\": \"220\", \"兑换金额\": \"0\", \"商品编号\": \"00462\"}, {\"单价\": \"8.8441\", \"商品\": \"水果油瓜400g\", \"序号\": \"44\", \"数量\": \"24.717\", \"笔数\": \"26\", \"金额\": \"218.59999999999999\", \"兑换金额\": \"0\", \"商品编号\": \"00266\"}, {\"单价\": \"2.5\", \"商品\": \"檸檬\", \"序号\": \"45\", \"数量\": \"86.40000000000001\", \"笔数\": \"16\", \"金额\": \"216\", \"兑换金额\": \"0\", \"商品编号\": \"00446\"}, {\"单价\": \"8.2004\", \"商品\": \"白豆角300g\", \"序号\": \"46\", \"数量\": \"25.6084\", \"笔数\": \"28\", \"金额\": \"210\", \"兑换金额\": \"0\", \"商品编号\": \"00036\"}, {\"单价\": \"7.5899\", \"商品\": \"木瓜\", \"序号\": \"47\", \"数量\": \"27.6684\", \"笔数\": \"17\", \"金额\": \"210\", \"兑换金额\": \"0\", \"商品编号\": \"00193\"}, {\"单价\": \"4.2\", \"商品\": \"京包\", \"序号\": \"48\", \"数量\": \"49.4286\", \"笔数\": \"30\", \"金额\": \"207.59999999999999\", \"兑换金额\": \"0\", \"商品编号\": \"00007\"}, {\"单价\": \"8.6\", \"商品\": \"板栗南瓜\", \"序号\": \"49\", \"数量\": \"24.0581\", \"笔数\": \"14\", \"金额\": \"206.90000000000001\", \"兑换金额\": \"0\", \"商品编号\": \"00086\"}, {\"单价\": \"67.99930000000001\", \"商品\": \"霖肉\", \"序号\": \"50\", \"数量\": \"3.0015000000000001\", \"笔数\": \"5\", \"金额\": \"204.099999999999994\", \"兑换金额\": \"0\", \"商品编号\": \"00280\"}, {\"单价\": \"25\", \"商品\": \"日本白蛋10只\", \"序号\": \"51\", \"数量\": \"8\", \"笔数\": \"8\", \"金额\": \"200\", \"兑换金额\": \"0\", \"商品编号\": \"00217\"}, {\"单价\": \"6.1\", \"商品\": \"聖女果300g\", \"序号\": \"52\", \"数量\": \"32.4588\", \"笔数\": \"31\", \"金额\": \"198\", \"兑换金额\": \"0\", \"商品编号\": \"00392\"}, {\"单价\": \"9\", \"商品\": \"大牛油果\", \"序号\": \"53\", \"数量\": \"21.4445\", \"笔数\": \"6\", \"金额\": \"193\", \"兑换金额\": \"0\", \"商品编号\": \"00486\"}, {\"单价\": \"6.6003\", \"商品\": \"番茄350g\", \"序号\": \"54\", \"数量\": \"29.1655\", \"笔数\": \"31\", \"金额\": \"192.5\", \"兑换金额\": \"0\", \"商品编号\": \"00089\"}, {\"单价\": \"9.1429\", \"商品\": \"鹽水花生\", \"序号\": \"55\", \"数量\": \"21\", \"笔数\": \"17\", \"金额\": \"192\", \"兑换金额\": \"0\", \"商品编号\": \"00470\"}, {\"单价\": \"7.6729\", \"商品\": \"菜心苗300g\", \"序号\": \"56\", \"数量\": \"24.7625\", \"笔数\": \"17\", \"金额\": \"190\", \"兑换金额\": \"0\", \"商品编号\": \"00022\"}, {\"单价\": \"41.9998\", \"商品\": \"沙鑽魚\", \"序号\": \"57\", \"数量\": \"4.4905\", \"笔数\": \"8\", \"金额\": \"188.59999999999999\", \"兑换金额\": \"0\", \"商品编号\": \"00668\"}, {\"单价\": \"17.2993\", \"商品\": \"串茄198g\", \"序号\": \"58\", \"数量\": \"10.8097\", \"笔数\": \"10\", \"金额\": \"187\", \"兑换金额\": \"0\", \"商品编号\": \"00309\"}, {\"单价\": \"9\", \"商品\": \"牛奶蕉\", \"序号\": \"59\", \"数量\": \"20.3445\", \"笔数\": \"13\", \"金额\": \"183.099999999999994\", \"兑换金额\": \"0\", \"商品编号\": \"00468\"}, {\"单价\": \"34.9994\", \"商品\": \"豬潤\", \"序号\": \"60\", \"数量\": \"5.1258\", \"笔数\": \"10\", \"金额\": \"179.40000000000001\", \"兑换金额\": \"0\", \"商品编号\": \"00268\"}, {\"单价\": \"72.00060000000000571\", \"商品\": \"文昌雞1.1-1.3KG\", \"序号\": \"61\", \"数量\": \"2.4722\", \"笔数\": \"2\", \"金额\": \"178\", \"兑换金额\": \"0\", \"商品编号\": \"00319\"}, {\"单价\": \"7.5\", \"商品\": \"辣椒(杭椒)250g\", \"序号\": \"62\", \"数量\": \"23\", \"笔数\": \"16\", \"金额\": \"172.5\", \"兑换金额\": \"0\", \"商品编号\": \"00111\"}, {\"单价\": \"6.9526\", \"商品\": \"上海青300g\", \"序号\": \"63\", \"数量\": \"24.6814\", \"笔数\": \"33\", \"金额\": \"171.59999999999999\", \"兑换金额\": \"0\", \"商品编号\": \"00018\"}, {\"单价\": \"40\", \"商品\": \"大頭魚\", \"序号\": \"64\", \"数量\": \"4.27\", \"笔数\": \"5\", \"金额\": \"170.80000000000001\", \"兑换金额\": \"0\", \"商品编号\": \"00289\"}, {\"单价\": \"8.8999\", \"商品\": \"玉米(甜)\", \"序号\": \"65\", \"数量\": \"18.899\", \"笔数\": \"26\", \"金额\": \"168.19999999999999\", \"兑换金额\": \"0\", \"商品编号\": \"00033\"}, {\"单价\": \"4.1001\", \"商品\": \"小土豆400g\", \"序号\": \"66\", \"数量\": \"40.9016\", \"笔数\": \"31\", \"金额\": \"167.69999999999999\", \"兑换金额\": \"0\", \"商品编号\": \"00096\"}, {\"单价\": \"16.5998\", \"商品\": \"三色彩椒550g\", \"序号\": \"67\", \"数量\": \"9.8736\", \"笔数\": \"11\", \"金额\": \"163.90000000000001\", \"兑换金额\": \"0\", \"商品编号\": \"00112\"}, {\"单价\": \"23.2558\", \"商品\": \"蘆筍200g\", \"序号\": \"68\", \"数量\": \"6.88\", \"笔数\": \"10\", \"金额\": \"160\", \"兑换金额\": \"0\", \"商品编号\": \"00050\"}, {\"单价\": \"7.3968\", \"商品\": \"黄秋葵200g\", \"序号\": \"69\", \"数量\": \"20.8198\", \"笔数\": \"20\", \"金额\": \"154\", \"兑换金额\": \"0\", \"商品编号\": \"00088\"}, {\"单价\": \"7\", \"商品\": \"百福蒸煮豆腐350ml/盒\", \"序号\": \"70\", \"数量\": \"22\", \"笔数\": \"19\", \"金额\": \"154\", \"兑换金额\": \"0\", \"商品编号\": \"00189\"}, {\"单价\": \"9.4999\", \"商品\": \"油麥菜苗250g\", \"序号\": \"71\", \"数量\": \"15.9159\", \"笔数\": \"20\", \"金额\": \"151.19999999999999\", \"兑换金额\": \"0\", \"商品编号\": \"00304\"}, {\"单价\": \"5.9\", \"商品\": \"地瓜葉300g\", \"序号\": \"72\", \"数量\": \"25.1694\", \"笔数\": \"24\", \"金额\": \"148.5\", \"兑换金额\": \"0\", \"商品编号\": \"00077\"}, {\"单价\": \"52.014699999999998\", \"商品\": \"肉眼（肉扒）\", \"序号\": \"73\", \"数量\": \"2.8242\", \"笔数\": \"4\", \"金额\": \"146.90000000000001\", \"兑换金额\": \"0\", \"商品编号\": \"00273\"}, {\"单价\": \"9.5004\", \"商品\": \"大紅椒250g\", \"序号\": \"74\", \"数量\": \"15.2099\", \"笔数\": \"4\", \"金额\": \"144.5\", \"兑换金额\": \"0\", \"商品编号\": \"00109\"}, {\"单价\": \"12.6004\", \"商品\": \"甜豆300g\", \"序号\": \"75\", \"数量\": \"11.4282\", \"笔数\": \"17\", \"金额\": \"144\", \"兑换金额\": \"0\", \"商品编号\": \"00039\"}, {\"单价\": \"37.9987\", \"商品\": \"竹絲雞（小 ）0.9-1.0KG\", \"序号\": \"76\", \"数量\": \"3.7896\", \"笔数\": \"4\", \"金额\": \"144\", \"兑换金额\": \"0\", \"商品编号\": \"00316\"}, {\"单价\": \"12\", \"商品\": \"菠蘿\", \"序号\": \"77\", \"数量\": \"12\", \"笔数\": \"12\", \"金额\": \"144\", \"兑换金额\": \"0\", \"商品编号\": \"00439\"}, {\"单价\": \"4.1002\", \"商品\": \"珠蔥150g\", \"序号\": \"78\", \"数量\": \"34.2914\", \"笔数\": \"31\", \"金额\": \"140.59999999999999\", \"兑换金额\": \"0\", \"商品编号\": \"00067\"}, {\"单价\": \"8.2997\", \"商品\": \"娃娃菜（三個装）\", \"序号\": \"79\", \"数量\": \"16.868\", \"笔数\": \"20\", \"金额\": \"140\", \"兑换金额\": \"0\", \"商品编号\": \"00001\"}, {\"单价\": \"4.4\", \"商品\": \"冬瓜\", \"序号\": \"80\", \"数量\": \"31.7046\", \"笔数\": \"22\", \"金额\": \"139.5\", \"兑换金额\": \"0\", \"商品编号\": \"00023\"}, {\"单价\": \"29.9996\", \"商品\": \"星鱸\", \"序号\": \"81\", \"数量\": \"4.6434\", \"笔数\": \"5\", \"金额\": \"139.30000000000001\", \"兑换金额\": \"0\", \"商品编号\": \"00226\"}, {\"单价\": \"5.7999\", \"商品\": \"湖南椒250g\", \"序号\": \"82\", \"数量\": \"23.7075\", \"笔数\": \"16\", \"金额\": \"137.5\", \"兑换金额\": \"0\", \"商品编号\": \"00065\"}, {\"单价\": \"8.5\", \"商品\": \"豆蔔1份\", \"序号\": \"83\", \"数量\": \"16\", \"笔数\": \"15\", \"金额\": \"136\", \"兑换金额\": \"0\", \"商品编号\": \"00194\"}, {\"单价\": \"6.8\", \"商品\": \"攸縣香干200g/袋\", \"序号\": \"84\", \"数量\": \"20\", \"笔数\": \"20\", \"金额\": \"136\", \"兑换金额\": \"0\", \"商品编号\": \"00342\"}, {\"单价\": \"20.3191\", \"商品\": \"枇杷\", \"序号\": \"85\", \"数量\": \"6.644\", \"笔数\": \"6\", \"金额\": \"135\", \"兑换金额\": \"0\", \"商品编号\": \"00395\"}, {\"单价\": \"8.9002\", \"商品\": \"荷蘭豆200g\", \"序号\": \"86\", \"数量\": \"14.9435\", \"笔数\": \"16\", \"金额\": \"133\", \"兑换金额\": \"0\", \"商品编号\": \"00037\"}, {\"单价\": \"13.9374\", \"商品\": \"鮮淮山\", \"序号\": \"87\", \"数量\": \"9.5355\", \"笔数\": \"9\", \"金额\": \"132.90000000000001\", \"兑换金额\": \"0\", \"商品编号\": \"00095\"}, {\"单价\": \"8.1843\", \"商品\": \"菜心300g\", \"序号\": \"88\", \"数量\": \"15.8841\", \"笔数\": \"15\", \"金额\": \"130\", \"兑换金额\": \"0\", \"商品编号\": \"00021\"}, {\"单价\": \"12.2002\", \"商品\": \"板栗肉200g\", \"序号\": \"89\", \"数量\": \"10.6392\", \"笔数\": \"11\", \"金额\": \"129.80000000000001\", \"兑换金额\": \"0\", \"商品编号\": \"00038\"}, {\"单价\": \"10.887\", \"商品\": \"福建花(散花）\", \"序号\": \"90\", \"数量\": \"11.7204\", \"笔数\": \"14\", \"金额\": \"127.59999999999999\", \"兑换金额\": \"0\", \"商品编号\": \"00386\"}, {\"单价\": \"25\", \"商品\": \"羅非魚\", \"序号\": \"91\", \"数量\": \"5.084\", \"笔数\": \"6\", \"金额\": \"127.099999999999994\", \"兑换金额\": \"0\", \"商品编号\": \"00292\"}, {\"单价\": \"7.0001\", \"商品\": \"指天椒100g\", \"序号\": \"92\", \"数量\": \"18.071100000000001\", \"笔数\": \"22\", \"金额\": \"126.5\", \"兑换金额\": \"0\", \"商品编号\": \"00108\"}, {\"单价\": \"3.4001\", \"商品\": \"金針菇200g\", \"序号\": \"93\", \"数量\": \"36.8808\", \"笔数\": \"24\", \"金额\": \"125.40000000000001\", \"兑换金额\": \"0\", \"商品编号\": \"00100\"}, {\"单价\": \"7.8\", \"商品\": \"南瓜(貝貝南瓜)\", \"序号\": \"94\", \"数量\": \"15.8206\", \"笔数\": \"16\", \"金额\": \"123.40000000000001\", \"兑换金额\": \"0\", \"商品编号\": \"00085\"}, {\"单价\": \"7.7\", \"商品\": \"西芹\", \"序号\": \"95\", \"数量\": \"15.7012\", \"笔数\": \"30\", \"金额\": \"120.90000000000001\", \"兑换金额\": \"0\", \"商品编号\": \"00069\"}, {\"单价\": \"103.4808\", \"商品\": \"梅頭瘦肉\", \"序号\": \"96\", \"数量\": \"1.1664\", \"笔数\": \"3\", \"金额\": \"120.7\", \"兑换金额\": \"0\", \"商品编号\": \"00283\"}, {\"单价\": \"5.1\", \"商品\": \"辣椒(螺絲椒)250g\", \"序号\": \"97\", \"数量\": \"23.5296\", \"笔数\": \"15\", \"金额\": \"120\", \"兑换金额\": \"0\", \"商品编号\": \"00064\"}, {\"单价\": \"4.0998\", \"商品\": \"綠豆芽300g\", \"序号\": \"98\", \"数量\": \"29.0258\", \"笔数\": \"31\", \"金额\": \"119\", \"兑换金额\": \"0\", \"商品编号\": \"00055\"}, {\"单价\": \"9.1649\", \"商品\": \"學鬥白菜300g\", \"序号\": \"99\", \"数量\": \"12.9298\", \"笔数\": \"14\", \"金额\": \"118.5\", \"兑换金额\": \"0\", \"商品编号\": \"00390\"}, {\"单价\": \"49.1776\", \"商品\": \"白倉魚\", \"序号\": \"100\", \"数量\": \"2.4015\", \"笔数\": \"4\", \"金额\": \"118.099999999999994\", \"兑换金额\": \"0\", \"商品编号\": \"00667\"}, {\"单价\": \"4.3607\", \"商品\": \"白蘿蔔\", \"序号\": \"101\", \"数量\": \"26.4864\", \"笔数\": \"23\", \"金额\": \"115.5\", \"兑换金额\": \"0\", \"商品编号\": \"00045\"}, {\"单价\": \"9.8995\", \"商品\": \"大蔥\", \"序号\": \"102\", \"数量\": \"11.6066\", \"笔数\": \"16\", \"金额\": \"114.90000000000001\", \"兑换金额\": \"0\", \"商品编号\": \"00068\"}, {\"单价\": \"8.6348\", \"商品\": \"毛瓜\", \"序号\": \"103\", \"数量\": \"13.0518\", \"笔数\": \"16\", \"金额\": \"112.7\", \"兑换金额\": \"0\", \"商品编号\": \"00083\"}, {\"单价\": \"11.2999\", \"商品\": \"毛豆500g\", \"序号\": \"104\", \"数量\": \"9.9558\", \"笔数\": \"8\", \"金额\": \"112.5\", \"兑换金额\": \"0\", \"商品编号\": \"00092\"}, {\"单价\": \"5\", \"商品\": \"小旺菜\", \"序号\": \"105\", \"数量\": \"22.46\", \"笔数\": \"17\", \"金额\": \"112.3\", \"兑换金额\": \"0\", \"商品编号\": \"00004\"}, {\"单价\": \"3.9205\", \"商品\": \"木耳200g\", \"序号\": \"106\", \"数量\": \"27.8536\", \"笔数\": \"3\", \"金额\": \"109.2\", \"兑换金额\": \"0\", \"商品编号\": \"00062\"}, {\"单价\": \"10.7001\", \"商品\": \"四季豆450g\", \"序号\": \"107\", \"数量\": \"9.813\", \"笔数\": \"10\", \"金额\": \"105\", \"兑换金额\": \"0\", \"商品编号\": \"00034\"}, {\"单价\": \"7.8997\", \"商品\": \"冬菇200g\", \"序号\": \"108\", \"数量\": \"13.2916\", \"笔数\": \"13\", \"金额\": \"105\", \"兑换金额\": \"0\", \"商品编号\": \"00101\"}, {\"单价\": \"10.6003\", \"商品\": \"馬蹄500g\", \"序号\": \"109\", \"数量\": \"9.8582\", \"笔数\": \"11\", \"金额\": \"104.5\", \"兑换金额\": \"0\", \"商品编号\": \"00041\"}, {\"单价\": \"7.1\", \"商品\": \"紅菜頭\", \"序号\": \"110\", \"数量\": \"14.6901\", \"笔数\": \"14\", \"金额\": \"104.3\", \"兑换金额\": \"0\", \"商品编号\": \"00048\"}, {\"单价\": \"60.4825\", \"商品\": \"五花腩\", \"序号\": \"111\", \"数量\": \"1.7162\", \"笔数\": \"2\", \"金额\": \"103.8\", \"兑换金额\": \"0\", \"商品编号\": \"00284\"}, {\"单价\": \"13.6999\", \"商品\": \"粉葛\", \"序号\": \"112\", \"数量\": \"7.5037\", \"笔数\": \"6\", \"金额\": \"102.8\", \"兑换金额\": \"0\", \"商品编号\": \"00060\"}, {\"单价\": \"10.3352\", \"商品\": \"椰菜花(白花菜)\", \"序号\": \"113\", \"数量\": \"9.9369\", \"笔数\": \"10\", \"金额\": \"102.7\", \"兑换金额\": \"0\", \"商品编号\": \"00011\"}, {\"单价\": \"5.8\", \"商品\": \"胡蘿蔔(泥紅蘿蔔)\", \"序号\": \"114\", \"数量\": \"17.1379\", \"笔数\": \"27\", \"金额\": \"99.40000000000001\", \"兑换金额\": \"0\", \"商品编号\": \"00046\"}, {\"单价\": \"8.8999\", \"商品\": \"糖心蜜薯\", \"序号\": \"115\", \"数量\": \"10.9327\", \"笔数\": \"10\", \"金额\": \"97.3\", \"兑换金额\": \"0\", \"商品编号\": \"00093\"}, {\"单价\": \"97.9996\", \"商品\": \"飛排\", \"序号\": \"116\", \"数量\": \"0.9898\", \"笔数\": \"2\", \"金额\": \"97\", \"兑换金额\": \"0\", \"商品编号\": \"00279\"}, {\"单价\": \"8\", \"商品\": \"百福硬豆腐340g/盒\", \"序号\": \"117\", \"数量\": \"12\", \"笔数\": \"8\", \"金额\": \"96\", \"兑换金额\": \"0\", \"商品编号\": \"00188\"}, {\"单价\": \"7.9\", \"商品\": \"小咖啡菇200g\", \"序号\": \"118\", \"数量\": \"12\", \"笔数\": \"11\", \"金额\": \"94.8\", \"兑换金额\": \"0\", \"商品编号\": \"00118\"}, {\"单价\": \"6.2971\", \"商品\": \"油麥菜300g\", \"序号\": \"119\", \"数量\": \"14.864\", \"笔数\": \"18\", \"金额\": \"93.59999999999999\", \"兑换金额\": \"0\", \"商品编号\": \"00020\"}, {\"单价\": \"8.7957\", \"商品\": \"秀珍菇150g\", \"序号\": \"120\", \"数量\": \"10.6416\", \"笔数\": \"11\", \"金额\": \"93.59999999999999\", \"兑换金额\": \"0\", \"商品编号\": \"00322\"}, {\"单价\": \"8.2996\", \"商品\": \"毛豆仁200g\", \"序号\": \"121\", \"数量\": \"11.2776\", \"笔数\": \"9\", \"金额\": \"93.59999999999999\", \"兑换金额\": \"0\", \"商品编号\": \"00372\"}, {\"单价\": \"8.5\", \"商品\": \"上海水餃皮（白圓皮）350g\", \"序号\": \"122\", \"数量\": \"11\", \"笔数\": \"9\", \"金额\": \"93.5\", \"兑换金额\": \"0\", \"商品编号\": \"00206\"}, {\"单价\": \"8.5\", \"商品\": \"長水瓜\", \"序号\": \"123\", \"数量\": \"10.8353\", \"笔数\": \"13\", \"金额\": \"92.099999999999994\", \"兑换金额\": \"0\", \"商品编号\": \"00031\"}, {\"单价\": \"88.0031000000000034\", \"商品\": \"豬展\", \"序号\": \"124\", \"数量\": \"1.0261\", \"笔数\": \"3\", \"金额\": \"90.3\", \"兑换金额\": \"0\", \"商品编号\": \"00263\"}, {\"单价\": \"7.5679\", \"商品\": \"雞毛菜300g\", \"序号\": \"125\", \"数量\": \"11.8924\", \"笔数\": \"7\", \"金额\": \"90\", \"兑换金额\": \"0\", \"商品编号\": \"00327\"}, {\"单价\": \"10.5\", \"商品\": \"蓮藕\", \"序号\": \"126\", \"数量\": \"8.4095\", \"笔数\": \"9\", \"金额\": \"88.3\", \"兑换金额\": \"0\", \"商品编号\": \"00094\"}, {\"单价\": \"13.0063999999999993\", \"商品\": \"鮮鐵棍淮山\", \"序号\": \"127\", \"数量\": \"6.7582\", \"笔数\": \"8\", \"金额\": \"87.90000000000001\", \"兑换金额\": \"0\", \"商品编号\": \"00049\"}, {\"单价\": \"3.5999\", \"商品\": \"芹菜150g\", \"序号\": \"128\", \"数量\": \"23.334\", \"笔数\": \"23\", \"金额\": \"84\", \"兑换金额\": \"0\", \"商品编号\": \"00119\"}, {\"单价\": \"42\", \"商品\": \"豬肚（個）\", \"序号\": \"129\", \"数量\": \"2\", \"笔数\": \"2\", \"金额\": \"84\", \"兑换金额\": \"0\", \"商品编号\": \"00251\"}, {\"单价\": \"12\", \"商品\": \"鵪鶉蛋\", \"序号\": \"130\", \"数量\": \"7\", \"笔数\": \"7\", \"金额\": \"84\", \"兑换金额\": \"0\", \"商品编号\": \"00564\"}, {\"单价\": \"5.8\", \"商品\": \"洋蔥(紅)\", \"序号\": \"131\", \"数量\": \"14.2759\", \"笔数\": \"15\", \"金额\": \"82.8\", \"兑换金额\": \"0\", \"商品编号\": \"00074\"}, {\"单价\": \"77.99939999999999\", \"商品\": \"排骨頭\", \"序号\": \"132\", \"数量\": \"1.0577\", \"笔数\": \"1\", \"金额\": \"82.5\", \"兑换金额\": \"0\", \"商品编号\": \"00260\"}, {\"单价\": \"7.5131\", \"商品\": \"萵筍\", \"序号\": \"133\", \"数量\": \"10.9409\", \"笔数\": \"14\", \"金额\": \"82.2\", \"兑换金额\": \"0\", \"商品编号\": \"00325\"}, {\"单价\": \"6.0001\", \"商品\": \"富士苹果\", \"序号\": \"134\", \"数量\": \"13.3332\", \"笔数\": \"3\", \"金额\": \"80\", \"兑换金额\": \"0\", \"商品编号\": \"00427\"}, {\"单价\": \"12.2033\", \"商品\": \"金奇異果\", \"序号\": \"135\", \"数量\": \"6.5556\", \"笔数\": \"2\", \"金额\": \"80\", \"兑换金额\": \"0\", \"商品编号\": \"00556\"}, {\"单价\": \"6.4869\", \"商品\": \"韭王150g\", \"序号\": \"136\", \"数量\": \"12.0243\", \"笔数\": \"11\", \"金额\": \"78\", \"兑换金额\": \"0\", \"商品编号\": \"00070\"}, {\"单价\": \"12.6\", \"商品\": \"百合四頭\", \"序号\": \"137\", \"数量\": \"6\", \"笔数\": \"6\", \"金额\": \"75.59999999999999\", \"兑换金额\": \"0\", \"商品编号\": \"00362\"}, {\"单价\": \"5.4999\", \"商品\": \"羽衣甘藍150g\", \"序号\": \"138\", \"数量\": \"13.6365\", \"笔数\": \"9\", \"金额\": \"75\", \"兑换金额\": \"0\", \"商品编号\": \"00009\"}, {\"单价\": \"9.2891\", \"商品\": \"茼蒿300g\", \"序号\": \"139\", \"数量\": \"8.074\", \"笔数\": \"9\", \"金额\": \"75\", \"兑换金额\": \"0\", \"商品编号\": \"00401\"}, {\"单价\": \"62.003300000000003\", \"商品\": \"西施\", \"序号\": \"140\", \"数量\": \"1.208\", \"笔数\": \"2\", \"金额\": \"74.90000000000001\", \"兑换金额\": \"0\", \"商品编号\": \"00287\"}, {\"单价\": \"4.7\", \"商品\": \"大白菜\", \"序号\": \"141\", \"数量\": \"15.4682\", \"笔数\": \"8\", \"金额\": \"72.7\", \"兑换金额\": \"0\", \"商品编号\": \"00003\"}, {\"单价\": \"8\", \"商品\": \"佛手瓜\", \"序号\": \"142\", \"数量\": \"9.0375\", \"笔数\": \"12\", \"金额\": \"72.3\", \"兑换金额\": \"0\", \"商品编号\": \"00040\"}, {\"单价\": \"4.8\", \"商品\": \"杭白菜300g\", \"序号\": \"143\", \"数量\": \"15\", \"笔数\": \"1\", \"金额\": \"72\", \"兑换金额\": \"0\", \"商品编号\": \"00076\"}, {\"单价\": \"9\", \"商品\": \"鹹蛋4只\", \"序号\": \"144\", \"数量\": \"8\", \"笔数\": \"8\", \"金额\": \"72\", \"兑换金额\": \"0\", \"商品编号\": \"00147\"}, {\"单价\": \"8.2996\", \"商品\": \"豌豆仁200g\", \"序号\": \"145\", \"数量\": \"8.4582\", \"笔数\": \"9\", \"金额\": \"70.2\", \"兑换金额\": \"0\", \"商品编号\": \"00373\"}, {\"单价\": \"9.2998\", \"商品\": \"真空淮山肉300g\", \"序号\": \"146\", \"数量\": \"7.312\", \"笔数\": \"7\", \"金额\": \"68\", \"兑换金额\": \"0\", \"商品编号\": \"00312\"}, {\"单价\": \"6.7\", \"商品\": \"攸縣白干200g/袋\", \"序号\": \"147\", \"数量\": \"10\", \"笔数\": \"8\", \"金额\": \"67\", \"兑换金额\": \"0\", \"商品编号\": \"00341\"}, {\"单价\": \"7.6\", \"商品\": \"紫椰菜\", \"序号\": \"148\", \"数量\": \"8.6316\", \"笔数\": \"6\", \"金额\": \"65.59999999999999\", \"兑换金额\": \"0\", \"商品编号\": \"00008\"}, {\"单价\": \"48.3619\", \"商品\": \"豬展骨\", \"序号\": \"149\", \"数量\": \"1.3461\", \"笔数\": \"2\", \"金额\": \"65.099999999999994\", \"兑换金额\": \"0\", \"商品编号\": \"00246\"}, {\"单价\": \"11.522\", \"商品\": \"皇帝菜苗300g\", \"序号\": \"150\", \"数量\": \"5.6414\", \"笔数\": \"9\", \"金额\": \"65\", \"兑换金额\": \"0\", \"商品编号\": \"00324\"}, {\"单价\": \"6.1001\", \"商品\": \"芋仔300g\", \"序号\": \"151\", \"数量\": \"10.6392\", \"笔数\": \"8\", \"金额\": \"64.90000000000001\", \"兑换金额\": \"0\", \"商品编号\": \"00097\"}, {\"单价\": \"9.2\", \"商品\": \"玉米筍200g\", \"序号\": \"152\", \"数量\": \"7\", \"笔数\": \"7\", \"金额\": \"64.40000000000001\", \"兑换金额\": \"0\", \"商品编号\": \"00032\"}, {\"单价\": \"8.9004\", \"商品\": \"紫薯500g\", \"序号\": \"153\", \"数量\": \"7.1008\", \"笔数\": \"8\", \"金额\": \"63.2\", \"兑换金额\": \"0\", \"商品编号\": \"00387\"}, {\"单价\": \"7.9\", \"商品\": \"人參白薯\", \"序号\": \"154\", \"数量\": \"8\", \"笔数\": \"6\", \"金额\": \"63.2\", \"兑换金额\": \"0\", \"商品编号\": \"00497\"}, {\"单价\": \"61.9996\", \"商品\": \"脊骨\", \"序号\": \"155\", \"数量\": \"0.9742\", \"笔数\": \"1\", \"金额\": \"60.4\", \"兑换金额\": \"0\", \"商品编号\": \"00264\"}, {\"单价\": \"10.4004\", \"商品\": \"鮮蘑菇(咖啡菇)200g\", \"序号\": \"156\", \"数量\": \"5.769\", \"笔数\": \"6\", \"金额\": \"60\", \"兑换金额\": \"0\", \"商品编号\": \"00105\"}, {\"单价\": \"5.9999\", \"商品\": \"沙糖桔\", \"序号\": \"157\", \"数量\": \"10.00019999999999953\", \"笔数\": \"6\", \"金额\": \"60\", \"兑换金额\": \"0\", \"商品编号\": \"00369\"}, {\"单价\": \"2.5\", \"商品\": \"百香果\", \"序号\": \"158\", \"数量\": \"24\", \"笔数\": \"2\", \"金额\": \"60\", \"兑换金额\": \"0\", \"商品编号\": \"00443\"}, {\"单价\": \"14.9993\", \"商品\": \"油柑\", \"序号\": \"159\", \"数量\": \"4.00020000000000042\", \"笔数\": \"6\", \"金额\": \"60\", \"兑换金额\": \"0\", \"商品编号\": \"00494\"}, {\"单价\": \"11.9995\", \"商品\": \"小青瓜400g\", \"序号\": \"160\", \"数量\": \"4.7502\", \"笔数\": \"6\", \"金额\": \"57\", \"兑换金额\": \"0\", \"商品编号\": \"00024\"}, {\"单价\": \"8\", \"商品\": \"河粉（炒粉）350g\", \"序号\": \"161\", \"数量\": \"7\", \"笔数\": \"6\", \"金额\": \"56\", \"兑换金额\": \"0\", \"商品编号\": \"00212\"}, {\"单价\": \"6.3\", \"商品\": \"西葫蘆瓜\", \"序号\": \"162\", \"数量\": \"8.8413\", \"笔数\": \"6\", \"金额\": \"55.7\", \"兑换金额\": \"0\", \"商品编号\": \"00028\"}, {\"单价\": \"4.4\", \"商品\": \"南瓜\", \"序号\": \"163\", \"数量\": \"12.3864\", \"笔数\": \"12\", \"金额\": \"54.5\", \"兑换金额\": \"0\", \"商品编号\": \"00026\"}, {\"单价\": \"5.8\", \"商品\": \"杏鮑菇200g\", \"序号\": \"164\", \"数量\": \"9\", \"笔数\": \"9\", \"金额\": \"52.2\", \"兑换金额\": \"0\", \"商品编号\": \"00102\"}, {\"单价\": \"9.7998\", \"商品\": \"糯粟米\", \"序号\": \"165\", \"数量\": \"5.296\", \"笔数\": \"5\", \"金额\": \"51.9\", \"兑换金额\": \"0\", \"商品编号\": \"00091\"}, {\"单价\": \"8.5\", \"商品\": \"上海麵350g\", \"序号\": \"166\", \"数量\": \"6\", \"笔数\": \"5\", \"金额\": \"51\", \"兑换金额\": \"0\", \"商品编号\": \"00148\"}, {\"单价\": \"27.9996\", \"商品\": \"包魚骨\", \"序号\": \"167\", \"数量\": \"1.8036\", \"笔数\": \"2\", \"金额\": \"50.5\", \"兑换金额\": \"0\", \"商品编号\": \"00254\"}, {\"单价\": \"8.7997\", \"商品\": \"西洋菜300g\", \"序号\": \"168\", \"数量\": \"5.682\", \"笔数\": \"7\", \"金额\": \"50\", \"兑换金额\": \"0\", \"商品编号\": \"00323\"}, {\"单价\": \"8.3\", \"商品\": \"花生(鮮)300g\", \"序号\": \"169\", \"数量\": \"6\", \"笔数\": \"4\", \"金额\": \"49.8\", \"兑换金额\": \"0\", \"商品编号\": \"00321\"}, {\"单价\": \"16.5\", \"商品\": \"金裝牛肉丸250g/包\", \"序号\": \"170\", \"数量\": \"3\", \"笔数\": \"3\", \"金额\": \"49.5\", \"兑换金额\": \"0\", \"商品编号\": \"00296\"}, {\"单价\": \"9.9\", \"商品\": \"一點紅番薯\", \"序号\": \"171\", \"数量\": \"5\", \"笔数\": \"5\", \"金额\": \"49.5\", \"兑换金额\": \"0\", \"商品编号\": \"00656\"}, {\"单价\": \"7.6747\", \"商品\": \"芥蘭300g\", \"序号\": \"172\", \"数量\": \"6.2022\", \"笔数\": \"6\", \"金额\": \"47.6\", \"兑换金额\": \"0\", \"商品编号\": \"00015\"}, {\"单价\": \"5\", \"商品\": \"青尖椒250g\", \"序号\": \"173\", \"数量\": \"9.36\", \"笔数\": \"9\", \"金额\": \"46.8\", \"兑换金额\": \"0\", \"商品编号\": \"00066\"}, {\"单价\": \"4.0277\", \"商品\": \"韭菜150g\", \"序号\": \"174\", \"数量\": \"11.4706\", \"笔数\": \"9\", \"金额\": \"46.2\", \"兑换金额\": \"0\", \"商品编号\": \"00071\"}, {\"单价\": \"25.1989\", \"商品\": \"香樁150g\", \"序号\": \"175\", \"数量\": \"1.8096\", \"笔数\": \"2\", \"金额\": \"45.6\", \"兑换金额\": \"0\", \"商品编号\": \"00155\"}, {\"单价\": \"9\", \"商品\": \"雲吞麵（幼）350g\", \"序号\": \"176\", \"数量\": \"5\", \"笔数\": \"5\", \"金额\": \"45\", \"兑换金额\": \"0\", \"商品编号\": \"00208\"}, {\"单价\": \"15\", \"商品\": \"招牌叉燒包 120g*4個\", \"序号\": \"177\", \"数量\": \"3\", \"笔数\": \"3\", \"金额\": \"45\", \"兑换金额\": \"0\", \"商品编号\": \"00537\"}, {\"单价\": \"6.8\", \"商品\": \"竹蔗\", \"序号\": \"178\", \"数量\": \"6.5441\", \"笔数\": \"4\", \"金额\": \"44.5\", \"兑换金额\": \"0\", \"商品编号\": \"00058\"}, {\"单价\": \"8.9\", \"商品\": \"蒜心300g\", \"序号\": \"179\", \"数量\": \"5\", \"笔数\": \"5\", \"金额\": \"44.5\", \"兑换金额\": \"0\", \"商品编号\": \"00072\"}, {\"单价\": \"8.6\", \"商品\": \"香素雞200g/袋\", \"序号\": \"180\", \"数量\": \"5\", \"笔数\": \"4\", \"金额\": \"43\", \"兑换金额\": \"0\", \"商品编号\": \"00343\"}, {\"单价\": \"5.7\", \"商品\": \"蒲瓜\", \"序号\": \"181\", \"数量\": \"7.421\", \"笔数\": \"6\", \"金额\": \"42.3\", \"兑换金额\": \"0\", \"商品编号\": \"00027\"}, {\"单价\": \"5.3999\", \"商品\": \"青蘿蔔\", \"序号\": \"182\", \"数量\": \"7.6483\", \"笔数\": \"10\", \"金额\": \"41.3\", \"兑换金额\": \"0\", \"商品编号\": \"00043\"}, {\"单价\": \"8.3999\", \"商品\": \"水果蘿蔔\", \"序号\": \"183\", \"数量\": \"4.8929\", \"笔数\": \"8\", \"金额\": \"41.1\", \"兑换金额\": \"0\", \"商品编号\": \"00044\"}, {\"单价\": \"5.2999\", \"商品\": \"青木瓜\", \"序号\": \"184\", \"数量\": \"7.7548\", \"笔数\": \"6\", \"金额\": \"41.1\", \"兑换金额\": \"0\", \"商品编号\": \"00113\"}, {\"单价\": \"5.5811\", \"商品\": \"黃皮椒250g\", \"序号\": \"185\", \"数量\": \"7.2746\", \"笔数\": \"4\", \"金额\": \"40.6\", \"兑换金额\": \"0\", \"商品编号\": \"00063\"}, {\"单价\": \"7.7\", \"商品\": \"沙葛\", \"序号\": \"186\", \"数量\": \"5.1948\", \"笔数\": \"6\", \"金额\": \"40\", \"兑换金额\": \"0\", \"商品编号\": \"00057\"}, {\"单价\": \"10\", \"商品\": \"果凍橙\", \"序号\": \"187\", \"数量\": \"4\", \"笔数\": \"2\", \"金额\": \"40\", \"兑换金额\": \"0\", \"商品编号\": \"00131\"}, {\"单价\": \"8\", \"商品\": \"油麵350g\", \"序号\": \"188\", \"数量\": \"5\", \"笔数\": \"3\", \"金额\": \"40\", \"兑换金额\": \"0\", \"商品编号\": \"00204\"}, {\"单价\": \"7.6\", \"商品\": \"茅根150g\", \"序号\": \"189\", \"数量\": \"5\", \"笔数\": \"5\", \"金额\": \"38\", \"兑换金额\": \"0\", \"商品编号\": \"00099\"}, {\"单价\": \"9.2002\", \"商品\": \"黃金蜜薯500g\", \"序号\": \"190\", \"数量\": \"3.826\", \"笔数\": \"2\", \"金额\": \"35.2\", \"兑换金额\": \"0\", \"商品编号\": \"00132\"}, {\"单价\": \"4\", \"商品\": \"黃豆芽300g\", \"序号\": \"191\", \"数量\": \"8.75\", \"笔数\": \"9\", \"金额\": \"35\", \"兑换金额\": \"0\", \"商品编号\": \"00056\"}, {\"单价\": \"48.001100000000001\", \"商品\": \"瘦肉\", \"序号\": \"192\", \"数量\": \"0.7104\", \"笔数\": \"1\", \"金额\": \"34.1\", \"兑换金额\": \"0\", \"商品编号\": \"00276\"}, {\"单价\": \"77.99120000000001\", \"商品\": \"骨腩\", \"序号\": \"193\", \"数量\": \"0.4321\", \"笔数\": \"1\", \"金额\": \"33.7\", \"兑换金额\": \"0\", \"商品编号\": \"00285\"}, {\"单价\": \"6.7\", \"商品\": \"客家豆腐380g/盒\", \"序号\": \"194\", \"数量\": \"5\", \"笔数\": \"5\", \"金额\": \"33.5\", \"兑换金额\": \"0\", \"商品编号\": \"00340\"}, {\"单价\": \"5\", \"商品\": \"肥肉\", \"序号\": \"195\", \"数量\": \"6.64\", \"笔数\": \"2\", \"金额\": \"33.2\", \"兑换金额\": \"0\", \"商品编号\": \"00258\"}, {\"单价\": \"7.5998\", \"商品\": \"水東芥菜450g\", \"序号\": \"196\", \"数量\": \"4.3422\", \"笔数\": \"6\", \"金额\": \"33\", \"兑换金额\": \"0\", \"商品编号\": \"00013\"}, {\"单价\": \"8\", \"商品\": \"豬腰（個）\", \"序号\": \"197\", \"数量\": \"4\", \"笔数\": \"1\", \"金额\": \"32\", \"兑换金额\": \"0\", \"商品编号\": \"00256\"}, {\"单价\": \"88\", \"商品\": \"排骨粒\", \"序号\": \"198\", \"数量\": \"0.3625\", \"笔数\": \"1\", \"金额\": \"31.9\", \"兑换金额\": \"0\", \"商品编号\": \"00272\"}, {\"单价\": \"3.7002\", \"商品\": \"枸杞葉180g\", \"序号\": \"199\", \"数量\": \"8.5131\", \"笔数\": \"9\", \"金额\": \"31.5\", \"兑换金额\": \"0\", \"商品编号\": \"00082\"}, {\"单价\": \"88.011300000000006\", \"商品\": \"有筋腱\", \"序号\": \"200\", \"数量\": \"0.3545\", \"笔数\": \"1\", \"金额\": \"31.2\", \"兑换金额\": \"0\", \"商品编号\": \"00274\"}, {\"单价\": \"4.8\", \"商品\": \"大平包\", \"序号\": \"201\", \"数量\": \"6.25\", \"笔数\": \"3\", \"金额\": \"30\", \"兑换金额\": \"0\", \"商品编号\": \"00010\"}, {\"单价\": \"5.9601\", \"商品\": \"蟹味菇150g\", \"序号\": \"202\", \"数量\": \"5.0335\", \"笔数\": \"5\", \"金额\": \"30\", \"兑换金额\": \"0\", \"商品编号\": \"00103\"}, {\"单价\": \"11.3999\", \"商品\": \"西椒550g\", \"序号\": \"203\", \"数量\": \"2.6316\", \"笔数\": \"3\", \"金额\": \"30\", \"兑换金额\": \"0\", \"商品编号\": \"00110\"}, {\"单价\": \"15\", \"商品\": \"奶白饅頭45g*12個\", \"序号\": \"204\", \"数量\": \"2\", \"笔数\": \"2\", \"金额\": \"30\", \"兑换金额\": \"0\", \"商品编号\": \"00145\"}, {\"单价\": \"6.2001\", \"商品\": \"海帶結200g\", \"序号\": \"205\", \"数量\": \"4.758\", \"笔数\": \"4\", \"金额\": \"29.5\", \"兑换金额\": \"0\", \"商品编号\": \"00364\"}, {\"单价\": \"9.6598\", \"商品\": \"芒果\", \"序号\": \"206\", \"数量\": \"3.0125\", \"笔数\": \"2\", \"金额\": \"29.1\", \"兑换金额\": \"0\", \"商品编号\": \"00406\"}, {\"单价\": \"37.9981\", \"商品\": \"豬粉腸\", \"序号\": \"207\", \"数量\": \"0.7553\", \"笔数\": \"2\", \"金额\": \"28.7\", \"兑换金额\": \"0\", \"商品编号\": \"00248\"}, {\"单价\": \"67.99209999999999\", \"商品\": \"梅頭豬扒\", \"序号\": \"208\", \"数量\": \"0.4074\", \"笔数\": \"1\", \"金额\": \"27.7\", \"兑换金额\": \"0\", \"商品编号\": \"00270\"}, {\"单价\": \"6.1003\", \"商品\": \"盒裝豆苗200g\", \"序号\": \"209\", \"数量\": \"4.508\", \"笔数\": \"2\", \"金额\": \"27.5\", \"兑换金额\": \"0\", \"商品编号\": \"00054\"}, {\"单价\": \"9\", \"商品\": \"皮蛋4只\", \"序号\": \"210\", \"数量\": \"3\", \"笔数\": \"3\", \"金额\": \"27\", \"兑换金额\": \"0\", \"商品编号\": \"00146\"}, {\"单价\": \"5.3\", \"商品\": \"蒜苗150g\", \"序号\": \"211\", \"数量\": \"5\", \"笔数\": \"3\", \"金额\": \"26.5\", \"兑换金额\": \"0\", \"商品编号\": \"00120\"}, {\"单价\": \"6.4358\", \"商品\": \"白玉菇150g\", \"序号\": \"212\", \"数量\": \"4.0399\", \"笔数\": \"5\", \"金额\": \"26\", \"兑换金额\": \"0\", \"商品编号\": \"00104\"}, {\"单价\": \"8.5\", \"商品\": \"上海雲吞皮（白方皮）350g\", \"序号\": \"213\", \"数量\": \"3\", \"笔数\": \"3\", \"金额\": \"25.5\", \"兑换金额\": \"0\", \"商品编号\": \"00207\"}, {\"单价\": \"5\", \"商品\": \"紫蘇150g\", \"序号\": \"214\", \"数量\": \"5\", \"笔数\": \"4\", \"金额\": \"25\", \"兑换金额\": \"0\", \"商品编号\": \"00121\"}, {\"单价\": \"1\", \"商品\": \"膠袋\", \"序号\": \"215\", \"数量\": \"25\", \"笔数\": \"24\", \"金额\": \"25\", \"兑换金额\": \"0\", \"商品编号\": \"00300\"}, {\"单价\": \"12.5\", \"商品\": \"盒裝枇杷\", \"序号\": \"216\", \"数量\": \"2\", \"笔数\": \"1\", \"金额\": \"25\", \"兑换金额\": \"0\", \"商品编号\": \"00543\"}, {\"单价\": \"5.7\", \"商品\": \"銀絲王300g\", \"序号\": \"217\", \"数量\": \"4.2105\", \"笔数\": \"5\", \"金额\": \"24\", \"兑换金额\": \"0\", \"商品编号\": \"00005\"}, {\"单价\": \"14.069599999999999\", \"商品\": \"豬耳2只\", \"序号\": \"218\", \"数量\": \"1.7058\", \"笔数\": \"2\", \"金额\": \"24\", \"兑换金额\": \"0\", \"商品编号\": \"00261\"}, {\"单价\": \"10.4998\", \"商品\": \"西蘭花苗200g\", \"序号\": \"219\", \"数量\": \"2.1429\", \"笔数\": \"2\", \"金额\": \"22.5\", \"兑换金额\": \"0\", \"商品编号\": \"00370\"}, {\"单价\": \"5.5\", \"商品\": \"綠九芽生菜300g\", \"序号\": \"220\", \"数量\": \"4\", \"笔数\": \"4\", \"金额\": \"22\", \"兑换金额\": \"0\", \"商品编号\": \"00078\"}, {\"单价\": \"4.8001\", \"商品\": \"鮮蘑菇(海鮮菇)250g\", \"序号\": \"221\", \"数量\": \"4.5832\", \"笔数\": \"4\", \"金额\": \"22\", \"兑换金额\": \"0\", \"商品编号\": \"00106\"}, {\"单价\": \"7\", \"商品\": \"雪蓮果\", \"序号\": \"222\", \"数量\": \"3\", \"笔数\": \"2\", \"金额\": \"21\", \"兑换金额\": \"0\", \"商品编号\": \"00330\"}, {\"单价\": \"10\", \"商品\": \"豬心（個）\", \"序号\": \"223\", \"数量\": \"2\", \"笔数\": \"1\", \"金额\": \"20\", \"兑换金额\": \"0\", \"商品编号\": \"00249\"}, {\"单价\": \"10\", \"商品\": \"青梅\", \"序号\": \"224\", \"数量\": \"2\", \"笔数\": \"2\", \"金额\": \"20\", \"兑换金额\": \"0\", \"商品编号\": \"00674\"}, {\"单价\": \"9.5\", \"商品\": \"蝦米腸粉\", \"序号\": \"225\", \"数量\": \"2\", \"笔数\": \"2\", \"金额\": \"19\", \"兑换金额\": \"0\", \"商品编号\": \"00202\"}, {\"单价\": \"18\", \"商品\": \"豬利（條）\", \"序号\": \"226\", \"数量\": \"1\", \"笔数\": \"1\", \"金额\": \"18\", \"兑换金额\": \"0\", \"商品编号\": \"00250\"}, {\"单价\": \"8\", \"商品\": \"拉麵350g\", \"序号\": \"227\", \"数量\": \"2\", \"笔数\": \"2\", \"金额\": \"16\", \"兑换金额\": \"0\", \"商品编号\": \"00151\"}, {\"单价\": \"8\", \"商品\": \"白腸粉\", \"序号\": \"228\", \"数量\": \"2\", \"笔数\": \"2\", \"金额\": \"16\", \"兑换金额\": \"0\", \"商品编号\": \"00203\"}, {\"单价\": \"15.5\", \"商品\": \"蔥香手抓餅97g*4片\", \"序号\": \"229\", \"数量\": \"1\", \"笔数\": \"1\", \"金额\": \"15.5\", \"兑换金额\": \"0\", \"商品编号\": \"00417\"}, {\"单价\": \"15\", \"商品\": \"馬鮫魚丸250g/包\", \"序号\": \"230\", \"数量\": \"1\", \"笔数\": \"1\", \"金额\": \"15\", \"兑换金额\": \"0\", \"商品编号\": \"00354\"}, {\"单价\": \"10\", \"商品\": \"隔山\", \"序号\": \"231\", \"数量\": \"1.48\", \"笔数\": \"1\", \"金额\": \"14.8\", \"兑换金额\": \"0\", \"商品编号\": \"00240\"}, {\"单价\": \"12.00050000000000061\", \"商品\": \"大青芒\", \"序号\": \"232\", \"数量\": \"0.8333\", \"笔数\": \"1\", \"金额\": \"10\", \"兑换金额\": \"0\", \"商品编号\": \"00493\"}, {\"单价\": \"5.2997\", \"商品\": \"魚腥草150g\", \"序号\": \"233\", \"数量\": \"1.6982\", \"笔数\": \"2\", \"金额\": \"9\", \"兑换金额\": \"0\", \"商品编号\": \"00059\"}, {\"单价\": \"8.4005\", \"商品\": \"板栗番薯\", \"序号\": \"234\", \"数量\": \"0.869\", \"笔数\": \"1\", \"金额\": \"7.3\", \"兑换金额\": \"0\", \"商品编号\": \"00042\"}, {\"单价\": \"11\", \"商品\": \"儿菜\", \"序号\": \"235\", \"数量\": \"0.6\", \"笔数\": \"1\", \"金额\": \"6.6\", \"兑换金额\": \"0\", \"商品编号\": \"00655\"}, {\"单价\": \"4.4\", \"商品\": \"沙薑100g\", \"序号\": \"236\", \"数量\": \"0.9091\", \"笔数\": \"1\", \"金额\": \"4\", \"兑换金额\": \"0\", \"商品编号\": \"00115\"}, {\"单价\": \"5.7001\", \"商品\": \"紅蔥頭（吊幹蔥)100g\", \"序号\": \"237\", \"数量\": \"0.6842\", \"笔数\": \"1\", \"金额\": \"3.9\", \"兑换金额\": \"0\", \"商品编号\": \"00114\"}]','{\"items\": [], \"summary\": \"AI分析失败\"}','2026-03-31 14:16:18','2026-03-31 14:16:18');
/*!40000 ALTER TABLE `sales_uploads` ENABLE KEYS */;
UNLOCK TABLES;

--
-- Table structure for table `schedules`
--

DROP TABLE IF EXISTS `schedules`;
/*!40101 SET @saved_cs_client     = @@character_set_client */;
/*!50503 SET character_set_client = utf8mb4 */;
CREATE TABLE `schedules` (
  `id` bigint unsigned NOT NULL AUTO_INCREMENT,
  `store_id` bigint unsigned NOT NULL,
  `employee_id` bigint unsigned NOT NULL,
  `schedule_date` date NOT NULL,
  `shift_start` time NOT NULL,
  `shift_end` time NOT NULL,
  `shift_type` tinyint NOT NULL DEFAULT '1' COMMENT '1:早班 2:中班 3:晚班 4:全天',
  `created_by` bigint unsigned DEFAULT NULL,
  `created_at` timestamp NULL DEFAULT NULL,
  `updated_at` timestamp NULL DEFAULT NULL,
  PRIMARY KEY (`id`),
  UNIQUE KEY `schedules_store_id_employee_id_schedule_date_unique` (`store_id`,`employee_id`,`schedule_date`),
  KEY `schedules_employee_id_foreign` (`employee_id`),
  KEY `schedules_created_by_foreign` (`created_by`),
  CONSTRAINT `schedules_created_by_foreign` FOREIGN KEY (`created_by`) REFERENCES `users` (`id`) ON DELETE SET NULL,
  CONSTRAINT `schedules_employee_id_foreign` FOREIGN KEY (`employee_id`) REFERENCES `employees` (`id`) ON DELETE CASCADE,
  CONSTRAINT `schedules_store_id_foreign` FOREIGN KEY (`store_id`) REFERENCES `stores` (`id`) ON DELETE CASCADE
) ENGINE=InnoDB DEFAULT CHARSET=utf8mb4 COLLATE=utf8mb4_unicode_ci;
/*!40101 SET character_set_client = @saved_cs_client */;

--
-- Dumping data for table `schedules`
--

LOCK TABLES `schedules` WRITE;
/*!40000 ALTER TABLE `schedules` DISABLE KEYS */;
/*!40000 ALTER TABLE `schedules` ENABLE KEYS */;
UNLOCK TABLES;

--
-- Table structure for table `sessions`
--

DROP TABLE IF EXISTS `sessions`;
/*!40101 SET @saved_cs_client     = @@character_set_client */;
/*!50503 SET character_set_client = utf8mb4 */;
CREATE TABLE `sessions` (
  `id` varchar(255) CHARACTER SET utf8mb4 COLLATE utf8mb4_unicode_ci NOT NULL,
  `user_id` bigint unsigned DEFAULT NULL,
  `ip_address` varchar(45) CHARACTER SET utf8mb4 COLLATE utf8mb4_unicode_ci DEFAULT NULL,
  `user_agent` text CHARACTER SET utf8mb4 COLLATE utf8mb4_unicode_ci,
  `payload` longtext CHARACTER SET utf8mb4 COLLATE utf8mb4_unicode_ci NOT NULL,
  `last_activity` int NOT NULL,
  PRIMARY KEY (`id`),
  KEY `sessions_user_id_index` (`user_id`),
  KEY `sessions_last_activity_index` (`last_activity`)
) ENGINE=InnoDB DEFAULT CHARSET=utf8mb4 COLLATE=utf8mb4_unicode_ci;
/*!40101 SET character_set_client = @saved_cs_client */;

--
-- Dumping data for table `sessions`
--

LOCK TABLES `sessions` WRITE;
/*!40000 ALTER TABLE `sessions` DISABLE KEYS */;
INSERT INTO `sessions` VALUES ('42yGXydqBaeIwsVVTZJxUC754PgqtpLNX5tARwxM',NULL,'172.239.154.194','Mozilla/5.0 (Windows NT 10.0; Win64; x64) AppleWebKit/537.36 (KHTML, like Gecko) Chrome/108.0.0.0 Safari/537.36','YTozOntzOjY6Il90b2tlbiI7czo0MDoidkJqbTRRbUpxYjVLREZHazZhWVhnUnRSWWFMY1BKWG5BTU1Fb3g4byI7czo5OiJfcHJldmlvdXMiO2E6Mjp7czozOiJ1cmwiO3M6MjM6Imh0dHA6Ly80Ny44My45LjE3Mzo4MDgwIjtzOjU6InJvdXRlIjtOO31zOjY6Il9mbGFzaCI7YToyOntzOjM6Im9sZCI7YTowOnt9czozOiJuZXciO2E6MDp7fX19',1778650400),('5AikpRWcWLZoNDRSAxk7LAr3nZtQOMqjOiDbWMLx',NULL,'172.68.150.73','Mozilla/5.0 (X11; Linux x86_64; rv:149.0) Gecko/20100101 Firefox/149.0','YTozOntzOjY6Il90b2tlbiI7czo0MDoiVDZsTHNVTldTczdoZGJCVVM5WE9NWERSQ3lGcnFXZFE0aVVYTDBSdiI7czo5OiJfcHJldmlvdXMiO2E6Mjp7czozOiJ1cmwiO3M6MzU6Imh0dHBzOi8vcy54aW5na2U4ODguY29tL2FkbWluL2xvZ2luIjtzOjU6InJvdXRlIjtzOjI1OiJmaWxhbWVudC5hZG1pbi5hdXRoLmxvZ2luIjt9czo2OiJfZmxhc2giO2E6Mjp7czozOiJvbGQiO2E6MDp7fXM6MzoibmV3IjthOjA6e319fQ==',1778654030),('8mfmVgdJmS6WZX22MTcnp4pRZIMQ85LXEYDRe9fp',NULL,'172.234.217.192','Mozilla/5.0 (Macintosh; Intel Mac OS X 13_1) AppleWebKit/537.36 (KHTML, like Gecko) Chrome/108.0.0.0 Safari/537.36','YTozOntzOjY6Il90b2tlbiI7czo0MDoiR3hnTTBqNzloSEhpR2ZveTBqRGFRbUZVVVpVRjAxZE9MY2Nqb21xYyI7czo5OiJfcHJldmlvdXMiO2E6Mjp7czozOiJ1cmwiO3M6MjM6Imh0dHA6Ly80Ny44My45LjE3Mzo4MDgwIjtzOjU6InJvdXRlIjtOO31zOjY6Il9mbGFzaCI7YToyOntzOjM6Im9sZCI7YTowOnt9czozOiJuZXciO2E6MDp7fX19',1778647354),('BwiGfRThnSDxcBQOVLXUfmWy4rt982egg5uevxnn',NULL,'47.84.105.207','curl/7.64.1','YTozOntzOjY6Il90b2tlbiI7czo0MDoiSE93bWx0NmdadVRxRGl3WmtoWTZheWpCYmwwbGlCZW5JQjNmV09JMSI7czo5OiJfcHJldmlvdXMiO2E6Mjp7czozOiJ1cmwiO3M6MjM6Imh0dHA6Ly80Ny44My45LjE3Mzo4MDgwIjtzOjU6InJvdXRlIjtOO31zOjY6Il9mbGFzaCI7YToyOntzOjM6Im9sZCI7YTowOnt9czozOiJuZXciO2E6MDp7fX19',1778648813),('dmLk9l5ndrxezqGfSTNeAQmEICqoCBF8SRHzNg7S',NULL,'198.235.24.143','Hello from Palo Alto Networks, find out more about our scans in https://docs-cortex.paloaltonetworks.com/r/1/Cortex-Xpanse/Scanning-activity','YTozOntzOjY6Il90b2tlbiI7czo0MDoia2ZTVm90NnJSb25DdVdONXQ0aklINEFpWjNXU2I4QWtRc2xyc3BCdCI7czo5OiJfcHJldmlvdXMiO2E6Mjp7czozOiJ1cmwiO3M6MjM6Imh0dHA6Ly80Ny44My45LjE3Mzo4MDgwIjtzOjU6InJvdXRlIjtOO31zOjY6Il9mbGFzaCI7YToyOntzOjM6Im9sZCI7YTowOnt9czozOiJuZXciO2E6MDp7fX19',1778652130),('fVNcDq3CbVdbjt4SLv4vkRckbaN7eNdACCatYG5U',8,'162.158.178.167','Mozilla/5.0 (Macintosh; Intel Mac OS X 10_15_7) AppleWebKit/537.36 (KHTML, like Gecko) Chrome/147.0.0.0 Safari/537.36','YTo1OntzOjY6Il90b2tlbiI7czo0MDoiSUVwa1NQdjlVa1B5N25lWjduQVdZMU9CR2VwRU5KZU9MSkw4SkY3QyI7czo5OiJfcHJldmlvdXMiO2E6Mjp7czozOiJ1cmwiO3M6Mjk6Imh0dHBzOi8vcy54aW5na2U4ODguY29tL2FkbWluIjtzOjU6InJvdXRlIjtzOjMwOiJmaWxhbWVudC5hZG1pbi5wYWdlcy5kYXNoYm9hcmQiO31zOjY6Il9mbGFzaCI7YToyOntzOjM6Im9sZCI7YTowOnt9czozOiJuZXciO2E6MDp7fX1zOjUwOiJsb2dpbl93ZWJfNTliYTM2YWRkYzJiMmY5NDAxNTgwZjAxNGM3ZjU4ZWE0ZTMwOTg5ZCI7aTo4O3M6MTc6InBhc3N3b3JkX2hhc2hfd2ViIjtzOjYwOiIkMnkkMTIkeDQ5NFQvLjBTbWxFMTNiaWk0ME4zLi9ud3VnL3JleXhGcmVvUHk0MXJkVUYvUFVSWmRhSHkiO30=',1778657528),('G4R0ttWiSX7yBZ3ljc8JkpkIIeRUvOrhI6AFUzgP',NULL,'47.84.105.207','curl/7.74.0','YTozOntzOjY6Il90b2tlbiI7czo0MDoiUWVrY1BFdHQzd21kSXpCcndwaElGWXU1ZGpoU1pLQmJISmRIZHBFViI7czo5OiJfcHJldmlvdXMiO2E6Mjp7czozOiJ1cmwiO3M6MjM6Imh0dHA6Ly80Ny44My45LjE3Mzo4MDgwIjtzOjU6InJvdXRlIjtOO31zOjY6Il9mbGFzaCI7YToyOntzOjM6Im9sZCI7YTowOnt9czozOiJuZXciO2E6MDp7fX19',1778648814),('nIbvLfea9Ph5SxzexrovpXQhrnKcAyMQl7JFBN6C',NULL,'101.251.219.3','Mozilla/5.0 (Windows NT 10.0; Win64; x64) AppleWebKit/537.36 (KHTML, like Gecko) Chrome/143.0.0.0 Safari/537.36','YTozOntzOjY6Il90b2tlbiI7czo0MDoib1p3a0xGakoxeWloOFZBWkU1c1NNRDh2SU93RzRZVldHRjM5NklYZSI7czo5OiJfcHJldmlvdXMiO2E6Mjp7czozOiJ1cmwiO3M6MjM6Imh0dHA6Ly80Ny44My45LjE3Mzo4MDgwIjtzOjU6InJvdXRlIjtOO31zOjY6Il9mbGFzaCI7YToyOntzOjM6Im9sZCI7YTowOnt9czozOiJuZXciO2E6MDp7fX19',1778646460),('xeG6PxirS7qPZ6g3Da5D2IBr2XxNqLD9Lmrqse3O',NULL,'172.68.150.73','Mozilla/5.0 (Macintosh; Intel Mac OS X 10.15; rv:150.0) Gecko/20100101 Firefox/150.0','YTozOntzOjY6Il90b2tlbiI7czo0MDoibDRNUkMybWdwQ0ZGeXAyZUM0QVR4a0s3ZlRxV1FaOWNoSkFUeW96diI7czo5OiJfcHJldmlvdXMiO2E6Mjp7czozOiJ1cmwiO3M6MzU6Imh0dHBzOi8vcy54aW5na2U4ODguY29tL2FkbWluL2xvZ2luIjtzOjU6InJvdXRlIjtzOjI1OiJmaWxhbWVudC5hZG1pbi5hdXRoLmxvZ2luIjt9czo2OiJfZmxhc2giO2E6Mjp7czozOiJvbGQiO2E6MDp7fXM6MzoibmV3IjthOjA6e319fQ==',1778654028),('Y8QJ4OIFXtm2tHdeqGC286STv6OHADSt77peUhns',NULL,'3.129.187.38','visionheight.com/scan Mozilla/5.0 (Macintosh; Intel Mac OS X 10_15_7) Chrome/126.0.0.0 Safari/537.36','YTozOntzOjY6Il90b2tlbiI7czo0MDoiRWhCOHJSZnJSQ1ZYaU5HSEZjb1RZRlRrbnA5ZWRta09PdW9ZWXduUSI7czo5OiJfcHJldmlvdXMiO2E6Mjp7czozOiJ1cmwiO3M6MjM6Imh0dHA6Ly80Ny44My45LjE3Mzo4MDgwIjtzOjU6InJvdXRlIjtOO31zOjY6Il9mbGFzaCI7YToyOntzOjM6Im9sZCI7YTowOnt9czozOiJuZXciO2E6MDp7fX19',1778649697);
/*!40000 ALTER TABLE `sessions` ENABLE KEYS */;
UNLOCK TABLES;

--
-- Table structure for table `stores`
--

DROP TABLE IF EXISTS `stores`;
/*!40101 SET @saved_cs_client     = @@character_set_client */;
/*!50503 SET character_set_client = utf8mb4 */;
CREATE TABLE `stores` (
  `id` bigint unsigned NOT NULL AUTO_INCREMENT,
  `organization_id` bigint unsigned NOT NULL,
  `region_id` bigint unsigned DEFAULT NULL,
  `name` varchar(100) CHARACTER SET utf8mb4 COLLATE utf8mb4_unicode_ci NOT NULL,
  `code` varchar(50) CHARACTER SET utf8mb4 COLLATE utf8mb4_unicode_ci DEFAULT NULL,
  `address` varchar(300) CHARACTER SET utf8mb4 COLLATE utf8mb4_unicode_ci DEFAULT NULL,
  `province` varchar(50) CHARACTER SET utf8mb4 COLLATE utf8mb4_unicode_ci DEFAULT NULL,
  `city` varchar(50) CHARACTER SET utf8mb4 COLLATE utf8mb4_unicode_ci DEFAULT NULL,
  `district` varchar(50) CHARACTER SET utf8mb4 COLLATE utf8mb4_unicode_ci DEFAULT NULL,
  `latitude` decimal(10,7) DEFAULT NULL,
  `longitude` decimal(10,7) DEFAULT NULL,
  `manager_user_id` bigint unsigned DEFAULT NULL,
  `business_hours` varchar(100) CHARACTER SET utf8mb4 COLLATE utf8mb4_unicode_ci DEFAULT NULL,
  `status` tinyint NOT NULL DEFAULT '1' COMMENT '0:关闭 1:正常 2:装修中',
  `settings` json DEFAULT NULL COMMENT '门店级配置，覆盖总部默认值',
  `opened_at` date DEFAULT NULL,
  `created_at` timestamp NULL DEFAULT NULL,
  `updated_at` timestamp NULL DEFAULT NULL,
  `deleted_at` timestamp NULL DEFAULT NULL,
  PRIMARY KEY (`id`),
  KEY `stores_manager_user_id_foreign` (`manager_user_id`),
  KEY `stores_organization_id_status_index` (`organization_id`,`status`),
  KEY `stores_region_id_index` (`region_id`),
  CONSTRAINT `stores_manager_user_id_foreign` FOREIGN KEY (`manager_user_id`) REFERENCES `users` (`id`) ON DELETE SET NULL,
  CONSTRAINT `stores_organization_id_foreign` FOREIGN KEY (`organization_id`) REFERENCES `organizations` (`id`) ON DELETE CASCADE,
  CONSTRAINT `stores_region_id_foreign` FOREIGN KEY (`region_id`) REFERENCES `regions` (`id`) ON DELETE SET NULL
) ENGINE=InnoDB AUTO_INCREMENT=5 DEFAULT CHARSET=utf8mb4 COLLATE=utf8mb4_unicode_ci;
/*!40101 SET character_set_client = @saved_cs_client */;

--
-- Dumping data for table `stores`
--

LOCK TABLES `stores` WRITE;
/*!40000 ALTER TABLE `stores` DISABLE KEYS */;
INSERT INTO `stores` VALUES (1,1,1,'筲箕湾店','SQW','香港铜锣湾',NULL,NULL,NULL,NULL,NULL,NULL,NULL,1,NULL,NULL,'2026-03-22 06:54:14','2026-03-31 01:20:30',NULL),(2,1,1,'西湾河店','XWH','西湾河筲箕湾道 18 号地铺',NULL,NULL,NULL,NULL,NULL,NULL,NULL,1,NULL,NULL,'2026-03-22 00:02:05','2026-03-22 00:02:05',NULL),(3,1,1,'湾仔店','WCH','湾仔骆克道 88 号地铺',NULL,NULL,NULL,NULL,NULL,NULL,NULL,1,NULL,NULL,'2026-03-22 00:02:05','2026-03-22 00:02:05',NULL),(4,1,1,'舌尖团购店','TG',NULL,NULL,NULL,NULL,NULL,NULL,NULL,NULL,1,NULL,NULL,'2026-03-31 01:20:30','2026-03-31 01:20:30',NULL);
/*!40000 ALTER TABLE `stores` ENABLE KEYS */;
UNLOCK TABLES;

--
-- Table structure for table `supplier_products`
--

DROP TABLE IF EXISTS `supplier_products`;
/*!40101 SET @saved_cs_client     = @@character_set_client */;
/*!50503 SET character_set_client = utf8mb4 */;
CREATE TABLE `supplier_products` (
  `id` bigint unsigned NOT NULL AUTO_INCREMENT,
  `supplier_id` bigint unsigned NOT NULL,
  `product_id` bigint unsigned NOT NULL,
  `supplier_product_code` varchar(100) CHARACTER SET utf8mb4 COLLATE utf8mb4_unicode_ci DEFAULT NULL COMMENT '供应商侧商品编码',
  `purchase_price` decimal(12,2) NOT NULL COMMENT '当前采购单价',
  `min_order_qty` decimal(10,3) NOT NULL DEFAULT '1.000',
  `delivery_lead_days` int DEFAULT NULL,
  `is_primary` tinyint(1) NOT NULL DEFAULT '0' COMMENT '是否为该商品首选供应商',
  `price_effective_date` date DEFAULT NULL,
  `price_expired_date` date DEFAULT NULL,
  `created_at` timestamp NULL DEFAULT NULL,
  `updated_at` timestamp NULL DEFAULT NULL,
  `deleted_at` timestamp NULL DEFAULT NULL,
  PRIMARY KEY (`id`),
  KEY `supplier_products_product_id_is_primary_index` (`product_id`,`is_primary`),
  KEY `supplier_products_supplier_id_index` (`supplier_id`),
  CONSTRAINT `supplier_products_product_id_foreign` FOREIGN KEY (`product_id`) REFERENCES `products` (`id`) ON DELETE CASCADE,
  CONSTRAINT `supplier_products_supplier_id_foreign` FOREIGN KEY (`supplier_id`) REFERENCES `suppliers` (`id`) ON DELETE CASCADE
) ENGINE=InnoDB AUTO_INCREMENT=22 DEFAULT CHARSET=utf8mb4 COLLATE=utf8mb4_unicode_ci;
/*!40101 SET character_set_client = @saved_cs_client */;

--
-- Dumping data for table `supplier_products`
--

LOCK TABLES `supplier_products` WRITE;
/*!40000 ALTER TABLE `supplier_products` DISABLE KEYS */;
INSERT INTO `supplier_products` VALUES (1,1,1,NULL,1.20,10.000,1,1,NULL,NULL,'2026-03-22 00:02:06','2026-03-22 00:02:06',NULL),(2,1,2,NULL,3.50,10.000,1,1,NULL,NULL,'2026-03-22 00:02:06','2026-03-22 00:02:06',NULL),(3,1,3,NULL,0.80,10.000,1,1,NULL,NULL,'2026-03-22 00:02:06','2026-03-22 00:02:06',NULL),(4,1,4,NULL,2.50,10.000,1,1,NULL,NULL,'2026-03-22 00:02:06','2026-03-22 00:02:06',NULL),(5,1,5,NULL,2.80,10.000,1,1,NULL,NULL,'2026-03-22 00:02:06','2026-03-22 00:02:06',NULL),(6,1,6,NULL,1.00,10.000,1,1,NULL,NULL,'2026-03-22 00:02:06','2026-03-22 00:02:06',NULL),(7,1,7,NULL,1.50,10.000,1,1,NULL,NULL,'2026-03-22 00:02:06','2026-03-22 00:02:06',NULL),(8,1,8,NULL,4.50,10.000,1,1,NULL,NULL,'2026-03-22 00:02:06','2026-03-22 00:02:06',NULL),(9,1,9,NULL,3.20,10.000,1,1,NULL,NULL,'2026-03-22 00:02:06','2026-03-22 00:02:06',NULL),(10,1,10,NULL,3.80,10.000,1,1,NULL,NULL,'2026-03-22 00:02:06','2026-03-22 00:02:06',NULL),(11,2,11,NULL,18.00,5.000,1,1,NULL,NULL,'2026-03-22 00:02:06','2026-03-22 00:02:06',NULL),(12,2,12,NULL,12.50,5.000,1,1,NULL,NULL,'2026-03-22 00:02:06','2026-03-22 00:02:06',NULL),(13,2,13,NULL,55.00,5.000,1,1,NULL,NULL,'2026-03-22 00:02:06','2026-03-22 00:02:06',NULL),(14,2,14,NULL,22.00,5.000,1,1,NULL,NULL,'2026-03-22 00:02:06','2026-03-22 00:02:06',NULL),(15,3,15,NULL,28.00,5.000,1,1,NULL,NULL,'2026-03-22 00:02:06','2026-03-22 00:02:06',NULL),(16,3,16,NULL,65.00,5.000,1,1,NULL,NULL,'2026-03-22 00:02:06','2026-03-22 00:02:06',NULL),(17,3,17,NULL,12.00,5.000,1,1,NULL,NULL,'2026-03-22 00:02:06','2026-03-22 00:02:06',NULL),(18,1,18,NULL,2.50,5.000,1,1,NULL,NULL,'2026-03-22 00:27:41','2026-03-22 00:27:41',NULL),(19,1,19,NULL,1.80,5.000,1,1,NULL,NULL,'2026-03-22 00:27:41','2026-03-22 00:27:41',NULL),(20,1,20,NULL,2.20,5.000,1,1,NULL,NULL,'2026-03-22 00:27:41','2026-03-22 00:27:41',NULL),(21,1,21,NULL,68.00,5.000,1,1,NULL,NULL,'2026-03-22 00:27:41','2026-03-22 00:27:41',NULL);
/*!40000 ALTER TABLE `supplier_products` ENABLE KEYS */;
UNLOCK TABLES;

--
-- Table structure for table `supplier_refund_claim_items`
--

DROP TABLE IF EXISTS `supplier_refund_claim_items`;
/*!40101 SET @saved_cs_client     = @@character_set_client */;
/*!50503 SET character_set_client = utf8mb4 */;
CREATE TABLE `supplier_refund_claim_items` (
  `id` bigint unsigned NOT NULL AUTO_INCREMENT,
  `claim_id` bigint unsigned NOT NULL,
  `damage_record_id` bigint unsigned NOT NULL,
  `product_id` bigint unsigned NOT NULL,
  `product_name` varchar(100) COLLATE utf8mb4_unicode_ci NOT NULL,
  `qty` decimal(10,3) NOT NULL,
  `unit_cost` decimal(10,4) DEFAULT NULL,
  `claimed_amount` decimal(10,2) NOT NULL DEFAULT '0.00',
  `purchase_order_id` bigint unsigned DEFAULT NULL,
  `created_at` timestamp NULL DEFAULT NULL,
  `updated_at` timestamp NULL DEFAULT NULL,
  PRIMARY KEY (`id`),
  KEY `supplier_refund_claim_items_claim_id_index` (`claim_id`),
  KEY `supplier_refund_claim_items_damage_record_id_index` (`damage_record_id`),
  CONSTRAINT `supplier_refund_claim_items_claim_id_foreign` FOREIGN KEY (`claim_id`) REFERENCES `supplier_refund_claims` (`id`) ON DELETE CASCADE,
  CONSTRAINT `supplier_refund_claim_items_damage_record_id_foreign` FOREIGN KEY (`damage_record_id`) REFERENCES `damage_records` (`id`)
) ENGINE=InnoDB DEFAULT CHARSET=utf8mb4 COLLATE=utf8mb4_unicode_ci;
/*!40101 SET character_set_client = @saved_cs_client */;

--
-- Dumping data for table `supplier_refund_claim_items`
--

LOCK TABLES `supplier_refund_claim_items` WRITE;
/*!40000 ALTER TABLE `supplier_refund_claim_items` DISABLE KEYS */;
/*!40000 ALTER TABLE `supplier_refund_claim_items` ENABLE KEYS */;
UNLOCK TABLES;

--
-- Table structure for table `supplier_refund_claims`
--

DROP TABLE IF EXISTS `supplier_refund_claims`;
/*!40101 SET @saved_cs_client     = @@character_set_client */;
/*!50503 SET character_set_client = utf8mb4 */;
CREATE TABLE `supplier_refund_claims` (
  `id` bigint unsigned NOT NULL AUTO_INCREMENT,
  `store_id` bigint unsigned NOT NULL,
  `supplier_id` bigint unsigned NOT NULL,
  `claim_no` varchar(30) COLLATE utf8mb4_unicode_ci NOT NULL,
  `status` tinyint unsigned NOT NULL DEFAULT '1',
  `total_items` int unsigned NOT NULL DEFAULT '0',
  `total_qty` decimal(10,3) NOT NULL DEFAULT '0.000',
  `total_amount` decimal(10,2) NOT NULL DEFAULT '0.00',
  `submitted_at` timestamp NULL DEFAULT NULL,
  `resolved_at` timestamp NULL DEFAULT NULL,
  `notes` text COLLATE utf8mb4_unicode_ci,
  `created_by` bigint unsigned DEFAULT NULL,
  `created_at` timestamp NULL DEFAULT NULL,
  `updated_at` timestamp NULL DEFAULT NULL,
  PRIMARY KEY (`id`),
  UNIQUE KEY `supplier_refund_claims_claim_no_unique` (`claim_no`),
  KEY `supplier_refund_claims_store_id_index` (`store_id`),
  KEY `supplier_refund_claims_supplier_id_index` (`supplier_id`),
  CONSTRAINT `supplier_refund_claims_store_id_foreign` FOREIGN KEY (`store_id`) REFERENCES `stores` (`id`),
  CONSTRAINT `supplier_refund_claims_supplier_id_foreign` FOREIGN KEY (`supplier_id`) REFERENCES `suppliers` (`id`)
) ENGINE=InnoDB DEFAULT CHARSET=utf8mb4 COLLATE=utf8mb4_unicode_ci;
/*!40101 SET character_set_client = @saved_cs_client */;

--
-- Dumping data for table `supplier_refund_claims`
--

LOCK TABLES `supplier_refund_claims` WRITE;
/*!40000 ALTER TABLE `supplier_refund_claims` DISABLE KEYS */;
/*!40000 ALTER TABLE `supplier_refund_claims` ENABLE KEYS */;
UNLOCK TABLES;

--
-- Table structure for table `suppliers`
--

DROP TABLE IF EXISTS `suppliers`;
/*!40101 SET @saved_cs_client     = @@character_set_client */;
/*!50503 SET character_set_client = utf8mb4 */;
CREATE TABLE `suppliers` (
  `id` bigint unsigned NOT NULL AUTO_INCREMENT,
  `organization_id` bigint unsigned NOT NULL,
  `name` varchar(200) CHARACTER SET utf8mb4 COLLATE utf8mb4_unicode_ci NOT NULL,
  `code` varchar(50) CHARACTER SET utf8mb4 COLLATE utf8mb4_unicode_ci DEFAULT NULL,
  `contact_name` varchar(100) CHARACTER SET utf8mb4 COLLATE utf8mb4_unicode_ci DEFAULT NULL,
  `contact_phone` varchar(20) CHARACTER SET utf8mb4 COLLATE utf8mb4_unicode_ci DEFAULT NULL,
  `contact_wechat` varchar(100) CHARACTER SET utf8mb4 COLLATE utf8mb4_unicode_ci DEFAULT NULL,
  `address` varchar(300) CHARACTER SET utf8mb4 COLLATE utf8mb4_unicode_ci DEFAULT NULL,
  `business_license` varchar(200) CHARACTER SET utf8mb4 COLLATE utf8mb4_unicode_ci DEFAULT NULL,
  `payment_terms` tinyint NOT NULL DEFAULT '1' COMMENT '1:现款 2:月结 3:季结',
  `payment_days` int NOT NULL DEFAULT '0' COMMENT '账期天数',
  `delivery_lead_days` int NOT NULL DEFAULT '1' COMMENT '平均交货周期（天）',
  `rating` tinyint DEFAULT NULL COMMENT '1-5星评级',
  `status` tinyint NOT NULL DEFAULT '1' COMMENT '0:停用 1:正常',
  `notes` text CHARACTER SET utf8mb4 COLLATE utf8mb4_unicode_ci,
  `created_at` timestamp NULL DEFAULT NULL,
  `updated_at` timestamp NULL DEFAULT NULL,
  `deleted_at` timestamp NULL DEFAULT NULL,
  PRIMARY KEY (`id`),
  KEY `suppliers_organization_id_status_index` (`organization_id`,`status`),
  CONSTRAINT `suppliers_organization_id_foreign` FOREIGN KEY (`organization_id`) REFERENCES `organizations` (`id`) ON DELETE CASCADE
) ENGINE=InnoDB AUTO_INCREMENT=4 DEFAULT CHARSET=utf8mb4 COLLATE=utf8mb4_unicode_ci;
/*!40101 SET character_set_client = @saved_cs_client */;

--
-- Dumping data for table `suppliers`
--

LOCK TABLES `suppliers` WRITE;
/*!40000 ALTER TABLE `suppliers` DISABLE KEYS */;
INSERT INTO `suppliers` VALUES (1,1,'新鲜直送农场','SUP001','陈老板','9123 4567',NULL,NULL,NULL,2,30,1,5,1,'专供蔬菜水果，每日早上 7 点送货','2026-03-22 00:02:06','2026-03-22 00:02:06',NULL),(2,1,'港鲜肉类批发','SUP002','黄先生','9876 5432',NULL,NULL,NULL,1,0,1,4,1,'供应猪肉、鸡肉、牛肉，现款现货','2026-03-22 00:02:06','2026-03-22 00:02:06',NULL),(3,1,'南海水产行','SUP003','李姐','6688 9900',NULL,NULL,NULL,2,15,1,4,1,'鱼虾蟹贝类，当日早市配送','2026-03-22 00:02:06','2026-03-22 00:02:06',NULL);
/*!40000 ALTER TABLE `suppliers` ENABLE KEYS */;
UNLOCK TABLES;

--
-- Table structure for table `user_store_roles`
--

DROP TABLE IF EXISTS `user_store_roles`;
/*!40101 SET @saved_cs_client     = @@character_set_client */;
/*!50503 SET character_set_client = utf8mb4 */;
CREATE TABLE `user_store_roles` (
  `id` bigint unsigned NOT NULL AUTO_INCREMENT,
  `user_id` bigint unsigned NOT NULL,
  `store_id` bigint unsigned DEFAULT NULL,
  `region_id` bigint unsigned DEFAULT NULL,
  `role_id` bigint unsigned NOT NULL,
  `granted_by` bigint unsigned DEFAULT NULL,
  `granted_at` timestamp NOT NULL DEFAULT CURRENT_TIMESTAMP,
  `expired_at` timestamp NULL DEFAULT NULL,
  PRIMARY KEY (`id`),
  KEY `user_store_roles_region_id_foreign` (`region_id`),
  KEY `user_store_roles_role_id_foreign` (`role_id`),
  KEY `user_store_roles_granted_by_foreign` (`granted_by`),
  KEY `user_store_roles_user_id_store_id_index` (`user_id`,`store_id`),
  KEY `user_store_roles_store_id_role_id_index` (`store_id`,`role_id`),
  CONSTRAINT `user_store_roles_granted_by_foreign` FOREIGN KEY (`granted_by`) REFERENCES `users` (`id`) ON DELETE SET NULL,
  CONSTRAINT `user_store_roles_region_id_foreign` FOREIGN KEY (`region_id`) REFERENCES `regions` (`id`) ON DELETE SET NULL,
  CONSTRAINT `user_store_roles_role_id_foreign` FOREIGN KEY (`role_id`) REFERENCES `roles` (`id`) ON DELETE CASCADE,
  CONSTRAINT `user_store_roles_store_id_foreign` FOREIGN KEY (`store_id`) REFERENCES `stores` (`id`) ON DELETE CASCADE,
  CONSTRAINT `user_store_roles_user_id_foreign` FOREIGN KEY (`user_id`) REFERENCES `users` (`id`) ON DELETE CASCADE
) ENGINE=InnoDB AUTO_INCREMENT=15 DEFAULT CHARSET=utf8mb4 COLLATE=utf8mb4_unicode_ci;
/*!40101 SET character_set_client = @saved_cs_client */;

--
-- Dumping data for table `user_store_roles`
--

LOCK TABLES `user_store_roles` WRITE;
/*!40000 ALTER TABLE `user_store_roles` DISABLE KEYS */;
INSERT INTO `user_store_roles` VALUES (1,3,2,NULL,3,NULL,'2026-03-22 03:51:32',NULL),(2,9,2,NULL,3,NULL,'2026-03-30 06:25:46',NULL),(3,1,2,NULL,4,NULL,'2026-04-03 13:51:09',NULL),(4,2,1,NULL,4,NULL,'2026-04-03 13:51:09',NULL),(5,4,2,NULL,4,NULL,'2026-04-03 13:51:09',NULL),(6,5,1,NULL,4,NULL,'2026-04-03 13:51:09',NULL),(7,6,2,NULL,4,NULL,'2026-04-03 13:51:09',NULL),(8,8,4,NULL,3,NULL,'2026-04-03 05:51:09',NULL),(9,10,1,NULL,4,NULL,'2026-04-03 13:54:08',NULL),(10,11,3,NULL,3,NULL,'2026-04-03 06:19:34',NULL),(11,8,3,NULL,1,NULL,'2026-04-03 23:39:21',NULL),(12,12,1,NULL,4,NULL,'2026-04-26 11:25:27',NULL),(13,13,1,NULL,4,NULL,'2026-04-28 04:45:31',NULL),(14,14,1,NULL,3,NULL,'2026-05-10 21:19:05',NULL);
/*!40000 ALTER TABLE `user_store_roles` ENABLE KEYS */;
UNLOCK TABLES;

--
-- Table structure for table `users`
--

DROP TABLE IF EXISTS `users`;
/*!40101 SET @saved_cs_client     = @@character_set_client */;
/*!50503 SET character_set_client = utf8mb4 */;
CREATE TABLE `users` (
  `id` bigint unsigned NOT NULL AUTO_INCREMENT,
  `name` varchar(255) CHARACTER SET utf8mb4 COLLATE utf8mb4_unicode_ci NOT NULL,
  `username` varchar(255) COLLATE utf8mb4_unicode_ci DEFAULT NULL,
  `email` varchar(255) CHARACTER SET utf8mb4 COLLATE utf8mb4_unicode_ci NOT NULL,
  `is_admin` tinyint(1) NOT NULL DEFAULT '0',
  `email_verified_at` timestamp NULL DEFAULT NULL,
  `password` varchar(255) CHARACTER SET utf8mb4 COLLATE utf8mb4_unicode_ci NOT NULL,
  `remember_token` varchar(100) CHARACTER SET utf8mb4 COLLATE utf8mb4_unicode_ci DEFAULT NULL,
  `created_at` timestamp NULL DEFAULT NULL,
  `updated_at` timestamp NULL DEFAULT NULL,
  PRIMARY KEY (`id`),
  UNIQUE KEY `users_email_unique` (`email`),
  UNIQUE KEY `users_username_unique` (`username`)
) ENGINE=InnoDB AUTO_INCREMENT=15 DEFAULT CHARSET=utf8mb4 COLLATE=utf8mb4_unicode_ci;
/*!40101 SET character_set_client = @saved_cs_client */;

--
-- Dumping data for table `users`
--

LOCK TABLES `users` WRITE;
/*!40000 ALTER TABLE `users` DISABLE KEYS */;
INSERT INTO `users` VALUES (1,'Demo User','demo','demo@example.com',0,'2026-03-15 07:56:51','$2y$12$vYFRQg19tWheyD5urZKYA.3wFAvdn5tsBq5mNfWfmO8Ogz8INznC2','kMV5C03Trm','2026-03-15 07:56:52','2026-04-27 13:36:35'),(2,'Mr. Erick Stracke DDS',NULL,'uconn@example.com',0,'2026-03-15 07:56:52','$2y$12$b7y0NJbCSJGYK8i1Fx5FUu28LTEDhb2tskuSkoGvxUqN4z1iFAyJ2','gFg8KcsRXo','2026-03-15 07:56:52','2026-03-15 07:56:52'),(3,'郑志远',NULL,'zakary.beatty@example.org',1,'2026-03-15 07:56:52','$2y$12$qOd/ZZy9F1nIy2VJwci1B.YcBSWh0bfsd0SP063CqauSAN5QqweAa','4O1Xt3vsX1dgLSIhvtSDDAJUtf0qeRSL1uI2EHH2sVV07N9ZstyumicYucGz','2026-03-15 07:56:52','2026-03-22 04:05:53'),(4,'Isidro Kuhic',NULL,'jacklyn21@example.org',0,'2026-03-15 07:56:52','$2y$12$b7y0NJbCSJGYK8i1Fx5FUu28LTEDhb2tskuSkoGvxUqN4z1iFAyJ2','5aPflhhhIf','2026-03-15 07:56:52','2026-03-15 07:56:52'),(5,'Ernest Ryan',NULL,'clang@example.org',0,'2026-03-15 07:56:52','$2y$12$b7y0NJbCSJGYK8i1Fx5FUu28LTEDhb2tskuSkoGvxUqN4z1iFAyJ2','pE5vo5wTqp','2026-03-15 07:56:52','2026-03-15 07:56:52'),(6,'Marina Mraz',NULL,'odie66@example.org',0,'2026-03-15 07:56:52','$2y$12$b7y0NJbCSJGYK8i1Fx5FUu28LTEDhb2tskuSkoGvxUqN4z1iFAyJ2','ovNcPtP9kb','2026-03-15 07:56:52','2026-03-15 07:56:52'),(8,'超级管理员','admin','admin@sjtxg.com',1,NULL,'$2y$12$x494T/.0SmlE13bii40N3./nwug/reyxFreoPy41rdUF/PURZdaHy','aRBOQsJ2bLOtTb4i5Ijno2hyAlwigVRZ4CdtHsNjarzk9sYWfHESkUQqbS3Z','2026-03-21 23:08:58','2026-04-03 23:39:33'),(9,'西湾河店员',NULL,'xwh@sjtxg.com',0,NULL,'$2y$12$gIQOzaPNfmawuGCEmxUanO3/GB6CqXlQM2Ri0Q3s2IFVR/SmhmTB6',NULL,'2026-03-30 22:25:46','2026-03-31 11:18:13'),(10,'测试用户',NULL,'test_reg@example.com',0,NULL,'$2y$12$RM3tpHI.2Gl0p9W1gaZ70OWm90W/VBTt2LjWshuPKd9cdOBMlwosy',NULL,'2026-04-03 13:54:08','2026-04-03 13:54:08'),(11,'david',NULL,'david@gmail.com',0,NULL,'$2y$12$vfdLI7vKt0t51dLDiCCWLOHCVQdRa6h2JADxUjRMoPG4A/Y6FSJI.','h0LjILX9jzHp4gtkcaRPm0f2NKeCerqzvfm5rYr6rdknjVCjrkvKIlOdjmbk','2026-04-03 22:19:46','2026-05-10 21:16:57'),(12,'david','david','david@xingke888.com',0,NULL,'$2y$12$4ctnHqfZSj3ZQ7ByMOR3z.MdLb..TuVkLRsgQ/HQRvnjCZULSIYIS',NULL,'2026-04-26 11:25:27','2026-05-10 21:18:25'),(13,'KT','112233','keith@zcrun.com',0,NULL,'$2y$12$66Jx6LIwZq3G.QKPnZR2duc2/CmfpjMrT/nJpvDmPeCB2fvzEpQHa',NULL,'2026-04-28 04:45:31','2026-04-28 04:45:31'),(14,'tom',NULL,'admin123@sjtxg.com',0,NULL,'$2y$12$VkP9qBx1WwJ9yltR0EQ4/OXQqrcotHmME83RmVVxAOfwzpO65CYkq',NULL,'2026-05-10 21:19:26','2026-05-10 21:19:26');
/*!40000 ALTER TABLE `users` ENABLE KEYS */;
UNLOCK TABLES;

--
-- Table structure for table `weather_logs`
--

DROP TABLE IF EXISTS `weather_logs`;
/*!40101 SET @saved_cs_client     = @@character_set_client */;
/*!50503 SET character_set_client = utf8mb4 */;
CREATE TABLE `weather_logs` (
  `id` bigint unsigned NOT NULL AUTO_INCREMENT,
  `store_id` bigint unsigned NOT NULL,
  `date` date NOT NULL,
  `city` varchar(50) COLLATE utf8mb4_unicode_ci NOT NULL DEFAULT '香港',
  `weather` varchar(50) COLLATE utf8mb4_unicode_ci NOT NULL COMMENT '天气状况，如晴、多云、阵雨',
  `temperature_high` smallint NOT NULL COMMENT '最高气温（摄氏度）',
  `temperature_low` smallint NOT NULL COMMENT '最低气温（摄氏度）',
  `humidity` tinyint NOT NULL COMMENT '湿度百分比',
  `rain_probability` tinyint NOT NULL COMMENT '降雨概率百分比',
  `uv_index` tinyint NOT NULL COMMENT '紫外线指数 1-11',
  `description` varchar(255) COLLATE utf8mb4_unicode_ci NOT NULL COMMENT '门店参考天气提示',
  `created_at` timestamp NULL DEFAULT NULL,
  `updated_at` timestamp NULL DEFAULT NULL,
  PRIMARY KEY (`id`),
  UNIQUE KEY `weather_logs_date_city_unique` (`date`,`city`),
  KEY `weather_logs_store_id_index` (`store_id`)
) ENGINE=InnoDB AUTO_INCREMENT=6 DEFAULT CHARSET=utf8mb4 COLLATE=utf8mb4_unicode_ci;
/*!40101 SET character_set_client = @saved_cs_client */;

--
-- Dumping data for table `weather_logs`
--

LOCK TABLES `weather_logs` WRITE;
/*!40000 ALTER TABLE `weather_logs` DISABLE KEYS */;
INSERT INTO `weather_logs` VALUES (1,3,'2026-04-16','香港','多云转阵雨',26,22,78,60,6,'午后有阵雨，可能影响客流，建议生鲜门店加强易腐商品保鲜措施并备好雨具供顾客使用。','2026-04-16 16:05:27','2026-04-16 16:05:27'),(2,2,'2026-04-26','香港','多云',28,23,75,20,7,'多云天气，气温适宜，客流正常。注意湿度较高，生鲜商品需加强保鲜措施。','2026-04-26 10:21:08','2026-04-26 10:21:08'),(3,1,'2026-04-27','香港','多云',26,22,82,45,6,'多云潮湿，易有零星阵雨，室外客流可能略降，生鲜注意防潮保鲜，叶菜类需加快周转。','2026-04-27 14:22:59','2026-04-27 14:22:59'),(4,2,'2026-04-28','香港','阵雨',26,22,88,80,4,'预计有阵雨，客流可能略降，请注意生鲜防潮和易腐商品及时补货与储存。','2026-04-28 00:49:09','2026-04-28 00:49:09'),(5,1,'2026-05-11','香港','多云有阵雨',31,26,85,70,11,'未来几日高温潮湿，门店需加强冷链管理，避免生鲜损耗。','2026-05-10 21:39:56','2026-05-10 21:39:56');
/*!40000 ALTER TABLE `weather_logs` ENABLE KEYS */;
UNLOCK TABLES;

--
-- Table structure for table `wework_users`
--

DROP TABLE IF EXISTS `wework_users`;
/*!40101 SET @saved_cs_client     = @@character_set_client */;
/*!50503 SET character_set_client = utf8mb4 */;
CREATE TABLE `wework_users` (
  `id` bigint unsigned NOT NULL AUTO_INCREMENT,
  `user_id` bigint unsigned NOT NULL,
  `wework_userid` varchar(100) CHARACTER SET utf8mb4 COLLATE utf8mb4_unicode_ci NOT NULL,
  `wework_openid` varchar(100) CHARACTER SET utf8mb4 COLLATE utf8mb4_unicode_ci DEFAULT NULL,
  `department_ids` json DEFAULT NULL,
  `bound_at` timestamp NOT NULL DEFAULT CURRENT_TIMESTAMP,
  PRIMARY KEY (`id`),
  UNIQUE KEY `wework_users_wework_userid_unique` (`wework_userid`),
  KEY `wework_users_user_id_index` (`user_id`),
  CONSTRAINT `wework_users_user_id_foreign` FOREIGN KEY (`user_id`) REFERENCES `users` (`id`) ON DELETE CASCADE
) ENGINE=InnoDB DEFAULT CHARSET=utf8mb4 COLLATE=utf8mb4_unicode_ci;
/*!40101 SET character_set_client = @saved_cs_client */;

--
-- Dumping data for table `wework_users`
--

LOCK TABLES `wework_users` WRITE;
/*!40000 ALTER TABLE `wework_users` DISABLE KEYS */;
/*!40000 ALTER TABLE `wework_users` ENABLE KEYS */;
UNLOCK TABLES;
/*!40103 SET TIME_ZONE=@OLD_TIME_ZONE */;

/*!40101 SET SQL_MODE=@OLD_SQL_MODE */;
/*!40014 SET FOREIGN_KEY_CHECKS=@OLD_FOREIGN_KEY_CHECKS */;
/*!40014 SET UNIQUE_CHECKS=@OLD_UNIQUE_CHECKS */;
/*!40101 SET CHARACTER_SET_CLIENT=@OLD_CHARACTER_SET_CLIENT */;
/*!40101 SET CHARACTER_SET_RESULTS=@OLD_CHARACTER_SET_RESULTS */;
/*!40101 SET COLLATION_CONNECTION=@OLD_COLLATION_CONNECTION */;
/*!40111 SET SQL_NOTES=@OLD_SQL_NOTES */;

-- Dump completed on 2026-05-13 15:33:35
